"","taphonomyValues","startAge","days"
"2",0.536831484534804,100,10
"3",0.548846135242289,100,10
"4",0.552361321062094,100,10
"5",0.522466910129448,100,10
"6",0.553323122952546,100,10
"7",0.557212264173507,100,10
"8",0.560053870772612,100,10
"9",0.530429948846145,100,10
"10",0.536464546517387,100,10
"11",0.543659766597135,100,10
"12",0.521703146503076,100,10
"13",0.569392389647226,100,10
"14",0.54379865708467,100,10
"15",0.54164317444702,100,10
"16",0.533542416788596,100,10
"17",0.548171874040834,100,10
"18",0.534797514886392,100,10
"19",0.553936636913486,100,10
"20",0.542329778692636,100,10
"21",0.538913898494923,100,10
"22",0.53252608774767,100,10
"23",0.56398885051617,100,10
"24",0.542215375832452,100,10
"25",0.568570644740759,100,10
"26",0.579696362009984,100,10
"27",0.557540510841837,100,10
"28",0.545943516684084,100,10
"29",0.566704512108851,100,10
"30",0.530583671591104,100,10
"31",0.540074126410508,100,10
"32",0.562129639808528,100,10
"33",0.527047176125566,100,10
"34",0.545185644390546,100,10
"35",0.58367451076666,100,10
"36",0.544176499138695,100,10
"37",0.549495925545556,100,10
"38",0.559591373763718,100,10
"39",0.534661123757291,100,10
"40",0.553689633052609,100,10
"41",0.520607268562104,100,10
"42",0.537743251113953,100,10
"43",0.544434674774188,100,10
"44",0.529690555887266,100,10
"45",0.550318500956235,100,10
"46",0.547329305873554,100,10
"47",0.561394378969814,100,10
"48",0.530486656628048,100,10
"49",0.53286874997919,100,10
"50",0.556902919846332,100,10
"51",0.531580518108674,100,10
"52",0.56603186676184,100,10
"53",0.553319562528978,100,10
"54",0.557885569662913,100,10
"55",0.540686212784571,100,10
"56",0.527901581413531,100,10
"57",0.536621091186242,100,10
"58",0.541380067516758,100,10
"59",0.535193951448393,100,10
"60",0.529855764670237,100,10
"61",0.541928574227995,100,10
"62",0.540386337139662,100,10
"63",0.519070641591758,100,10
"64",0.535399305639757,100,10
"65",0.564221864798763,100,10
"66",0.56197723690481,100,10
"67",0.554244214686806,100,10
"68",0.494274180932647,100,10
"69",0.522368886449932,100,10
"70",0.523171607172107,100,10
"71",0.566275114792958,100,10
"72",0.540967628600291,100,10
"73",0.536320894765882,100,10
"74",0.528821881442729,100,10
"75",0.536198651637857,100,10
"76",0.522164659521563,100,10
"77",0.510153690180982,100,10
"78",0.54867630295746,100,10
"79",0.532486960916713,100,10
"80",0.56874440136813,100,10
"81",0.5400410031832,100,10
"82",0.506262074156813,100,10
"83",0.52496210838642,100,10
"84",0.540884464350103,100,10
"85",0.540461979579749,100,10
"86",0.558364864412955,100,10
"87",0.537187569489342,100,10
"88",0.575469992547484,100,10
"89",0.547810852097535,100,10
"90",0.553692904899625,100,10
"91",0.543353432543855,100,10
"92",0.538007980530924,100,10
"93",0.503173315415734,100,10
"94",0.524899861317444,100,10
"95",0.546725828398154,100,10
"96",0.558206458464176,100,10
"97",0.544991109341652,100,10
"98",0.554505241066821,100,10
"99",0.542096282172711,100,10
"100",0.597763802366853,100,10
"101",0.523491414276781,100,10
"102",0.573408546432083,100,10
"103",0.549891448057571,100,10
"104",0.543291423101659,100,10
"105",0.550710925721692,100,10
"106",0.531966696620569,100,10
"107",0.557813749153891,100,10
"108",0.570135539233923,100,10
"109",0.538240290777819,100,10
"110",0.527045263688341,100,10
"111",0.548538451465346,100,10
"112",0.541281835348516,100,10
"113",0.512460677721424,100,10
"114",0.560085574605484,100,10
"115",0.562141136654391,100,10
"116",0.542319859840574,100,10
"117",0.566022533745215,100,10
"118",0.55773552325814,100,10
"119",0.518822820436453,100,10
"120",0.553345124337027,100,10
"121",0.561405426635208,100,10
"122",0.567430738891229,100,10
"123",0.514760729815861,100,10
"124",0.571486674366082,100,10
"125",0.580081666330225,100,10
"126",0.518973786957073,100,10
"127",0.578219500897559,100,10
"128",0.528369581406293,100,10
"129",0.517180711324014,100,10
"130",0.536594083015623,100,10
"131",0.541344092446556,100,10
"132",0.530102884128702,100,10
"133",0.550620359417768,100,10
"134",0.528055937107767,100,10
"135",0.546121897798447,100,10
"136",0.584378657767447,100,10
"137",0.530486758735441,100,10
"138",0.526265864001802,100,10
"139",0.544607376604768,100,10
"140",0.553845199805091,100,10
"141",0.548135633106654,100,10
"142",0.560648157550426,100,10
"143",0.536731792187961,100,10
"144",0.532762987484522,100,10
"145",0.54947511539978,100,10
"146",0.587520399178429,100,10
"147",0.577672141948142,100,10
"148",0.550141633880364,100,10
"149",0.551325600088125,100,10
"150",0.542994743230075,100,10
"151",0.56313816899463,100,10
"152",0.576764410574295,100,10
"153",0.530257873254925,100,10
"154",0.536939014631838,100,10
"155",0.528016299049527,100,10
"156",0.535501400644548,100,10
"157",0.549242949168554,100,10
"158",0.556004892317315,100,10
"159",0.557700593903715,100,10
"160",0.545857935521734,100,10
"161",0.556780077780755,100,10
"162",0.544863374276512,100,10
"163",0.539407847994497,100,10
"164",0.504633047782645,100,10
"165",0.519870900734104,100,10
"166",0.550909269646743,100,10
"167",0.537175882870437,100,10
"168",0.551862099544227,100,10
"169",0.528908465576645,100,10
"170",0.555734607822075,100,10
"171",0.570104559297224,100,10
"172",0.579210731704849,100,10
"173",0.545306954930234,100,10
"174",0.550382898717943,100,10
"175",0.52545917578727,100,10
"176",0.566311937271664,100,10
"177",0.523551718026868,100,10
"178",0.506962308697401,100,10
"179",0.503721928015419,100,10
"180",0.49926117342173,100,10
"181",0.52284568677478,100,10
"182",0.534363145489871,100,10
"183",0.562386325683415,100,10
"184",0.563296049918577,100,10
"185",0.552992615620839,100,10
"186",0.540645178974,100,10
"187",0.54161582114826,100,10
"188",0.554544234678073,100,10
"189",0.548813660607114,100,10
"190",0.549668503863095,100,10
"191",0.533257380632996,100,10
"192",0.542405519365781,100,10
"193",0.549559082234502,100,10
"194",0.521351531396754,100,10
"195",0.528416877448699,100,10
"196",0.548952471095127,100,10
"197",0.552517915763956,100,10
"198",0.555986225232759,100,10
"199",0.506369118887834,100,10
"200",0.533876023359157,100,10
"201",0.538817677606504,100,10
"202",0.548898702286763,100,10
"203",0.518555238901336,100,10
"204",0.55568935961207,100,10
"205",0.549076865328953,100,10
"206",0.543408823098304,100,10
"207",0.537463106966084,100,10
"208",0.528766929107792,100,10
"209",0.543582757231946,100,10
"210",0.554392617300032,100,10
"211",0.541178690300661,100,10
"212",0.525797959666203,100,10
"213",0.525312275192461,100,10
"214",0.539141037211085,100,10
"215",0.536396606371296,100,10
"216",0.53251018828643,100,10
"217",0.566006787084608,100,10
"218",0.570820964119058,100,10
"219",0.535444891574245,100,10
"220",0.517524281176817,100,10
"221",0.546039705805287,100,10
"222",0.527207165147051,100,10
"223",0.561108094880385,100,10
"224",0.541111309908011,100,10
"225",0.509304273713619,100,10
"226",0.554619685867415,100,10
"227",0.556675427547013,100,10
"228",0.549913285428001,100,10
"229",0.548328510988529,100,10
"230",0.53951910920138,100,10
"231",0.544821924319534,100,10
"232",0.567368648031051,100,10
"233",0.537376587270235,100,10
"234",0.549695357404063,100,10
"235",0.5469657986399,100,10
"236",0.546472169993027,100,10
"237",0.518512712445624,100,10
"238",0.537511635918139,100,10
"239",0.507384403513291,100,10
"240",0.537026595503777,100,10
"241",0.554346875776403,100,10
"242",0.547379840120121,100,10
"243",0.546872010788338,100,10
"244",0.52907046418513,100,10
"245",0.530317588837004,100,10
"246",0.550325227656705,100,10
"247",0.549657885557294,100,10
"248",0.534245555910908,100,10
"249",0.541206152259442,100,10
"250",0.529936141991886,100,10
"251",0.564522920461129,100,10
"252",0.535219375373832,100,10
"253",0.545509085311825,100,10
"254",0.562867124771658,100,10
"255",0.539159938242435,100,10
"256",0.5508391236047,100,10
"257",0.550886922186982,100,10
"258",0.531785438110334,100,10
"259",0.547552742511384,100,10
"260",0.54756346703263,100,10
"261",0.538250660329329,100,10
"262",0.543351932262659,100,10
"263",0.524616568230377,100,10
"264",0.543061634048503,100,10
"265",0.547215800725506,100,10
"266",0.599468086114275,100,10
"267",0.554387849923924,100,10
"268",0.534021893897156,100,10
"269",0.550642174885106,100,10
"270",0.520279475919567,100,10
"271",0.537305181241052,100,10
"272",0.560995360287899,100,10
"273",0.574453781253412,100,10
"274",0.547009548557249,100,10
"275",0.532144213687941,100,10
"276",0.558972054538984,100,10
"277",0.548395110616187,100,10
"278",0.538861286439153,100,10
"279",0.518047639214676,100,10
"280",0.565813026139134,100,10
"281",0.570253035017284,100,10
"282",0.558094099756392,100,10
"283",0.561451246593997,100,10
"284",0.53950369755207,100,10
"285",0.53960519079431,100,10
"286",0.531559231908493,100,10
"287",0.544283933337152,100,10
"288",0.565043358318942,100,10
"289",0.541417202228786,100,10
"290",0.561769775529353,100,10
"291",0.515029322839769,100,10
"292",0.570473442993115,100,10
"293",0.542991153127716,100,10
"294",0.549342762380863,100,10
"295",0.550417643227777,100,10
"296",0.561065242913464,100,10
"297",0.533237657479682,100,10
"298",0.528570658170425,100,10
"299",0.541558193827934,100,10
"300",0.543655058266258,100,10
"301",0.539148704258682,100,10
"302",0.562158999830907,100,10
"303",0.537776367901389,100,10
"304",0.555163175949641,100,10
"305",0.534289207343256,100,10
"306",0.522660431723577,100,10
"307",0.508530306831336,100,10
"308",0.566260746608238,100,10
"309",0.543738711376944,100,10
"310",0.546068527736335,100,10
"311",0.533205078510957,100,10
"312",0.535455040747959,100,10
"313",0.542934505317212,100,10
"314",0.557029741111805,100,10
"315",0.552801987626112,100,10
"316",0.540433752432742,100,10
"317",0.52577658993166,100,10
"318",0.542941268263157,100,10
"319",0.555991904211932,100,10
"320",0.534513603598102,100,10
"321",0.521951132195879,100,10
"322",0.539160200546471,100,10
"323",0.559420360568527,100,10
"324",0.555611303650383,100,10
"325",0.567048579347254,100,10
"326",0.558254874200131,100,10
"327",0.533144150389017,100,10
"328",0.559935243923571,100,10
"329",0.536080326876105,100,10
"330",0.551678497006014,100,10
"331",0.539275649860589,100,10
"332",0.518751865830139,100,10
"333",0.551051296592241,100,10
"334",0.559207348216349,100,10
"335",0.534948290769158,100,10
"336",0.534627736790435,100,10
"337",0.5259601399798,100,10
"338",0.524188649708622,100,10
"339",0.550148950887014,100,10
"340",0.53421747455928,100,10
"341",0.582002824771982,100,10
"342",0.539935087083328,100,10
"343",0.539160630743852,100,10
"344",0.534057098703903,100,10
"345",0.556751373590604,100,10
"346",0.544963847971179,100,10
"347",0.553949351142226,100,10
"348",0.559684366144123,100,10
"349",0.533298974390195,100,10
"350",0.561044907947025,100,10
"351",0.538999305844827,100,10
"352",0.572953017709602,100,10
"353",0.581935917641496,100,10
"354",0.538019055110295,100,10
"355",0.527711288704363,100,10
"356",0.531892037715127,100,10
"357",0.533619895875503,100,10
"358",0.549032990065012,100,10
"359",0.552137464575968,100,10
"360",0.543428454737421,100,10
"361",0.572542360004416,100,10
"362",0.553633510282716,100,10
"363",0.545561439668431,100,10
"364",0.548816973253844,100,10
"365",0.533812860250876,100,10
"366",0.513700748140969,100,10
"367",0.543980437672231,100,10
"368",0.541098857177941,100,10
"369",0.568096057441491,100,10
"370",0.542906053158232,100,10
"371",0.54499301357302,100,10
"372",0.551739881703947,100,10
"373",0.551792891218301,100,10
"374",0.53043853135072,100,10
"375",0.547966615053916,100,10
"376",0.556047852451196,100,10
"377",0.550677052190129,100,10
"378",0.562655076060514,100,10
"379",0.529100771895109,100,10
"380",0.553300480012542,100,10
"381",0.529953442905811,100,10
"382",0.492304681195926,100,10
"383",0.563081903686086,100,10
"384",0.537455306565555,100,10
"385",0.542299495044221,100,10
"386",0.523583519615755,100,10
"387",0.532959831506755,100,10
"388",0.555192588888285,100,10
"389",0.499467968221155,100,10
"390",0.519442148590684,100,10
"391",0.556675259143529,100,10
"392",0.559038280732584,100,10
"393",0.531555979688753,100,10
"394",0.554208436861068,100,10
"395",0.547456586281715,100,10
"396",0.533077057536007,100,10
"397",0.527921282948177,100,10
"398",0.525033157869616,100,10
"399",0.565953321634543,100,10
"400",0.546089259334649,100,10
"401",0.525464776652807,100,10
"402",0.557371117941789,100,10
"403",0.524706611382216,100,10
"404",0.527378865552312,100,10
"405",0.541240946243286,100,10
"406",0.545116216472305,100,10
"407",0.554797747318297,100,10
"408",0.556280568359667,100,10
"409",0.567878627658966,100,10
"410",0.549391927661639,100,10
"411",0.535294344802989,100,10
"412",0.552828744478702,100,10
"413",0.571338472978285,100,10
"414",0.544269920877783,100,10
"415",0.569804381618818,100,10
"416",0.555913782644032,100,10
"417",0.543893799908861,100,10
"418",0.543265087879198,100,10
"419",0.521236962250607,100,10
"420",0.547710950945625,100,10
"421",0.515232024682063,100,10
"422",0.552694750048227,100,10
"423",0.561936560474339,100,10
"424",0.563161157548814,100,10
"425",0.547406582890869,100,10
"426",0.551002056713538,100,10
"427",0.539632748171522,100,10
"428",0.538579863362515,100,10
"429",0.54178147898598,100,10
"430",0.561637363634911,100,10
"431",0.531353538366672,100,10
"432",0.545633618374405,100,10
"433",0.525139264548788,100,10
"434",0.577284148179007,100,10
"435",0.549246371148947,100,10
"436",0.521557601587231,100,10
"437",0.519688099781252,100,10
"438",0.548695881031672,100,10
"439",0.53717800492943,100,10
"440",0.548226307049262,100,10
"441",0.532915672256204,100,10
"442",0.547672112088849,100,10
"443",0.553572596304886,100,10
"444",0.561739880772964,100,10
"445",0.575036845142951,100,10
"446",0.559383780393095,100,10
"447",0.528414112555887,100,10
"448",0.532135790595267,100,10
"449",0.542779039170031,100,10
"450",0.533902111580313,100,10
"451",0.532151612239839,100,10
"452",0.542761519743448,100,10
"453",0.576920317599463,100,10
"454",0.559685599870842,100,10
"455",0.531757647129643,100,10
"456",0.55145381097246,100,10
"457",0.533655224621924,100,10
"458",0.547005946645132,100,10
"459",0.564957854275787,100,10
"460",0.532767831469057,100,10
"461",0.580204582369915,100,10
"462",0.549150399326071,100,10
"463",0.542979261072911,100,10
"464",0.535437411163594,100,10
"465",0.548091760429907,100,10
"466",0.568353352906255,100,10
"467",0.553863826062872,100,10
"468",0.550301773293172,100,10
"469",0.557511478926285,100,10
"470",0.541288133750684,100,10
"471",0.54991746460581,100,10
"472",0.539008008508005,100,10
"473",0.542133646263348,100,10
"474",0.530013360471501,100,10
"475",0.554715499494173,100,10
"476",0.515235676749987,100,10
"477",0.513542232029397,100,10
"478",0.518193119738855,100,10
"479",0.563496814717534,100,10
"480",0.575752449059823,100,10
"481",0.531869815373752,100,10
"482",0.532495888275711,100,10
"483",0.524222548505303,100,10
"484",0.518855462561789,100,10
"485",0.525662956602792,100,10
"486",0.55571813574745,100,10
"487",0.56174305004661,100,10
"488",0.546275860075717,100,10
"489",0.539059729511086,100,10
"490",0.531044706278279,100,10
"491",0.512316427244747,100,10
"492",0.575112438417422,100,10
"493",0.548608598748655,100,10
"494",0.554959052446576,100,10
"495",0.551371799265218,100,10
"496",0.520289183758364,100,10
"497",0.543042228665195,100,10
"498",0.532763300596585,100,10
"499",0.5577893109508,100,10
"500",0.558324721391898,100,10
"501",0.535604741391985,100,10
"502",0.680934064089136,600,60
"503",0.646507542623507,600,60
"504",0.709360702617476,600,60
"505",0.700743014616975,600,60
"506",0.693990704098886,600,60
"507",0.694450565709373,600,60
"508",0.672537451093567,600,60
"509",0.697877292428967,600,60
"510",0.689019006173341,600,60
"511",0.667663074417829,600,60
"512",0.700500189649589,600,60
"513",0.690582289411141,600,60
"514",0.711881023336335,600,60
"515",0.673299514133026,600,60
"516",0.673036235963831,600,60
"517",0.696724086171937,600,60
"518",0.669797670597022,600,60
"519",0.700983651656823,600,60
"520",0.70816795034205,600,60
"521",0.692108207803077,600,60
"522",0.706439989431861,600,60
"523",0.665116141979282,600,60
"524",0.691323865355093,600,60
"525",0.661846443555623,600,60
"526",0.672232788087263,600,60
"527",0.705239854983331,600,60
"528",0.703431747557596,600,60
"529",0.678186532119665,600,60
"530",0.676025703384161,600,60
"531",0.686767320433906,600,60
"532",0.685444213423503,600,60
"533",0.680788478076249,600,60
"534",0.66623331600418,600,60
"535",0.70515143528287,600,60
"536",0.699622714118205,600,60
"537",0.682242512844346,600,60
"538",0.708516534502745,600,60
"539",0.659853119361371,600,60
"540",0.684632781140839,600,60
"541",0.688362973341031,600,60
"542",0.706111350831621,600,60
"543",0.686359252632821,600,60
"544",0.674023709090788,600,60
"545",0.68653135332011,600,60
"546",0.677293253307875,600,60
"547",0.706975139954888,600,60
"548",0.690421947126039,600,60
"549",0.695103129859151,600,60
"550",0.64740986624195,600,60
"551",0.687740493866413,600,60
"552",0.661250015023724,600,60
"553",0.67479023641123,600,60
"554",0.690772803190664,600,60
"555",0.6824845519081,600,60
"556",0.65249336751043,600,60
"557",0.715244333588087,600,60
"558",0.688622624037674,600,60
"559",0.66760167685003,600,60
"560",0.682588768886929,600,60
"561",0.644754270871189,600,60
"562",0.680003670983416,600,60
"563",0.71836646130972,600,60
"564",0.69056235612893,600,60
"565",0.725165649506711,600,60
"566",0.713138855581229,600,60
"567",0.718499727740868,600,60
"568",0.675942356812711,600,60
"569",0.685807922759251,600,60
"570",0.696956924511197,600,60
"571",0.705375009333854,600,60
"572",0.69590746580192,600,60
"573",0.675984938699623,600,60
"574",0.688293800927459,600,60
"575",0.688652949953041,600,60
"576",0.696040740362984,600,60
"577",0.687234832458914,600,60
"578",0.667581724968218,600,60
"579",0.654932499518623,600,60
"580",0.694990977323589,600,60
"581",0.695094345392843,600,60
"582",0.676367185925005,600,60
"583",0.709905008159501,600,60
"584",0.687922458933903,600,60
"585",0.698947844952435,600,60
"586",0.69018708780909,600,60
"587",0.694017705522909,600,60
"588",0.679646705819759,600,60
"589",0.683221390527748,600,60
"590",0.698377441429968,600,60
"591",0.698701355365855,600,60
"592",0.656521357279516,600,60
"593",0.704172413209753,600,60
"594",0.696278313774403,600,60
"595",0.729890530638622,600,60
"596",0.647890297202249,600,60
"597",0.68316563934257,600,60
"598",0.681516336055007,600,60
"599",0.686096533296451,600,60
"600",0.622223384992834,600,60
"601",0.665105279597824,600,60
"602",0.63822869501867,600,60
"603",0.707924097593266,600,60
"604",0.66102717031809,600,60
"605",0.646968512002957,600,60
"606",0.722077987074725,600,60
"607",0.696626194024904,600,60
"608",0.700696175259951,600,60
"609",0.684713923789458,600,60
"610",0.700293913943303,600,60
"611",0.67721209349157,600,60
"612",0.674402380537608,600,60
"613",0.665285689043722,600,60
"614",0.712795849203211,600,60
"615",0.68797838796518,600,60
"616",0.660927992477967,600,60
"617",0.666457984754591,600,60
"618",0.633859837629035,600,60
"619",0.675289579530054,600,60
"620",0.677666391779321,600,60
"621",0.686235020853552,600,60
"622",0.69565896426787,600,60
"623",0.683826419672055,600,60
"624",0.690950555129256,600,60
"625",0.677535655865871,600,60
"626",0.703021598424701,600,60
"627",0.700720710863258,600,60
"628",0.689325345397386,600,60
"629",0.644870106173867,600,60
"630",0.656805803460899,600,60
"631",0.693962789493441,600,60
"632",0.679833414914871,600,60
"633",0.679911992971685,600,60
"634",0.680945618365583,600,60
"635",0.730723685260537,600,60
"636",0.690233160037211,600,60
"637",0.732792363345631,600,60
"638",0.697154990297389,600,60
"639",0.6991324107867,600,60
"640",0.71714182508176,600,60
"641",0.696083359591956,600,60
"642",0.699099810981065,600,60
"643",0.683269774105211,600,60
"644",0.650260306424782,600,60
"645",0.659411254845474,600,60
"646",0.728767602054483,600,60
"647",0.702507454674097,600,60
"648",0.695904310928824,600,60
"649",0.681462393526404,600,60
"650",0.694915856422333,600,60
"651",0.698776053905883,600,60
"652",0.726314966489499,600,60
"653",0.688928116524488,600,60
"654",0.69622529630675,600,60
"655",0.698247292604973,600,60
"656",0.688707499225256,600,60
"657",0.688012416559904,600,60
"658",0.696120087473438,600,60
"659",0.675218429852953,600,60
"660",0.711422048438036,600,60
"661",0.676776495026282,600,60
"662",0.676859776593387,600,60
"663",0.715747729354779,600,60
"664",0.684351063879909,600,60
"665",0.6694211091613,600,60
"666",0.687145909289737,600,60
"667",0.652503788016893,600,60
"668",0.715648426517124,600,60
"669",0.660941716879732,600,60
"670",0.689089636073612,600,60
"671",0.696995500767571,600,60
"672",0.698161006783507,600,60
"673",0.700842953709397,600,60
"674",0.71694499574607,600,60
"675",0.68608221375237,600,60
"676",0.673113403763493,600,60
"677",0.702096941400111,600,60
"678",0.683613898149967,600,60
"679",0.675714613000529,600,60
"680",0.688708451245341,600,60
"681",0.679165457316338,600,60
"682",0.682985885972583,600,60
"683",0.708864442357465,600,60
"684",0.712394847093971,600,60
"685",0.665377101320524,600,60
"686",0.704542632450939,600,60
"687",0.700688965046804,600,60
"688",0.682158895456588,600,60
"689",0.706829806498045,600,60
"690",0.701058776549181,600,60
"691",0.625653218054637,600,60
"692",0.687294184559446,600,60
"693",0.69075307348129,600,60
"694",0.691723110088958,600,60
"695",0.662370347798175,600,60
"696",0.692430681321194,600,60
"697",0.68098955233889,600,60
"698",0.700967200957056,600,60
"699",0.655687004411906,600,60
"700",0.707856676862364,600,60
"701",0.682736204503689,600,60
"702",0.71105733326295,600,60
"703",0.639839934260629,600,60
"704",0.659405758670498,600,60
"705",0.682896252848611,600,60
"706",0.687860922166293,600,60
"707",0.693110399986576,600,60
"708",0.696472512507822,600,60
"709",0.673462651686197,600,60
"710",0.690257870729813,600,60
"711",0.686773881309809,600,60
"712",0.663758519008086,600,60
"713",0.703345075022298,600,60
"714",0.683141799578388,600,60
"715",0.674102241866892,600,60
"716",0.683769970851408,600,60
"717",0.665919511330617,600,60
"718",0.698498605439988,600,60
"719",0.688715478297442,600,60
"720",0.665568061833407,600,60
"721",0.690174617485544,600,60
"722",0.691942980854163,600,60
"723",0.711295217575823,600,60
"724",0.665098585563124,600,60
"725",0.653381245431816,600,60
"726",0.678201939458179,600,60
"727",0.683053477397306,600,60
"728",0.676933170233149,600,60
"729",0.690486342336282,600,60
"730",0.709889265889904,600,60
"731",0.678663044172412,600,60
"732",0.684037978720854,600,60
"733",0.687973246452161,600,60
"734",0.685216594733795,600,60
"735",0.677703242567445,600,60
"736",0.689143417953169,600,60
"737",0.675154049846757,600,60
"738",0.654479218587699,600,60
"739",0.664477953328971,600,60
"740",0.684521427930657,600,60
"741",0.687768242082209,600,60
"742",0.698363173378315,600,60
"743",0.732062067835938,600,60
"744",0.717277395113509,600,60
"745",0.66974947606409,600,60
"746",0.711680650060667,600,60
"747",0.723420809690916,600,60
"748",0.689993518285782,600,60
"749",0.697190560532847,600,60
"750",0.674207222653991,600,60
"751",0.695197512386741,600,60
"752",0.693247950429682,600,60
"753",0.707187806637286,600,60
"754",0.695113448294841,600,60
"755",0.6896074259424,600,60
"756",0.701114156071229,600,60
"757",0.696228911990757,600,60
"758",0.645093954327259,600,60
"759",0.664434748334828,600,60
"760",0.672890238659458,600,60
"761",0.667765685059055,600,60
"762",0.714820074969328,600,60
"763",0.716377412017247,600,60
"764",0.677979232225396,600,60
"765",0.703487709584432,600,60
"766",0.705638542400147,600,60
"767",0.699365331577658,600,60
"768",0.680814930530794,600,60
"769",0.684218276927922,600,60
"770",0.698122965537921,600,60
"771",0.679862813311224,600,60
"772",0.684501758125898,600,60
"773",0.686201124771168,600,60
"774",0.710827392810096,600,60
"775",0.678552456237215,600,60
"776",0.687709321049478,600,60
"777",0.708415229619499,600,60
"778",0.639306440922739,600,60
"779",0.699346025269191,600,60
"780",0.715467478327461,600,60
"781",0.639116082138049,600,60
"782",0.681950675118932,600,60
"783",0.713846040164648,600,60
"784",0.689523359543304,600,60
"785",0.689140735200074,600,60
"786",0.68763788339234,600,60
"787",0.695656931638114,600,60
"788",0.724541880005863,600,60
"789",0.688275641870144,600,60
"790",0.691515248159127,600,60
"791",0.680387149211146,600,60
"792",0.676625051034781,600,60
"793",0.703017694574819,600,60
"794",0.694132952779615,600,60
"795",0.683111984490632,600,60
"796",0.700794380404919,600,60
"797",0.678008936803454,600,60
"798",0.664152071191236,600,60
"799",0.652757152704351,600,60
"800",0.67404834572814,600,60
"801",0.70252781587285,600,60
"802",0.695130050650224,600,60
"803",0.649218489054159,600,60
"804",0.670213686197441,600,60
"805",0.66700612978943,600,60
"806",0.681670665166323,600,60
"807",0.659449627759809,600,60
"808",0.684539139970722,600,60
"809",0.69451470389063,600,60
"810",0.683328003609448,600,60
"811",0.697855651319236,600,60
"812",0.696118682262669,600,60
"813",0.661296489347521,600,60
"814",0.705478641660859,600,60
"815",0.698578271239967,600,60
"816",0.665504128098826,600,60
"817",0.675065224634679,600,60
"818",0.665181077256065,600,60
"819",0.687591901118351,600,60
"820",0.667186647057375,600,60
"821",0.682594835559111,600,60
"822",0.682299583552593,600,60
"823",0.710315623335366,600,60
"824",0.712938113855845,600,60
"825",0.684856142245303,600,60
"826",0.704079333268766,600,60
"827",0.673675303899629,600,60
"828",0.700509727507678,600,60
"829",0.709918424693685,600,60
"830",0.674227115087456,600,60
"831",0.681364848416873,600,60
"832",0.706975319117774,600,60
"833",0.69327467901215,600,60
"834",0.706409839700991,600,60
"835",0.680249706081453,600,60
"836",0.687503173969883,600,60
"837",0.702069743142778,600,60
"838",0.700440204540086,600,60
"839",0.686414726888723,600,60
"840",0.689095301405519,600,60
"841",0.711723584653454,600,60
"842",0.67541636386128,600,60
"843",0.677691767035383,600,60
"844",0.718964369821351,600,60
"845",0.697136178255332,600,60
"846",0.708930194584807,600,60
"847",0.697577068398922,600,60
"848",0.683250665122068,600,60
"849",0.644863008378418,600,60
"850",0.671775981059479,600,60
"851",0.679430599280307,600,60
"852",0.688686596869416,600,60
"853",0.700285614540454,600,60
"854",0.665882524813145,600,60
"855",0.731364264813021,600,60
"856",0.65724278375468,600,60
"857",0.710733062827357,600,60
"858",0.693035479614432,600,60
"859",0.697836942917842,600,60
"860",0.696488088598303,600,60
"861",0.676252152609498,600,60
"862",0.672654592369561,600,60
"863",0.660868170896324,600,60
"864",0.654240219549958,600,60
"865",0.685610089534613,600,60
"866",0.651183212223197,600,60
"867",0.6818642847286,600,60
"868",0.71553918808386,600,60
"869",0.693489187066483,600,60
"870",0.643340046850777,600,60
"871",0.684478216768213,600,60
"872",0.688641491645441,600,60
"873",0.703899280267421,600,60
"874",0.702540165941938,600,60
"875",0.705462577453235,600,60
"876",0.668787454140172,600,60
"877",0.695541046109426,600,60
"878",0.668184798939951,600,60
"879",0.666106049446159,600,60
"880",0.693583303259636,600,60
"881",0.684600605018311,600,60
"882",0.665934691276763,600,60
"883",0.726453986353141,600,60
"884",0.698003009187559,600,60
"885",0.67654005526993,600,60
"886",0.668653281333265,600,60
"887",0.728631154885607,600,60
"888",0.690190370244242,600,60
"889",0.667623243399809,600,60
"890",0.691592651424701,600,60
"891",0.692468727772175,600,60
"892",0.700505723213751,600,60
"893",0.711006230925966,600,60
"894",0.687397530869368,600,60
"895",0.695535439667017,600,60
"896",0.685889437229927,600,60
"897",0.667854367615233,600,60
"898",0.668406633503593,600,60
"899",0.654670627356112,600,60
"900",0.688566776277454,600,60
"901",0.71521074548626,600,60
"902",0.674682306460903,600,60
"903",0.685608570116448,600,60
"904",0.717646760419118,600,60
"905",0.702925925882787,600,60
"906",0.702597722587385,600,60
"907",0.70005952914517,600,60
"908",0.676983055271056,600,60
"909",0.66374676339135,600,60
"910",0.642664141048729,600,60
"911",0.695021706990049,600,60
"912",0.70525540995116,600,60
"913",0.664781689198105,600,60
"914",0.680403935386951,600,60
"915",0.657188967195137,600,60
"916",0.708367143496754,600,60
"917",0.693460447511493,600,60
"918",0.671767779870538,600,60
"919",0.688966880961593,600,60
"920",0.680717170186969,600,60
"921",0.717915556652723,600,60
"922",0.657026956333332,600,60
"923",0.683926952183367,600,60
"924",0.681898915393954,600,60
"925",0.693973812384443,600,60
"926",0.668468950927663,600,60
"927",0.688869107640872,600,60
"928",0.719794632606813,600,60
"929",0.674149580173378,600,60
"930",0.670898834386426,600,60
"931",0.708337454517982,600,60
"932",0.677299460082608,600,60
"933",0.704935142530394,600,60
"934",0.647054089741211,600,60
"935",0.693053426499037,600,60
"936",0.696509839894359,600,60
"937",0.700407017381868,600,60
"938",0.68149481078641,600,60
"939",0.688649559460031,600,60
"940",0.667964577408229,600,60
"941",0.675829317896629,600,60
"942",0.665362066407275,600,60
"943",0.637870288658994,600,60
"944",0.696114725943043,600,60
"945",0.678182203588979,600,60
"946",0.663545130496393,600,60
"947",0.706093378120798,600,60
"948",0.711810625548137,600,60
"949",0.694741437639573,600,60
"950",0.700797941127022,600,60
"951",0.697365341999684,600,60
"952",0.653326051407473,600,60
"953",0.680726069788001,600,60
"954",0.671019371647292,600,60
"955",0.683459819998332,600,60
"956",0.693891923453412,600,60
"957",0.655075535958569,600,60
"958",0.649228633481724,600,60
"959",0.669527780252055,600,60
"960",0.719215302132276,600,60
"961",0.695463988465213,600,60
"962",0.703097829214204,600,60
"963",0.685546660901223,600,60
"964",0.689019402488855,600,60
"965",0.685362660168748,600,60
"966",0.655724125529194,600,60
"967",0.688037892189757,600,60
"968",0.670618877678819,600,60
"969",0.65803963907101,600,60
"970",0.712311479371105,600,60
"971",0.673564816175732,600,60
"972",0.665407533750333,600,60
"973",0.657862721699897,600,60
"974",0.709504198367639,600,60
"975",0.676614399904549,600,60
"976",0.685877431220991,600,60
"977",0.691188403065134,600,60
"978",0.728386347230988,600,60
"979",0.686437673943697,600,60
"980",0.694600377014414,600,60
"981",0.700352076567367,600,60
"982",0.66377274677713,600,60
"983",0.693693956653659,600,60
"984",0.714725947789126,600,60
"985",0.636298642021329,600,60
"986",0.680860678463961,600,60
"987",0.666092425497824,600,60
"988",0.688805257337789,600,60
"989",0.70078062116727,600,60
"990",0.711278196792265,600,60
"991",0.657891359784361,600,60
"992",0.725309466471719,600,60
"993",0.667203137265082,600,60
"994",0.712622995237472,600,60
"995",0.693356534068406,600,60
"996",0.725116543036015,600,60
"997",0.681621897872476,600,60
"998",0.691045309717124,600,60
"999",0.671925511544766,600,60
"1000",0.638580362137133,600,60
"1001",0.697669387203135,600,60
"1002",0.77886757252177,1100,110
"1003",0.791907840238568,1100,110
"1004",0.74213313894894,1100,110
"1005",0.761489343604911,1100,110
"1006",0.780699403583293,1100,110
"1007",0.749993612460767,1100,110
"1008",0.75107638081744,1100,110
"1009",0.79049919492794,1100,110
"1010",0.761493206530313,1100,110
"1011",0.777046144466528,1100,110
"1012",0.772354209817583,1100,110
"1013",0.774285137012183,1100,110
"1014",0.762777657209449,1100,110
"1015",0.716283560232267,1100,110
"1016",0.780755965019979,1100,110
"1017",0.746835815079947,1100,110
"1018",0.793668991811876,1100,110
"1019",0.780512490357004,1100,110
"1020",0.737549674456797,1100,110
"1021",0.756415182583781,1100,110
"1022",0.75518566073293,1100,110
"1023",0.772219813700988,1100,110
"1024",0.760912897303936,1100,110
"1025",0.727805799537486,1100,110
"1026",0.701731443673451,1100,110
"1027",0.783392539165902,1100,110
"1028",0.732534860345601,1100,110
"1029",0.748917722928212,1100,110
"1030",0.733329036367381,1100,110
"1031",0.737958624515045,1100,110
"1032",0.79147020122032,1100,110
"1033",0.731682567585232,1100,110
"1034",0.767642360171876,1100,110
"1035",0.773126688397452,1100,110
"1036",0.7523565375673,1100,110
"1037",0.747058290241761,1100,110
"1038",0.745265218561161,1100,110
"1039",0.755142900414219,1100,110
"1040",0.719849508239559,1100,110
"1041",0.757928995891578,1100,110
"1042",0.778086877060024,1100,110
"1043",0.786084919095693,1100,110
"1044",0.760650095377079,1100,110
"1045",0.745184922708128,1100,110
"1046",0.787875801893387,1100,110
"1047",0.742900184302113,1100,110
"1048",0.733858324713377,1100,110
"1049",0.741584323219349,1100,110
"1050",0.762595856705372,1100,110
"1051",0.768655146337367,1100,110
"1052",0.764262565999026,1100,110
"1053",0.751698250423107,1100,110
"1054",0.742794258623083,1100,110
"1055",0.755613214694227,1100,110
"1056",0.749547076492424,1100,110
"1057",0.766529362814695,1100,110
"1058",0.765153256591488,1100,110
"1059",0.76190226892826,1100,110
"1060",0.743674672035771,1100,110
"1061",0.761196593258727,1100,110
"1062",0.75212007040783,1100,110
"1063",0.782354638629969,1100,110
"1064",0.767429030158198,1100,110
"1065",0.727615889131389,1100,110
"1066",0.747500120740129,1100,110
"1067",0.753071519903088,1100,110
"1068",0.789659335043173,1100,110
"1069",0.758752487702111,1100,110
"1070",0.762696233409578,1100,110
"1071",0.748080227990864,1100,110
"1072",0.714955939228265,1100,110
"1073",0.770694088466138,1100,110
"1074",0.753253195620223,1100,110
"1075",0.782753747575641,1100,110
"1076",0.776382208421464,1100,110
"1077",0.791052036903087,1100,110
"1078",0.792168061968702,1100,110
"1079",0.772658468193497,1100,110
"1080",0.74373410387284,1100,110
"1081",0.804657646256392,1100,110
"1082",0.767708908464902,1100,110
"1083",0.743922160347395,1100,110
"1084",0.75675126059579,1100,110
"1085",0.721597721750856,1100,110
"1086",0.761325978222081,1100,110
"1087",0.745078805570404,1100,110
"1088",0.796957175715292,1100,110
"1089",0.768516238359444,1100,110
"1090",0.779062599952332,1100,110
"1091",0.749779865241206,1100,110
"1092",0.728362069018762,1100,110
"1093",0.753698665171117,1100,110
"1094",0.767022422037052,1100,110
"1095",0.741561184621857,1100,110
"1096",0.771021145180482,1100,110
"1097",0.753357097724842,1100,110
"1098",0.755727464520965,1100,110
"1099",0.747019985727734,1100,110
"1100",0.769130213890679,1100,110
"1101",0.738290068230513,1100,110
"1102",0.754556141028127,1100,110
"1103",0.77491633946076,1100,110
"1104",0.771761518475162,1100,110
"1105",0.75947343857048,1100,110
"1106",0.772994140018572,1100,110
"1107",0.769772452924475,1100,110
"1108",0.762603064568263,1100,110
"1109",0.750210363288048,1100,110
"1110",0.775288182083686,1100,110
"1111",0.774128612327444,1100,110
"1112",0.742533551480758,1100,110
"1113",0.776459157919855,1100,110
"1114",0.755829175290238,1100,110
"1115",0.746875798432802,1100,110
"1116",0.7489569357023,1100,110
"1117",0.787456613196607,1100,110
"1118",0.749673121480511,1100,110
"1119",0.755388634891247,1100,110
"1120",0.748176450889316,1100,110
"1121",0.756254660484421,1100,110
"1122",0.770304726009038,1100,110
"1123",0.756668468043369,1100,110
"1124",0.761466019607821,1100,110
"1125",0.749575714402159,1100,110
"1126",0.758356405350541,1100,110
"1127",0.733969673432569,1100,110
"1128",0.763309491541313,1100,110
"1129",0.798986432804497,1100,110
"1130",0.726222054801864,1100,110
"1131",0.766234975431872,1100,110
"1132",0.759174413716193,1100,110
"1133",0.759551096549482,1100,110
"1134",0.746250520801247,1100,110
"1135",0.761383563902837,1100,110
"1136",0.778385532503643,1100,110
"1137",0.764554249109293,1100,110
"1138",0.744159300477653,1100,110
"1139",0.766417455964982,1100,110
"1140",0.763384071396789,1100,110
"1141",0.741666738175529,1100,110
"1142",0.763463244325229,1100,110
"1143",0.758847879321784,1100,110
"1144",0.763022598427168,1100,110
"1145",0.759576949584683,1100,110
"1146",0.747459584572613,1100,110
"1147",0.75313077926545,1100,110
"1148",0.748982046826703,1100,110
"1149",0.755717217780619,1100,110
"1150",0.737638798301954,1100,110
"1151",0.797478264274126,1100,110
"1152",0.7709037336677,1100,110
"1153",0.764940539185739,1100,110
"1154",0.774647591583977,1100,110
"1155",0.748335857927418,1100,110
"1156",0.778609647867066,1100,110
"1157",0.768863821620985,1100,110
"1158",0.754562338309429,1100,110
"1159",0.769216966912072,1100,110
"1160",0.771432396026825,1100,110
"1161",0.780435075964524,1100,110
"1162",0.779721616505652,1100,110
"1163",0.783462838405735,1100,110
"1164",0.801363966615824,1100,110
"1165",0.73166901729908,1100,110
"1166",0.757044696806175,1100,110
"1167",0.76375780936202,1100,110
"1168",0.763328627185364,1100,110
"1169",0.771005397789789,1100,110
"1170",0.749064429590016,1100,110
"1171",0.745244691990491,1100,110
"1172",0.766219484669192,1100,110
"1173",0.752284519351139,1100,110
"1174",0.759705388587351,1100,110
"1175",0.767069051034023,1100,110
"1176",0.763302460867862,1100,110
"1177",0.717847845824523,1100,110
"1178",0.795117840334084,1100,110
"1179",0.739928563153575,1100,110
"1180",0.742821712330049,1100,110
"1181",0.755378540238428,1100,110
"1182",0.777850341345276,1100,110
"1183",0.760142884450111,1100,110
"1184",0.720052248409919,1100,110
"1185",0.743650840865311,1100,110
"1186",0.734648460990369,1100,110
"1187",0.770861726992348,1100,110
"1188",0.740848811800964,1100,110
"1189",0.770721390089572,1100,110
"1190",0.782156578238973,1100,110
"1191",0.778443108452087,1100,110
"1192",0.768620490392345,1100,110
"1193",0.740280886402236,1100,110
"1194",0.792375153014314,1100,110
"1195",0.762555725518545,1100,110
"1196",0.746594108772349,1100,110
"1197",0.754040309862612,1100,110
"1198",0.776189948859488,1100,110
"1199",0.751293702809712,1100,110
"1200",0.765749502179558,1100,110
"1201",0.768110679420238,1100,110
"1202",0.7401521916489,1100,110
"1203",0.763957953674822,1100,110
"1204",0.774317481785814,1100,110
"1205",0.779376926431231,1100,110
"1206",0.7714504475765,1100,110
"1207",0.771057339533754,1100,110
"1208",0.726407711028164,1100,110
"1209",0.770061904477468,1100,110
"1210",0.77441600529927,1100,110
"1211",0.735930575252217,1100,110
"1212",0.765037484673054,1100,110
"1213",0.76305916173914,1100,110
"1214",0.776581459336514,1100,110
"1215",0.735769828356122,1100,110
"1216",0.784239474100977,1100,110
"1217",0.780781372605301,1100,110
"1218",0.77960067006882,1100,110
"1219",0.764906078880618,1100,110
"1220",0.764766010116985,1100,110
"1221",0.774810618270582,1100,110
"1222",0.758381490650057,1100,110
"1223",0.773196552050902,1100,110
"1224",0.716239280690536,1100,110
"1225",0.777729182488748,1100,110
"1226",0.766160701723372,1100,110
"1227",0.746168993019902,1100,110
"1228",0.758306682408673,1100,110
"1229",0.752932487164786,1100,110
"1230",0.74014748827658,1100,110
"1231",0.758958742684658,1100,110
"1232",0.799625438613986,1100,110
"1233",0.746214908108466,1100,110
"1234",0.789725940556023,1100,110
"1235",0.759560741610472,1100,110
"1236",0.743051503206175,1100,110
"1237",0.746621747358262,1100,110
"1238",0.734620011104534,1100,110
"1239",0.752289366049271,1100,110
"1240",0.755109349671169,1100,110
"1241",0.746344909545633,1100,110
"1242",0.769800236349437,1100,110
"1243",0.758225644839099,1100,110
"1244",0.761488532557479,1100,110
"1245",0.757611625648484,1100,110
"1246",0.750949812439019,1100,110
"1247",0.758495636278483,1100,110
"1248",0.754029752512843,1100,110
"1249",0.754512068782466,1100,110
"1250",0.763079373766008,1100,110
"1251",0.74571165449763,1100,110
"1252",0.742583970865624,1100,110
"1253",0.75517936892786,1100,110
"1254",0.755325669044834,1100,110
"1255",0.767312817013927,1100,110
"1256",0.787082514809084,1100,110
"1257",0.778151222420362,1100,110
"1258",0.764568895905926,1100,110
"1259",0.773843015039526,1100,110
"1260",0.773755728811771,1100,110
"1261",0.762479276440469,1100,110
"1262",0.77733218982089,1100,110
"1263",0.783414135509981,1100,110
"1264",0.766986198308122,1100,110
"1265",0.750945012830049,1100,110
"1266",0.778956967046923,1100,110
"1267",0.760602064113873,1100,110
"1268",0.740877780918921,1100,110
"1269",0.738460437992396,1100,110
"1270",0.749409398663123,1100,110
"1271",0.741881122024462,1100,110
"1272",0.753318347945553,1100,110
"1273",0.7464115776928,1100,110
"1274",0.765299760381023,1100,110
"1275",0.750200634267527,1100,110
"1276",0.746530723824301,1100,110
"1277",0.762453260390254,1100,110
"1278",0.787145876280102,1100,110
"1279",0.767124693189218,1100,110
"1280",0.735686467911568,1100,110
"1281",0.775738353382869,1100,110
"1282",0.751548809439809,1100,110
"1283",0.741618219964098,1100,110
"1284",0.741383808143441,1100,110
"1285",0.782921869529813,1100,110
"1286",0.761785130816457,1100,110
"1287",0.735831427672287,1100,110
"1288",0.749210777700728,1100,110
"1289",0.747120553083336,1100,110
"1290",0.748322125994101,1100,110
"1291",0.74060706486848,1100,110
"1292",0.761531987602173,1100,110
"1293",0.75972934300214,1100,110
"1294",0.756970695093029,1100,110
"1295",0.783180314646632,1100,110
"1296",0.774615399820524,1100,110
"1297",0.784615321775286,1100,110
"1298",0.764776005353428,1100,110
"1299",0.753512645560426,1100,110
"1300",0.742565726685592,1100,110
"1301",0.733637861439716,1100,110
"1302",0.759444433475623,1100,110
"1303",0.780697543479746,1100,110
"1304",0.780352951078496,1100,110
"1305",0.765933209825386,1100,110
"1306",0.765280429176679,1100,110
"1307",0.773370628313422,1100,110
"1308",0.763467103676622,1100,110
"1309",0.789644353904812,1100,110
"1310",0.770606100392906,1100,110
"1311",0.771659568622221,1100,110
"1312",0.735050348188909,1100,110
"1313",0.743848927861067,1100,110
"1314",0.77678068002712,1100,110
"1315",0.763130369412309,1100,110
"1316",0.746903437676275,1100,110
"1317",0.76143517356776,1100,110
"1318",0.770055636876019,1100,110
"1319",0.777239979750036,1100,110
"1320",0.794860458269453,1100,110
"1321",0.746368778905001,1100,110
"1322",0.769950610422161,1100,110
"1323",0.763235952464135,1100,110
"1324",0.769549240336811,1100,110
"1325",0.79329199501165,1100,110
"1326",0.72763145485614,1100,110
"1327",0.770466892726392,1100,110
"1328",0.782810618690766,1100,110
"1329",0.80103699967644,1100,110
"1330",0.747779302333367,1100,110
"1331",0.786052770691931,1100,110
"1332",0.773525863256899,1100,110
"1333",0.784899391869509,1100,110
"1334",0.760462473856301,1100,110
"1335",0.790454352203853,1100,110
"1336",0.769043587995644,1100,110
"1337",0.747907261957907,1100,110
"1338",0.749946144008226,1100,110
"1339",0.762950287265946,1100,110
"1340",0.764915799334398,1100,110
"1341",0.737052475884349,1100,110
"1342",0.738211117003558,1100,110
"1343",0.751684113151945,1100,110
"1344",0.75545850900515,1100,110
"1345",0.733814413504339,1100,110
"1346",0.777880440570379,1100,110
"1347",0.796912837137337,1100,110
"1348",0.752287512805656,1100,110
"1349",0.783156032449075,1100,110
"1350",0.784362969986251,1100,110
"1351",0.791096491505885,1100,110
"1352",0.745682745328855,1100,110
"1353",0.751450590171554,1100,110
"1354",0.754151740930371,1100,110
"1355",0.764730106737525,1100,110
"1356",0.776143072661534,1100,110
"1357",0.747338197525843,1100,110
"1358",0.770415436206311,1100,110
"1359",0.756129726922473,1100,110
"1360",0.787569729845745,1100,110
"1361",0.781772096687093,1100,110
"1362",0.735476145528103,1100,110
"1363",0.75566938893369,1100,110
"1364",0.777185210406419,1100,110
"1365",0.722389359958799,1100,110
"1366",0.721774943230538,1100,110
"1367",0.776816436299675,1100,110
"1368",0.719994721240837,1100,110
"1369",0.752871967326873,1100,110
"1370",0.755721836816553,1100,110
"1371",0.777325982935939,1100,110
"1372",0.760772419142808,1100,110
"1373",0.783633319072389,1100,110
"1374",0.77392389346561,1100,110
"1375",0.786905753427026,1100,110
"1376",0.738125821108872,1100,110
"1377",0.789453953530086,1100,110
"1378",0.762456093176308,1100,110
"1379",0.735468427589913,1100,110
"1380",0.76587286909331,1100,110
"1381",0.73127790633176,1100,110
"1382",0.745690965418213,1100,110
"1383",0.747471693732758,1100,110
"1384",0.79043945389656,1100,110
"1385",0.785032124262603,1100,110
"1386",0.763855178708232,1100,110
"1387",0.754544821136583,1100,110
"1388",0.731039795108713,1100,110
"1389",0.766079988139351,1100,110
"1390",0.793935182332084,1100,110
"1391",0.751725386245287,1100,110
"1392",0.770731901234415,1100,110
"1393",0.776836462722489,1100,110
"1394",0.762706676495195,1100,110
"1395",0.750323374200595,1100,110
"1396",0.732246994092033,1100,110
"1397",0.787403096611852,1100,110
"1398",0.769594401585487,1100,110
"1399",0.743418541396809,1100,110
"1400",0.75763859618028,1100,110
"1401",0.811543061248737,1100,110
"1402",0.762122440110852,1100,110
"1403",0.767693899722751,1100,110
"1404",0.790477000877455,1100,110
"1405",0.756603395168263,1100,110
"1406",0.750321637623177,1100,110
"1407",0.755511129874762,1100,110
"1408",0.74913334169296,1100,110
"1409",0.796166194488634,1100,110
"1410",0.747052931331647,1100,110
"1411",0.752568700349143,1100,110
"1412",0.78549509567638,1100,110
"1413",0.777251788351071,1100,110
"1414",0.792466256829024,1100,110
"1415",0.739857109240089,1100,110
"1416",0.777920369052989,1100,110
"1417",0.760029501171223,1100,110
"1418",0.728778853494193,1100,110
"1419",0.748740553117673,1100,110
"1420",0.764589090440586,1100,110
"1421",0.728941313025035,1100,110
"1422",0.79377376760581,1100,110
"1423",0.768546786988178,1100,110
"1424",0.767464084066384,1100,110
"1425",0.768276317336116,1100,110
"1426",0.713633627566367,1100,110
"1427",0.77187281013479,1100,110
"1428",0.758549277302748,1100,110
"1429",0.775733960836395,1100,110
"1430",0.762379195246256,1100,110
"1431",0.763067243247948,1100,110
"1432",0.767115802187914,1100,110
"1433",0.743891564336793,1100,110
"1434",0.756415408230876,1100,110
"1435",0.74613290789046,1100,110
"1436",0.738255924802591,1100,110
"1437",0.770910635662542,1100,110
"1438",0.762799785800803,1100,110
"1439",0.786860661958513,1100,110
"1440",0.750676531613858,1100,110
"1441",0.724096466413609,1100,110
"1442",0.736470554929323,1100,110
"1443",0.780161402323712,1100,110
"1444",0.768121741489159,1100,110
"1445",0.747976364790472,1100,110
"1446",0.778327884150478,1100,110
"1447",0.782655294780862,1100,110
"1448",0.760365539925362,1100,110
"1449",0.764740306229422,1100,110
"1450",0.809699988638236,1100,110
"1451",0.779042613931363,1100,110
"1452",0.714919693690652,1100,110
"1453",0.731591152417295,1100,110
"1454",0.765841657073565,1100,110
"1455",0.754516876067152,1100,110
"1456",0.768942248178439,1100,110
"1457",0.772994674140135,1100,110
"1458",0.754404585800599,1100,110
"1459",0.773147539038953,1100,110
"1460",0.78140834128483,1100,110
"1461",0.769302658595478,1100,110
"1462",0.788414348631561,1100,110
"1463",0.750656245004144,1100,110
"1464",0.765853558510204,1100,110
"1465",0.77146717326074,1100,110
"1466",0.747451845937017,1100,110
"1467",0.773424384588448,1100,110
"1468",0.734517295227345,1100,110
"1469",0.767460113909163,1100,110
"1470",0.77794174488517,1100,110
"1471",0.768693340628167,1100,110
"1472",0.761140436235135,1100,110
"1473",0.756154021590369,1100,110
"1474",0.768572279650753,1100,110
"1475",0.769737267997987,1100,110
"1476",0.765308975286731,1100,110
"1477",0.761220216058109,1100,110
"1478",0.803751569195326,1100,110
"1479",0.763152679571696,1100,110
"1480",0.739650283913774,1100,110
"1481",0.771630624985729,1100,110
"1482",0.785057468210776,1100,110
"1483",0.743211022753278,1100,110
"1484",0.739289748281183,1100,110
"1485",0.744605086156188,1100,110
"1486",0.763331050582667,1100,110
"1487",0.754483498238989,1100,110
"1488",0.773942211566446,1100,110
"1489",0.773951677119855,1100,110
"1490",0.776730157784169,1100,110
"1491",0.763039479592896,1100,110
"1492",0.754807715492037,1100,110
"1493",0.746760466476352,1100,110
"1494",0.742929897074979,1100,110
"1495",0.740352492130458,1100,110
"1496",0.710905541107501,1100,110
"1497",0.743161356757653,1100,110
"1498",0.75762299214615,1100,110
"1499",0.772728478857555,1100,110
"1500",0.720718153529383,1100,110
"1501",0.766570294299116,1100,110
"1502",0.810274170686404,1600,160
"1503",0.819865599040407,1600,160
"1504",0.808273723323526,1600,160
"1505",0.778363518380418,1600,160
"1506",0.802864324607589,1600,160
"1507",0.794059980433536,1600,160
"1508",0.812598949777073,1600,160
"1509",0.809267303773942,1600,160
"1510",0.788073378723073,1600,160
"1511",0.754135945901137,1600,160
"1512",0.817066859768156,1600,160
"1513",0.813299834548359,1600,160
"1514",0.803631994973137,1600,160
"1515",0.816427779683005,1600,160
"1516",0.788566061695083,1600,160
"1517",0.78755102348924,1600,160
"1518",0.826454573821286,1600,160
"1519",0.767327887931447,1600,160
"1520",0.828652310314107,1600,160
"1521",0.817739234211332,1600,160
"1522",0.819891998574683,1600,160
"1523",0.826716042926499,1600,160
"1524",0.813134912159931,1600,160
"1525",0.785292716834424,1600,160
"1526",0.819070459793076,1600,160
"1527",0.811633731714223,1600,160
"1528",0.788660271912605,1600,160
"1529",0.775046047769272,1600,160
"1530",0.824517702358565,1600,160
"1531",0.809199086045422,1600,160
"1532",0.813620915567242,1600,160
"1533",0.801437273529222,1600,160
"1534",0.824309037861063,1600,160
"1535",0.802562715898088,1600,160
"1536",0.826007621336742,1600,160
"1537",0.807182512776978,1600,160
"1538",0.828044679966363,1600,160
"1539",0.821178727389986,1600,160
"1540",0.781239585247577,1600,160
"1541",0.809474968845892,1600,160
"1542",0.820177428521959,1600,160
"1543",0.801411573286684,1600,160
"1544",0.815156939645706,1600,160
"1545",0.818694253574078,1600,160
"1546",0.811645839839076,1600,160
"1547",0.828140327224508,1600,160
"1548",0.785452690332689,1600,160
"1549",0.804260521806993,1600,160
"1550",0.810543124834242,1600,160
"1551",0.810923363428193,1600,160
"1552",0.802166090474755,1600,160
"1553",0.763279240729753,1600,160
"1554",0.776376823601755,1600,160
"1555",0.801018897786539,1600,160
"1556",0.782734574690442,1600,160
"1557",0.801070921632629,1600,160
"1558",0.80868764893584,1600,160
"1559",0.840479731173742,1600,160
"1560",0.83164487165544,1600,160
"1561",0.831872807541728,1600,160
"1562",0.823537282130056,1600,160
"1563",0.787037522013324,1600,160
"1564",0.833772919760761,1600,160
"1565",0.78930686249869,1600,160
"1566",0.781599053572223,1600,160
"1567",0.80342902636643,1600,160
"1568",0.789928141012364,1600,160
"1569",0.788790366772179,1600,160
"1570",0.797747946957043,1600,160
"1571",0.818161550282004,1600,160
"1572",0.801353732989002,1600,160
"1573",0.801082117098578,1600,160
"1574",0.818652845611968,1600,160
"1575",0.802275344269069,1600,160
"1576",0.816339528562872,1600,160
"1577",0.806901659571899,1600,160
"1578",0.8112418669387,1600,160
"1579",0.820982317977211,1600,160
"1580",0.806335812105524,1600,160
"1581",0.802468230837114,1600,160
"1582",0.810328087814327,1600,160
"1583",0.791596705402977,1600,160
"1584",0.818944671780972,1600,160
"1585",0.831810708237445,1600,160
"1586",0.795671602129277,1600,160
"1587",0.823032143434047,1600,160
"1588",0.837551103192212,1600,160
"1589",0.814398139404875,1600,160
"1590",0.819605484743645,1600,160
"1591",0.832624296301485,1600,160
"1592",0.826405557932504,1600,160
"1593",0.80025466504629,1600,160
"1594",0.810555930139129,1600,160
"1595",0.807404390769889,1600,160
"1596",0.799760937454607,1600,160
"1597",0.814107297524208,1600,160
"1598",0.818430048650848,1600,160
"1599",0.778291112495962,1600,160
"1600",0.838981048472978,1600,160
"1601",0.772738833364143,1600,160
"1602",0.794573159451773,1600,160
"1603",0.839374221294195,1600,160
"1604",0.809347239931117,1600,160
"1605",0.835054722116988,1600,160
"1606",0.802772927307836,1600,160
"1607",0.797294279207476,1600,160
"1608",0.794559941382516,1600,160
"1609",0.810559738920215,1600,160
"1610",0.811756611753388,1600,160
"1611",0.807838216159834,1600,160
"1612",0.802514158381827,1600,160
"1613",0.822019616478879,1600,160
"1614",0.79462785989108,1600,160
"1615",0.784750483353103,1600,160
"1616",0.815104031299307,1600,160
"1617",0.811144161723562,1600,160
"1618",0.802557981938274,1600,160
"1619",0.800210943723124,1600,160
"1620",0.805338933530454,1600,160
"1621",0.807500010353759,1600,160
"1622",0.828995454910102,1600,160
"1623",0.803082111351192,1600,160
"1624",0.807180724288299,1600,160
"1625",0.811661892901392,1600,160
"1626",0.793401662022025,1600,160
"1627",0.788803914063415,1600,160
"1628",0.812349911449056,1600,160
"1629",0.793845099775321,1600,160
"1630",0.802507765671785,1600,160
"1631",0.833366875791155,1600,160
"1632",0.804642544818262,1600,160
"1633",0.809361063844482,1600,160
"1634",0.796014805193499,1600,160
"1635",0.785285702347196,1600,160
"1636",0.792995977175504,1600,160
"1637",0.822307563262883,1600,160
"1638",0.794049177372128,1600,160
"1639",0.801202524541108,1600,160
"1640",0.799219264087611,1600,160
"1641",0.836322322495794,1600,160
"1642",0.792655489035469,1600,160
"1643",0.773462652659786,1600,160
"1644",0.795893108040815,1600,160
"1645",0.794097953854597,1600,160
"1646",0.799774186554452,1600,160
"1647",0.794331997621696,1600,160
"1648",0.807449299568236,1600,160
"1649",0.820521580064327,1600,160
"1650",0.818942736665702,1600,160
"1651",0.822546473952446,1600,160
"1652",0.801509052617168,1600,160
"1653",0.783451745597956,1600,160
"1654",0.841573759571869,1600,160
"1655",0.81449488313325,1600,160
"1656",0.808229870607678,1600,160
"1657",0.82446386449966,1600,160
"1658",0.795772942526265,1600,160
"1659",0.830599874689097,1600,160
"1660",0.837878823642521,1600,160
"1661",0.797089207196254,1600,160
"1662",0.802790270639518,1600,160
"1663",0.837825991717782,1600,160
"1664",0.808645860339728,1600,160
"1665",0.778943626383098,1600,160
"1666",0.818865512197766,1600,160
"1667",0.818894447320622,1600,160
"1668",0.830519128660962,1600,160
"1669",0.785897690551936,1600,160
"1670",0.790979108451167,1600,160
"1671",0.792209727044693,1600,160
"1672",0.769135782615589,1600,160
"1673",0.809490573549145,1600,160
"1674",0.811937602253445,1600,160
"1675",0.8380581955058,1600,160
"1676",0.794943095872522,1600,160
"1677",0.807987268160235,1600,160
"1678",0.823421579561769,1600,160
"1679",0.792722959875097,1600,160
"1680",0.807837109073375,1600,160
"1681",0.820564567474869,1600,160
"1682",0.827472541062731,1600,160
"1683",0.816959702468303,1600,160
"1684",0.787183765876558,1600,160
"1685",0.844005079422213,1600,160
"1686",0.814375950796978,1600,160
"1687",0.828209892762368,1600,160
"1688",0.795568687959603,1600,160
"1689",0.810768995954606,1600,160
"1690",0.805739126516683,1600,160
"1691",0.793860942560945,1600,160
"1692",0.803609424071911,1600,160
"1693",0.813745761181255,1600,160
"1694",0.814751591395959,1600,160
"1695",0.808284909422924,1600,160
"1696",0.794632222621236,1600,160
"1697",0.827062966846113,1600,160
"1698",0.787275502924415,1600,160
"1699",0.795900845367009,1600,160
"1700",0.8213317875739,1600,160
"1701",0.788529362390887,1600,160
"1702",0.814328702032589,1600,160
"1703",0.829664362695796,1600,160
"1704",0.79978364992532,1600,160
"1705",0.814300316920333,1600,160
"1706",0.837527441399295,1600,160
"1707",0.796453537526177,1600,160
"1708",0.823808473693026,1600,160
"1709",0.787724191094992,1600,160
"1710",0.794006006801528,1600,160
"1711",0.80821200466399,1600,160
"1712",0.829518229140221,1600,160
"1713",0.800067029760029,1600,160
"1714",0.863297982630916,1600,160
"1715",0.797551902264776,1600,160
"1716",0.816051231881195,1600,160
"1717",0.823967778000045,1600,160
"1718",0.774462137419497,1600,160
"1719",0.768552832532436,1600,160
"1720",0.81567504756443,1600,160
"1721",0.791549436560225,1600,160
"1722",0.805500827498249,1600,160
"1723",0.819234156943273,1600,160
"1724",0.794351338149176,1600,160
"1725",0.796049329664913,1600,160
"1726",0.802418848847447,1600,160
"1727",0.806928352744846,1600,160
"1728",0.811510894319438,1600,160
"1729",0.798412510503753,1600,160
"1730",0.826141433251693,1600,160
"1731",0.819907962250135,1600,160
"1732",0.79488315343633,1600,160
"1733",0.803458334392398,1600,160
"1734",0.821773922673828,1600,160
"1735",0.804007281098532,1600,160
"1736",0.832284339013819,1600,160
"1737",0.80742778944058,1600,160
"1738",0.794865233564873,1600,160
"1739",0.838366101020043,1600,160
"1740",0.807840828803094,1600,160
"1741",0.814169535198329,1600,160
"1742",0.776981042314641,1600,160
"1743",0.802768933060867,1600,160
"1744",0.814800835280109,1600,160
"1745",0.824826966556396,1600,160
"1746",0.79995328748414,1600,160
"1747",0.811422914378811,1600,160
"1748",0.829738206512834,1600,160
"1749",0.759227838522953,1600,160
"1750",0.825971137749111,1600,160
"1751",0.80618861068639,1600,160
"1752",0.820852877541181,1600,160
"1753",0.804498753741088,1600,160
"1754",0.809077224126578,1600,160
"1755",0.813355500563656,1600,160
"1756",0.802769059326627,1600,160
"1757",0.814923879821771,1600,160
"1758",0.795847051089834,1600,160
"1759",0.831783254222178,1600,160
"1760",0.790999039793061,1600,160
"1761",0.792537089029297,1600,160
"1762",0.820320852179451,1600,160
"1763",0.819932233101208,1600,160
"1764",0.823160446688094,1600,160
"1765",0.78328707978024,1600,160
"1766",0.828359653140596,1600,160
"1767",0.787295479628223,1600,160
"1768",0.849947508767329,1600,160
"1769",0.822223550983484,1600,160
"1770",0.811206227917503,1600,160
"1771",0.813818041707155,1600,160
"1772",0.799340644610046,1600,160
"1773",0.792246484608652,1600,160
"1774",0.814049975203729,1600,160
"1775",0.806105972310434,1600,160
"1776",0.797873788202574,1600,160
"1777",0.789890565991782,1600,160
"1778",0.789115053926908,1600,160
"1779",0.804798590881696,1600,160
"1780",0.834876319065031,1600,160
"1781",0.801288456854712,1600,160
"1782",0.802359359950291,1600,160
"1783",0.818180813782516,1600,160
"1784",0.816932913719773,1600,160
"1785",0.793830423620721,1600,160
"1786",0.812902031355892,1600,160
"1787",0.80008014676666,1600,160
"1788",0.797199619698777,1600,160
"1789",0.796126154189333,1600,160
"1790",0.832242385493137,1600,160
"1791",0.799260603554028,1600,160
"1792",0.824575343977795,1600,160
"1793",0.826755927165211,1600,160
"1794",0.813222813870592,1600,160
"1795",0.81581150146629,1600,160
"1796",0.817399964470213,1600,160
"1797",0.800920334271446,1600,160
"1798",0.810966771639619,1600,160
"1799",0.808122918166643,1600,160
"1800",0.824012644360265,1600,160
"1801",0.822478861893364,1600,160
"1802",0.783874599426754,1600,160
"1803",0.796961072948435,1600,160
"1804",0.76652844063594,1600,160
"1805",0.840901718493857,1600,160
"1806",0.778568295710156,1600,160
"1807",0.810954570668521,1600,160
"1808",0.815649429428696,1600,160
"1809",0.803051294397942,1600,160
"1810",0.809741711224159,1600,160
"1811",0.812058773405194,1600,160
"1812",0.810439954802724,1600,160
"1813",0.813865937240641,1600,160
"1814",0.81811505810281,1600,160
"1815",0.785687649370437,1600,160
"1816",0.80955167379443,1600,160
"1817",0.827527659010654,1600,160
"1818",0.765704571748086,1600,160
"1819",0.817161629728421,1600,160
"1820",0.810199069712427,1600,160
"1821",0.794930224464171,1600,160
"1822",0.787833276922198,1600,160
"1823",0.815896487859305,1600,160
"1824",0.813168045840273,1600,160
"1825",0.797684492418039,1600,160
"1826",0.846555565417896,1600,160
"1827",0.829634737087773,1600,160
"1828",0.821148260649737,1600,160
"1829",0.81685282339375,1600,160
"1830",0.79199667502091,1600,160
"1831",0.812908610865705,1600,160
"1832",0.794404172470246,1600,160
"1833",0.798711340764164,1600,160
"1834",0.79359022532783,1600,160
"1835",0.785881386336692,1600,160
"1836",0.832501286592407,1600,160
"1837",0.798352912352628,1600,160
"1838",0.809222362106364,1600,160
"1839",0.809803898078944,1600,160
"1840",0.801419313768033,1600,160
"1841",0.828122730489227,1600,160
"1842",0.828737601732791,1600,160
"1843",0.804742900467967,1600,160
"1844",0.831253975781856,1600,160
"1845",0.808947860452452,1600,160
"1846",0.823602567044165,1600,160
"1847",0.803500301805631,1600,160
"1848",0.789764962223923,1600,160
"1849",0.78698878359129,1600,160
"1850",0.826558780803636,1600,160
"1851",0.807235512845185,1600,160
"1852",0.796723846803669,1600,160
"1853",0.785610319512758,1600,160
"1854",0.822118927621467,1600,160
"1855",0.795685267644552,1600,160
"1856",0.799537008911001,1600,160
"1857",0.815880424172863,1600,160
"1858",0.795535866965075,1600,160
"1859",0.789731557581169,1600,160
"1860",0.808436140199686,1600,160
"1861",0.794874152038928,1600,160
"1862",0.783606827757141,1600,160
"1863",0.783774474582042,1600,160
"1864",0.808897645488173,1600,160
"1865",0.824882555018695,1600,160
"1866",0.810337848736493,1600,160
"1867",0.80603128086696,1600,160
"1868",0.806659766514192,1600,160
"1869",0.805855011958861,1600,160
"1870",0.822838569005962,1600,160
"1871",0.770313497351919,1600,160
"1872",0.765928209191086,1600,160
"1873",0.822937970962184,1600,160
"1874",0.813544559283457,1600,160
"1875",0.810171178360766,1600,160
"1876",0.807958650404556,1600,160
"1877",0.78746357240705,1600,160
"1878",0.811247388932896,1600,160
"1879",0.813164723787181,1600,160
"1880",0.801965961928229,1600,160
"1881",0.803805221101734,1600,160
"1882",0.825206377635076,1600,160
"1883",0.814912920399431,1600,160
"1884",0.820645373466492,1600,160
"1885",0.812917359061727,1600,160
"1886",0.801962130207116,1600,160
"1887",0.825627660777556,1600,160
"1888",0.792216007454064,1600,160
"1889",0.776454471106262,1600,160
"1890",0.80497849496776,1600,160
"1891",0.813966334705929,1600,160
"1892",0.783436665873749,1600,160
"1893",0.791607990602974,1600,160
"1894",0.812495312075602,1600,160
"1895",0.803930205995371,1600,160
"1896",0.832062261436337,1600,160
"1897",0.820234797456631,1600,160
"1898",0.815038774197851,1600,160
"1899",0.809934183198645,1600,160
"1900",0.813411462700515,1600,160
"1901",0.817708899769935,1600,160
"1902",0.823896373344601,1600,160
"1903",0.808706751644383,1600,160
"1904",0.794956770173431,1600,160
"1905",0.793436977083297,1600,160
"1906",0.805760497493078,1600,160
"1907",0.790019578820357,1600,160
"1908",0.791328243277429,1600,160
"1909",0.826770697760879,1600,160
"1910",0.780324633450603,1600,160
"1911",0.804739340798422,1600,160
"1912",0.813376829568376,1600,160
"1913",0.820887171626847,1600,160
"1914",0.802616836059287,1600,160
"1915",0.833265377523639,1600,160
"1916",0.807769735424254,1600,160
"1917",0.801499319676337,1600,160
"1918",0.80599900502192,1600,160
"1919",0.786914155578841,1600,160
"1920",0.838635656547346,1600,160
"1921",0.810510628856684,1600,160
"1922",0.787137777999672,1600,160
"1923",0.818079912732064,1600,160
"1924",0.815565682738293,1600,160
"1925",0.802977867825556,1600,160
"1926",0.83456341684469,1600,160
"1927",0.850511570214321,1600,160
"1928",0.799193414655549,1600,160
"1929",0.782412425178256,1600,160
"1930",0.79125727112018,1600,160
"1931",0.831286815107629,1600,160
"1932",0.815775978796578,1600,160
"1933",0.77661323320849,1600,160
"1934",0.81731592573454,1600,160
"1935",0.812930530459952,1600,160
"1936",0.807488489049253,1600,160
"1937",0.792696579073938,1600,160
"1938",0.795999379103095,1600,160
"1939",0.803103422997626,1600,160
"1940",0.800905971367303,1600,160
"1941",0.785450568228943,1600,160
"1942",0.799482638814356,1600,160
"1943",0.81759292633168,1600,160
"1944",0.782017853061125,1600,160
"1945",0.808521379466151,1600,160
"1946",0.812003761271986,1600,160
"1947",0.822968058005098,1600,160
"1948",0.846541694478868,1600,160
"1949",0.79105262499185,1600,160
"1950",0.798567321879848,1600,160
"1951",0.815408816744284,1600,160
"1952",0.836496249532928,1600,160
"1953",0.81693441830272,1600,160
"1954",0.794932207153399,1600,160
"1955",0.823692734576303,1600,160
"1956",0.797624385735645,1600,160
"1957",0.80903071720116,1600,160
"1958",0.811028994912343,1600,160
"1959",0.79897964761672,1600,160
"1960",0.809726959209902,1600,160
"1961",0.790468709858166,1600,160
"1962",0.815281348503189,1600,160
"1963",0.813991951861958,1600,160
"1964",0.809580529796894,1600,160
"1965",0.822571978223127,1600,160
"1966",0.796238930595019,1600,160
"1967",0.788491189377541,1600,160
"1968",0.801556347650944,1600,160
"1969",0.788304090894876,1600,160
"1970",0.803214697173905,1600,160
"1971",0.797101720476314,1600,160
"1972",0.808604734747347,1600,160
"1973",0.806439809166026,1600,160
"1974",0.819248272771978,1600,160
"1975",0.785628640034408,1600,160
"1976",0.823076184917131,1600,160
"1977",0.810313112234171,1600,160
"1978",0.796587659880924,1600,160
"1979",0.802827739263663,1600,160
"1980",0.813941935999301,1600,160
"1981",0.803452022569504,1600,160
"1982",0.793354987946175,1600,160
"1983",0.804571601223159,1600,160
"1984",0.828504549755391,1600,160
"1985",0.796534051230781,1600,160
"1986",0.78514093083994,1600,160
"1987",0.841525306524171,1600,160
"1988",0.80930490873652,1600,160
"1989",0.796747033373428,1600,160
"1990",0.803758786073687,1600,160
"1991",0.812564818591621,1600,160
"1992",0.789784492236827,1600,160
"1993",0.777351132615272,1600,160
"1994",0.809389985067084,1600,160
"1995",0.802156351151726,1600,160
"1996",0.791747349793122,1600,160
"1997",0.771735398254172,1600,160
"1998",0.801999018962382,1600,160
"1999",0.798989379153419,1600,160
"2000",0.824086537033887,1600,160
"2001",0.827586023915914,1600,160
"2002",0.876295342181751,2100,210
"2003",0.849761499856847,2100,210
"2004",0.855217570999781,2100,210
"2005",0.82571136363572,2100,210
"2006",0.829415725565215,2100,210
"2007",0.846643715607344,2100,210
"2008",0.859432451649363,2100,210
"2009",0.854103205349498,2100,210
"2010",0.830745729215956,2100,210
"2011",0.830712417283345,2100,210
"2012",0.826021897212954,2100,210
"2013",0.843751231118992,2100,210
"2014",0.846240887180278,2100,210
"2015",0.856500843439511,2100,210
"2016",0.827758435993768,2100,210
"2017",0.845057894824489,2100,210
"2018",0.82962995430363,2100,210
"2019",0.830392817287027,2100,210
"2020",0.823430293622349,2100,210
"2021",0.842967648042031,2100,210
"2022",0.854297665328965,2100,210
"2023",0.848260803192533,2100,210
"2024",0.839161322662925,2100,210
"2025",0.834613901503418,2100,210
"2026",0.834016002542974,2100,210
"2027",0.833611550436564,2100,210
"2028",0.853195471443434,2100,210
"2029",0.841770153849888,2100,210
"2030",0.867453229130486,2100,210
"2031",0.841378987807248,2100,210
"2032",0.826241965582492,2100,210
"2033",0.823377091995795,2100,210
"2034",0.838384490081274,2100,210
"2035",0.828697746053551,2100,210
"2036",0.82460666078116,2100,210
"2037",0.846586820012985,2100,210
"2038",0.85896447379667,2100,210
"2039",0.828593505735071,2100,210
"2040",0.838475068835535,2100,210
"2041",0.853139279966957,2100,210
"2042",0.848132084009755,2100,210
"2043",0.815459559673253,2100,210
"2044",0.842991284565975,2100,210
"2045",0.852467806159366,2100,210
"2046",0.846314749051001,2100,210
"2047",0.83641867864008,2100,210
"2048",0.824740844000444,2100,210
"2049",0.835344343253994,2100,210
"2050",0.818316607610189,2100,210
"2051",0.83878291978447,2100,210
"2052",0.828779844817439,2100,210
"2053",0.850858448149737,2100,210
"2054",0.830501131430388,2100,210
"2055",0.838525236019517,2100,210
"2056",0.83776374567835,2100,210
"2057",0.83943190680628,2100,210
"2058",0.832316672690038,2100,210
"2059",0.84899368424286,2100,210
"2060",0.831239426111478,2100,210
"2061",0.836763215581577,2100,210
"2062",0.818716004960328,2100,210
"2063",0.829094835458828,2100,210
"2064",0.8398861631086,2100,210
"2065",0.831012346860326,2100,210
"2066",0.835337592995817,2100,210
"2067",0.879877718916539,2100,210
"2068",0.841513505904183,2100,210
"2069",0.844036306601045,2100,210
"2070",0.855316630126639,2100,210
"2071",0.838949681895662,2100,210
"2072",0.831895433748265,2100,210
"2073",0.844641177026936,2100,210
"2074",0.824402330191263,2100,210
"2075",0.825213733483618,2100,210
"2076",0.834649262780158,2100,210
"2077",0.83529626969614,2100,210
"2078",0.823366349611217,2100,210
"2079",0.822350387131293,2100,210
"2080",0.842737966695228,2100,210
"2081",0.809172563405537,2100,210
"2082",0.849171258509743,2100,210
"2083",0.841960015160715,2100,210
"2084",0.849084642510732,2100,210
"2085",0.842343036510687,2100,210
"2086",0.817015535175389,2100,210
"2087",0.839710111592022,2100,210
"2088",0.845032513667856,2100,210
"2089",0.847619028619509,2100,210
"2090",0.813691208782103,2100,210
"2091",0.836316814808362,2100,210
"2092",0.817254247772386,2100,210
"2093",0.819727680612796,2100,210
"2094",0.842240563116149,2100,210
"2095",0.840303740371017,2100,210
"2096",0.828995784282361,2100,210
"2097",0.858984587835342,2100,210
"2098",0.815556065964307,2100,210
"2099",0.846238001669902,2100,210
"2100",0.85345358674029,2100,210
"2101",0.870527696442365,2100,210
"2102",0.851277429683407,2100,210
"2103",0.856837971597205,2100,210
"2104",0.850640137253554,2100,210
"2105",0.834560158675719,2100,210
"2106",0.829032302738241,2100,210
"2107",0.827457131931841,2100,210
"2108",0.834085720868762,2100,210
"2109",0.856396112543858,2100,210
"2110",0.831399898752241,2100,210
"2111",0.835566109841451,2100,210
"2112",0.83658208659886,2100,210
"2113",0.824675267576399,2100,210
"2114",0.845436066410608,2100,210
"2115",0.81998123618266,2100,210
"2116",0.828381430730229,2100,210
"2117",0.819968408078455,2100,210
"2118",0.825750550091294,2100,210
"2119",0.839372698071861,2100,210
"2120",0.844083984687918,2100,210
"2121",0.844100878679467,2100,210
"2122",0.867740650567535,2100,210
"2123",0.848931638840494,2100,210
"2124",0.837699646171968,2100,210
"2125",0.8564548445227,2100,210
"2126",0.827779610481466,2100,210
"2127",0.845065895511703,2100,210
"2128",0.837650062041216,2100,210
"2129",0.831580899192265,2100,210
"2130",0.832647963144046,2100,210
"2131",0.861240001032799,2100,210
"2132",0.845405684825315,2100,210
"2133",0.802016159035232,2100,210
"2134",0.871811235681385,2100,210
"2135",0.804294158276553,2100,210
"2136",0.842540096520096,2100,210
"2137",0.82946675107204,2100,210
"2138",0.841094275548226,2100,210
"2139",0.817066353250269,2100,210
"2140",0.859961234583601,2100,210
"2141",0.854656907221026,2100,210
"2142",0.840881531559856,2100,210
"2143",0.833349736477776,2100,210
"2144",0.83832427126217,2100,210
"2145",0.836311291562217,2100,210
"2146",0.840377674542131,2100,210
"2147",0.839538963502072,2100,210
"2148",0.82237526611789,2100,210
"2149",0.83475883914104,2100,210
"2150",0.855123857788806,2100,210
"2151",0.845829470916165,2100,210
"2152",0.85922081751702,2100,210
"2153",0.850216083516351,2100,210
"2154",0.830399449825834,2100,210
"2155",0.811229957581737,2100,210
"2156",0.833781072687166,2100,210
"2157",0.826987225376004,2100,210
"2158",0.832337289590625,2100,210
"2159",0.836642676601985,2100,210
"2160",0.835300600323708,2100,210
"2161",0.839083450104109,2100,210
"2162",0.825484466378056,2100,210
"2163",0.83429746602627,2100,210
"2164",0.837039100277013,2100,210
"2165",0.851926621141557,2100,210
"2166",0.845078556185183,2100,210
"2167",0.843244503704047,2100,210
"2168",0.830035996616962,2100,210
"2169",0.856716881648308,2100,210
"2170",0.847431428905622,2100,210
"2171",0.843567143828681,2100,210
"2172",0.847495697637396,2100,210
"2173",0.843183546443997,2100,210
"2174",0.830688369143191,2100,210
"2175",0.829473193200915,2100,210
"2176",0.813915606937649,2100,210
"2177",0.831945744892193,2100,210
"2178",0.8315958881425,2100,210
"2179",0.853702958445591,2100,210
"2180",0.811904934202421,2100,210
"2181",0.859970917131737,2100,210
"2182",0.83145409526052,2100,210
"2183",0.847219523950841,2100,210
"2184",0.820920558678872,2100,210
"2185",0.82345037721669,2100,210
"2186",0.83781781787287,2100,210
"2187",0.842544460855581,2100,210
"2188",0.871043531784393,2100,210
"2189",0.839999323577427,2100,210
"2190",0.842484078020061,2100,210
"2191",0.845323351991464,2100,210
"2192",0.864865296710037,2100,210
"2193",0.855049597935476,2100,210
"2194",0.850692931418455,2100,210
"2195",0.836087269768067,2100,210
"2196",0.854961068576206,2100,210
"2197",0.833464597776724,2100,210
"2198",0.842507290568611,2100,210
"2199",0.835430169814563,2100,210
"2200",0.827633850777893,2100,210
"2201",0.834606137446786,2100,210
"2202",0.824916666662481,2100,210
"2203",0.834569142232651,2100,210
"2204",0.836259349163134,2100,210
"2205",0.848829860161584,2100,210
"2206",0.858694928483123,2100,210
"2207",0.84985121811553,2100,210
"2208",0.861758249024472,2100,210
"2209",0.839141356778332,2100,210
"2210",0.834406143247175,2100,210
"2211",0.806735013395522,2100,210
"2212",0.828119847563081,2100,210
"2213",0.829130138894443,2100,210
"2214",0.836691390997837,2100,210
"2215",0.842166981472935,2100,210
"2216",0.837331078378495,2100,210
"2217",0.860154790662507,2100,210
"2218",0.839123360371289,2100,210
"2219",0.834430809141187,2100,210
"2220",0.846345846379775,2100,210
"2221",0.857148975377439,2100,210
"2222",0.823451535027011,2100,210
"2223",0.841662545327283,2100,210
"2224",0.806787772805796,2100,210
"2225",0.840885689002419,2100,210
"2226",0.844443342867189,2100,210
"2227",0.824543336805272,2100,210
"2228",0.839783539600708,2100,210
"2229",0.847671282393426,2100,210
"2230",0.833790146968172,2100,210
"2231",0.824788179148455,2100,210
"2232",0.856231850672855,2100,210
"2233",0.816062788081932,2100,210
"2234",0.851300750204958,2100,210
"2235",0.847296015294759,2100,210
"2236",0.829359005239352,2100,210
"2237",0.82888760090985,2100,210
"2238",0.84913358801336,2100,210
"2239",0.852380784188215,2100,210
"2240",0.828403964729554,2100,210
"2241",0.817506396068847,2100,210
"2242",0.832161346482787,2100,210
"2243",0.830133552586413,2100,210
"2244",0.842797716563248,2100,210
"2245",0.846877220537549,2100,210
"2246",0.844251268010107,2100,210
"2247",0.844703584082345,2100,210
"2248",0.837554168779466,2100,210
"2249",0.834859257752424,2100,210
"2250",0.813395385603806,2100,210
"2251",0.846654476244074,2100,210
"2252",0.822322631383697,2100,210
"2253",0.861323234883343,2100,210
"2254",0.841048410944526,2100,210
"2255",0.839961783334337,2100,210
"2256",0.832238450225837,2100,210
"2257",0.809471091599359,2100,210
"2258",0.86547848220188,2100,210
"2259",0.832645636033882,2100,210
"2260",0.838315209667292,2100,210
"2261",0.814880822950321,2100,210
"2262",0.855323118899473,2100,210
"2263",0.836594565838774,2100,210
"2264",0.826782535893775,2100,210
"2265",0.844811771097099,2100,210
"2266",0.843785274502886,2100,210
"2267",0.819599000754692,2100,210
"2268",0.833187087228971,2100,210
"2269",0.849001571668586,2100,210
"2270",0.858653852149316,2100,210
"2271",0.854681863937601,2100,210
"2272",0.824226660065838,2100,210
"2273",0.807713634196756,2100,210
"2274",0.822548153203215,2100,210
"2275",0.818145658689319,2100,210
"2276",0.832113218698875,2100,210
"2277",0.830656832732668,2100,210
"2278",0.838774861100629,2100,210
"2279",0.824484315147761,2100,210
"2280",0.823028987830702,2100,210
"2281",0.814214533669221,2100,210
"2282",0.833559351956458,2100,210
"2283",0.827339591006157,2100,210
"2284",0.840228720525255,2100,210
"2285",0.822098590589517,2100,210
"2286",0.843588421845157,2100,210
"2287",0.839056962100934,2100,210
"2288",0.8379662445001,2100,210
"2289",0.830825285913571,2100,210
"2290",0.849809874178453,2100,210
"2291",0.837147793888366,2100,210
"2292",0.822307797635777,2100,210
"2293",0.847685525625855,2100,210
"2294",0.84050282448216,2100,210
"2295",0.835311368830694,2100,210
"2296",0.84055769606652,2100,210
"2297",0.835019306392217,2100,210
"2298",0.840685668135855,2100,210
"2299",0.868849731514479,2100,210
"2300",0.837273440184299,2100,210
"2301",0.814221005313383,2100,210
"2302",0.830988569922323,2100,210
"2303",0.830367374785067,2100,210
"2304",0.852830112511021,2100,210
"2305",0.84888168617111,2100,210
"2306",0.810130905421939,2100,210
"2307",0.847614644520891,2100,210
"2308",0.837045938511797,2100,210
"2309",0.805955377162182,2100,210
"2310",0.827363096951564,2100,210
"2311",0.823174441066956,2100,210
"2312",0.828183433143164,2100,210
"2313",0.835032940886523,2100,210
"2314",0.834932478776684,2100,210
"2315",0.849423562272224,2100,210
"2316",0.845236536636634,2100,210
"2317",0.835732394881783,2100,210
"2318",0.838036517328311,2100,210
"2319",0.842974445608967,2100,210
"2320",0.823118944509083,2100,210
"2321",0.838719355379369,2100,210
"2322",0.841313360269061,2100,210
"2323",0.859071710845676,2100,210
"2324",0.822549897625985,2100,210
"2325",0.845265050672447,2100,210
"2326",0.857398272676774,2100,210
"2327",0.82307586891851,2100,210
"2328",0.841345391566853,2100,210
"2329",0.812763444270689,2100,210
"2330",0.824462655408717,2100,210
"2331",0.853184388552733,2100,210
"2332",0.815918926883304,2100,210
"2333",0.816896741552429,2100,210
"2334",0.852143229398084,2100,210
"2335",0.825538400007927,2100,210
"2336",0.820065017862421,2100,210
"2337",0.813926602250646,2100,210
"2338",0.808777706605318,2100,210
"2339",0.818487851882342,2100,210
"2340",0.860874703182551,2100,210
"2341",0.853684012884641,2100,210
"2342",0.846606882530341,2100,210
"2343",0.83000344339446,2100,210
"2344",0.836150320197064,2100,210
"2345",0.846881847942398,2100,210
"2346",0.842024700608823,2100,210
"2347",0.823560894189298,2100,210
"2348",0.837747768299136,2100,210
"2349",0.831697516807167,2100,210
"2350",0.853014092457303,2100,210
"2351",0.844010310444121,2100,210
"2352",0.833958908213506,2100,210
"2353",0.839870519182407,2100,210
"2354",0.854749510285216,2100,210
"2355",0.825648198111605,2100,210
"2356",0.839230290123982,2100,210
"2357",0.828735112147305,2100,210
"2358",0.842846338886927,2100,210
"2359",0.822258325575629,2100,210
"2360",0.847821566031867,2100,210
"2361",0.832694670149737,2100,210
"2362",0.841377487252362,2100,210
"2363",0.846019524868203,2100,210
"2364",0.849482810108836,2100,210
"2365",0.864250395983794,2100,210
"2366",0.820382659604107,2100,210
"2367",0.851658633952151,2100,210
"2368",0.815897806146045,2100,210
"2369",0.833120460245787,2100,210
"2370",0.850266127548931,2100,210
"2371",0.812756649056071,2100,210
"2372",0.822249554100159,2100,210
"2373",0.846036187789428,2100,210
"2374",0.848083185624942,2100,210
"2375",0.853927150116405,2100,210
"2376",0.840949543806035,2100,210
"2377",0.820139511928412,2100,210
"2378",0.850444133150549,2100,210
"2379",0.825661165650841,2100,210
"2380",0.85338789506591,2100,210
"2381",0.812109015730869,2100,210
"2382",0.830966736723341,2100,210
"2383",0.845782755758916,2100,210
"2384",0.849202672535843,2100,210
"2385",0.83692345402585,2100,210
"2386",0.868775428733289,2100,210
"2387",0.868224574476572,2100,210
"2388",0.850550140823815,2100,210
"2389",0.844071087233669,2100,210
"2390",0.843037621203907,2100,210
"2391",0.840718870258082,2100,210
"2392",0.851649005562345,2100,210
"2393",0.833576148420026,2100,210
"2394",0.871298350575279,2100,210
"2395",0.842926509902715,2100,210
"2396",0.825157674052126,2100,210
"2397",0.839208413445179,2100,210
"2398",0.830882915150183,2100,210
"2399",0.848451467430196,2100,210
"2400",0.829517081708825,2100,210
"2401",0.837128523790818,2100,210
"2402",0.874579526112395,2100,210
"2403",0.849630166090662,2100,210
"2404",0.826749569909701,2100,210
"2405",0.836112588111024,2100,210
"2406",0.842120203607616,2100,210
"2407",0.82812227296311,2100,210
"2408",0.845936893476567,2100,210
"2409",0.845245557404925,2100,210
"2410",0.842099815476222,2100,210
"2411",0.841154894437871,2100,210
"2412",0.818876490225198,2100,210
"2413",0.839369018099664,2100,210
"2414",0.834550835596077,2100,210
"2415",0.848366725320529,2100,210
"2416",0.82638846150872,2100,210
"2417",0.840420231817431,2100,210
"2418",0.826042182912208,2100,210
"2419",0.845738558765366,2100,210
"2420",0.84393522744703,2100,210
"2421",0.83277939762734,2100,210
"2422",0.857436506278602,2100,210
"2423",0.839356231737515,2100,210
"2424",0.847675468352294,2100,210
"2425",0.857119009933208,2100,210
"2426",0.852350733588344,2100,210
"2427",0.848467606393691,2100,210
"2428",0.854865809353678,2100,210
"2429",0.838341700143061,2100,210
"2430",0.825595879374343,2100,210
"2431",0.847488299183202,2100,210
"2432",0.808086661712233,2100,210
"2433",0.848147775894377,2100,210
"2434",0.82185377935662,2100,210
"2435",0.87376627704971,2100,210
"2436",0.834578081961482,2100,210
"2437",0.839846917029631,2100,210
"2438",0.854514102083857,2100,210
"2439",0.84980520235494,2100,210
"2440",0.836390148076397,2100,210
"2441",0.821054292845178,2100,210
"2442",0.869400694997825,2100,210
"2443",0.839176202718811,2100,210
"2444",0.833429468971266,2100,210
"2445",0.830096530950582,2100,210
"2446",0.830238583974915,2100,210
"2447",0.853573672422895,2100,210
"2448",0.825612986707224,2100,210
"2449",0.848311375702544,2100,210
"2450",0.829767846364306,2100,210
"2451",0.83512000735196,2100,210
"2452",0.831744655710659,2100,210
"2453",0.823511798050051,2100,210
"2454",0.850920263687694,2100,210
"2455",0.834189463383303,2100,210
"2456",0.871675546320826,2100,210
"2457",0.806449088512373,2100,210
"2458",0.854243648737734,2100,210
"2459",0.817689780358433,2100,210
"2460",0.847500741782317,2100,210
"2461",0.833902088485946,2100,210
"2462",0.848799842198269,2100,210
"2463",0.846452355107785,2100,210
"2464",0.860366984382396,2100,210
"2465",0.864636808368791,2100,210
"2466",0.847565455142629,2100,210
"2467",0.861629335314896,2100,210
"2468",0.837525414877578,2100,210
"2469",0.829995758474247,2100,210
"2470",0.836346080963042,2100,210
"2471",0.843879695523443,2100,210
"2472",0.844952817050624,2100,210
"2473",0.860224221813461,2100,210
"2474",0.847582842816255,2100,210
"2475",0.810788726341198,2100,210
"2476",0.811345918010814,2100,210
"2477",0.83438754208086,2100,210
"2478",0.830591627334856,2100,210
"2479",0.838694984783847,2100,210
"2480",0.846214287412058,2100,210
"2481",0.841525268808231,2100,210
"2482",0.851959204513641,2100,210
"2483",0.854227914015258,2100,210
"2484",0.852039866042864,2100,210
"2485",0.849181583589299,2100,210
"2486",0.847435791346209,2100,210
"2487",0.836138925424701,2100,210
"2488",0.857661203662773,2100,210
"2489",0.835277611281456,2100,210
"2490",0.823220608464494,2100,210
"2491",0.833819043642766,2100,210
"2492",0.842649383309379,2100,210
"2493",0.835083982707252,2100,210
"2494",0.838217748320914,2100,210
"2495",0.842675941871969,2100,210
"2496",0.860104212950792,2100,210
"2497",0.834543741929802,2100,210
"2498",0.854350041703634,2100,210
"2499",0.811771247982078,2100,210
"2500",0.859761227715057,2100,210
"2501",0.846873986226665,2100,210
"2502",0.868087887881946,2600,260
"2503",0.847688696518831,2600,260
"2504",0.864895292650753,2600,260
"2505",0.845226496981801,2600,260
"2506",0.869640715027328,2600,260
"2507",0.867948492601037,2600,260
"2508",0.838748644941197,2600,260
"2509",0.860995488147188,2600,260
"2510",0.877877837378361,2600,260
"2511",0.848674004042339,2600,260
"2512",0.862037051993644,2600,260
"2513",0.883519924754498,2600,260
"2514",0.867332004103652,2600,260
"2515",0.847751557689673,2600,260
"2516",0.873728799291525,2600,260
"2517",0.867620873760294,2600,260
"2518",0.857192202650943,2600,260
"2519",0.853500723005049,2600,260
"2520",0.866334171074652,2600,260
"2521",0.855235135188736,2600,260
"2522",0.853155640220128,2600,260
"2523",0.870928014367459,2600,260
"2524",0.862703815475517,2600,260
"2525",0.854406148829725,2600,260
"2526",0.846537050832956,2600,260
"2527",0.882858199996895,2600,260
"2528",0.855291162474545,2600,260
"2529",0.860437654706811,2600,260
"2530",0.842119289956991,2600,260
"2531",0.878864436110455,2600,260
"2532",0.856118431160012,2600,260
"2533",0.870808786423121,2600,260
"2534",0.862273827102324,2600,260
"2535",0.87190062783792,2600,260
"2536",0.876490123090881,2600,260
"2537",0.868834044145389,2600,260
"2538",0.873303398680313,2600,260
"2539",0.841023822640041,2600,260
"2540",0.885367978287939,2600,260
"2541",0.832793203901109,2600,260
"2542",0.865071238494204,2600,260
"2543",0.873077412514702,2600,260
"2544",0.859472743687324,2600,260
"2545",0.863703959072336,2600,260
"2546",0.852364024082522,2600,260
"2547",0.84565116886378,2600,260
"2548",0.866298278532075,2600,260
"2549",0.869764194330543,2600,260
"2550",0.854045990888467,2600,260
"2551",0.889609620731977,2600,260
"2552",0.858082163229047,2600,260
"2553",0.867114937824488,2600,260
"2554",0.848537416433739,2600,260
"2555",0.872839319627858,2600,260
"2556",0.860243047452633,2600,260
"2557",0.860179132336183,2600,260
"2558",0.858213481229625,2600,260
"2559",0.868000833159532,2600,260
"2560",0.850169534462764,2600,260
"2561",0.855649134173809,2600,260
"2562",0.862484535491056,2600,260
"2563",0.858338566346551,2600,260
"2564",0.844699799569637,2600,260
"2565",0.866862228391534,2600,260
"2566",0.876177435196738,2600,260
"2567",0.854611965001706,2600,260
"2568",0.870095671354555,2600,260
"2569",0.872970172462697,2600,260
"2570",0.860459572950682,2600,260
"2571",0.830928731107261,2600,260
"2572",0.850428227897512,2600,260
"2573",0.852220460079455,2600,260
"2574",0.851257995004609,2600,260
"2575",0.862140606556467,2600,260
"2576",0.848270721563774,2600,260
"2577",0.868434413281963,2600,260
"2578",0.866353331732708,2600,260
"2579",0.86770140752997,2600,260
"2580",0.868779169918413,2600,260
"2581",0.869452986816378,2600,260
"2582",0.881554922791673,2600,260
"2583",0.854773043912552,2600,260
"2584",0.883307992084966,2600,260
"2585",0.840707685957669,2600,260
"2586",0.860445976755298,2600,260
"2587",0.848258593809738,2600,260
"2588",0.886647007583605,2600,260
"2589",0.874520390762751,2600,260
"2590",0.861461570108691,2600,260
"2591",0.857332908275042,2600,260
"2592",0.860693906909101,2600,260
"2593",0.864705667689232,2600,260
"2594",0.853507497298474,2600,260
"2595",0.863303307577605,2600,260
"2596",0.863750575281805,2600,260
"2597",0.87633765736348,2600,260
"2598",0.869696888084227,2600,260
"2599",0.852487124656286,2600,260
"2600",0.855826214009883,2600,260
"2601",0.862840856654291,2600,260
"2602",0.868673099319169,2600,260
"2603",0.853632025390371,2600,260
"2604",0.870124228140606,2600,260
"2605",0.861395081202338,2600,260
"2606",0.854349499836897,2600,260
"2607",0.874441495505839,2600,260
"2608",0.881118104847958,2600,260
"2609",0.848348417065218,2600,260
"2610",0.863987438038848,2600,260
"2611",0.858591604933377,2600,260
"2612",0.855222505524195,2600,260
"2613",0.852511021946204,2600,260
"2614",0.864788093442001,2600,260
"2615",0.847380957387846,2600,260
"2616",0.877042582122948,2600,260
"2617",0.864680989343701,2600,260
"2618",0.849518632247446,2600,260
"2619",0.867750072829614,2600,260
"2620",0.876675901296084,2600,260
"2621",0.863384409795914,2600,260
"2622",0.839601817906269,2600,260
"2623",0.852409187995557,2600,260
"2624",0.872467887021686,2600,260
"2625",0.845061393403145,2600,260
"2626",0.850314902424048,2600,260
"2627",0.873391908955345,2600,260
"2628",0.858925855022299,2600,260
"2629",0.879862127782689,2600,260
"2630",0.849301930176682,2600,260
"2631",0.860198516861948,2600,260
"2632",0.868064897144332,2600,260
"2633",0.87086777238378,2600,260
"2634",0.86259410834478,2600,260
"2635",0.869158118824181,2600,260
"2636",0.866529429369005,2600,260
"2637",0.860038351831077,2600,260
"2638",0.862456731902219,2600,260
"2639",0.855733561268843,2600,260
"2640",0.857705345437049,2600,260
"2641",0.87734465928525,2600,260
"2642",0.870134696091698,2600,260
"2643",0.870476450571414,2600,260
"2644",0.855058664920639,2600,260
"2645",0.864205292726404,2600,260
"2646",0.856234309353641,2600,260
"2647",0.844267689050981,2600,260
"2648",0.849854388392436,2600,260
"2649",0.862380191743632,2600,260
"2650",0.850796937817319,2600,260
"2651",0.864487020448382,2600,260
"2652",0.877264836559541,2600,260
"2653",0.84323571154053,2600,260
"2654",0.868560583429749,2600,260
"2655",0.88047958293264,2600,260
"2656",0.870995879769651,2600,260
"2657",0.857293655217815,2600,260
"2658",0.84003742301876,2600,260
"2659",0.832052929078435,2600,260
"2660",0.844515145885161,2600,260
"2661",0.855505917320889,2600,260
"2662",0.880289639965671,2600,260
"2663",0.850778294173649,2600,260
"2664",0.866607464281013,2600,260
"2665",0.857038757527807,2600,260
"2666",0.876126629584121,2600,260
"2667",0.867244678432025,2600,260
"2668",0.861419694399101,2600,260
"2669",0.862756516119993,2600,260
"2670",0.871538875586287,2600,260
"2671",0.854911291196602,2600,260
"2672",0.852947013524519,2600,260
"2673",0.865216278049228,2600,260
"2674",0.880812429881382,2600,260
"2675",0.854427322250968,2600,260
"2676",0.868076909246267,2600,260
"2677",0.852883105933545,2600,260
"2678",0.86277182263952,2600,260
"2679",0.867707932482926,2600,260
"2680",0.87084774745397,2600,260
"2681",0.844308429071001,2600,260
"2682",0.871067026343226,2600,260
"2683",0.855483156277761,2600,260
"2684",0.844143479955421,2600,260
"2685",0.870077586971692,2600,260
"2686",0.839265916474414,2600,260
"2687",0.866736517483142,2600,260
"2688",0.888404515259668,2600,260
"2689",0.872008184479423,2600,260
"2690",0.847500771980462,2600,260
"2691",0.855706964873307,2600,260
"2692",0.871618173103027,2600,260
"2693",0.859381097672208,2600,260
"2694",0.835672294187253,2600,260
"2695",0.857108398592514,2600,260
"2696",0.86549939783298,2600,260
"2697",0.854720564391864,2600,260
"2698",0.848750380056865,2600,260
"2699",0.878923491757944,2600,260
"2700",0.850877158626103,2600,260
"2701",0.865486764778417,2600,260
"2702",0.876335074724415,2600,260
"2703",0.85471195705045,2600,260
"2704",0.872216853488026,2600,260
"2705",0.867196993598686,2600,260
"2706",0.873248866446689,2600,260
"2707",0.844060157882949,2600,260
"2708",0.85950122291763,2600,260
"2709",0.874093099427766,2600,260
"2710",0.855898191887304,2600,260
"2711",0.864404107620392,2600,260
"2712",0.843359147957251,2600,260
"2713",0.889192727951658,2600,260
"2714",0.860327974748344,2600,260
"2715",0.869643684181399,2600,260
"2716",0.844651877131607,2600,260
"2717",0.863056845635477,2600,260
"2718",0.864184117317345,2600,260
"2719",0.841015309128414,2600,260
"2720",0.876444977739747,2600,260
"2721",0.866647053961894,2600,260
"2722",0.846951085971625,2600,260
"2723",0.854622218088798,2600,260
"2724",0.891782919695762,2600,260
"2725",0.869179430526378,2600,260
"2726",0.867206002710812,2600,260
"2727",0.875902593959338,2600,260
"2728",0.872003399885924,2600,260
"2729",0.861581532832599,2600,260
"2730",0.82787049126885,2600,260
"2731",0.863873532883849,2600,260
"2732",0.858224976826748,2600,260
"2733",0.861798169809295,2600,260
"2734",0.866689344586207,2600,260
"2735",0.87343614983237,2600,260
"2736",0.849719688696024,2600,260
"2737",0.869143422787592,2600,260
"2738",0.864775421966479,2600,260
"2739",0.85762608742229,2600,260
"2740",0.850896575583442,2600,260
"2741",0.876256004558248,2600,260
"2742",0.857985319948983,2600,260
"2743",0.859523039480691,2600,260
"2744",0.85112937951351,2600,260
"2745",0.863149985379168,2600,260
"2746",0.838987573467889,2600,260
"2747",0.862622053990673,2600,260
"2748",0.864904717484206,2600,260
"2749",0.856334851453607,2600,260
"2750",0.859733619418092,2600,260
"2751",0.839259086519796,2600,260
"2752",0.875519125011268,2600,260
"2753",0.844262479566656,2600,260
"2754",0.854038872440914,2600,260
"2755",0.869487336603286,2600,260
"2756",0.864256459964991,2600,260
"2757",0.842633977531762,2600,260
"2758",0.884155038454534,2600,260
"2759",0.869292906736895,2600,260
"2760",0.863225990352105,2600,260
"2761",0.870677158548317,2600,260
"2762",0.859730443274071,2600,260
"2763",0.850406074659363,2600,260
"2764",0.875056622384932,2600,260
"2765",0.854654534166213,2600,260
"2766",0.845514256199524,2600,260
"2767",0.854311463175872,2600,260
"2768",0.870540768305004,2600,260
"2769",0.852641773489427,2600,260
"2770",0.851467491654476,2600,260
"2771",0.857468320251903,2600,260
"2772",0.829256020129851,2600,260
"2773",0.848849509626184,2600,260
"2774",0.865098630327653,2600,260
"2775",0.871657502700479,2600,260
"2776",0.878575058740363,2600,260
"2777",0.852518667254888,2600,260
"2778",0.874686160799243,2600,260
"2779",0.876894237906011,2600,260
"2780",0.868763513144097,2600,260
"2781",0.863489246904408,2600,260
"2782",0.838512990615229,2600,260
"2783",0.857280400593136,2600,260
"2784",0.864692736340681,2600,260
"2785",0.842565785269782,2600,260
"2786",0.853681321555532,2600,260
"2787",0.875905862857604,2600,260
"2788",0.857601024259163,2600,260
"2789",0.879253815767674,2600,260
"2790",0.852856235793997,2600,260
"2791",0.873266850109073,2600,260
"2792",0.862092023654044,2600,260
"2793",0.877521250669426,2600,260
"2794",0.872814334515307,2600,260
"2795",0.865908156609179,2600,260
"2796",0.852092202167596,2600,260
"2797",0.844140412642782,2600,260
"2798",0.866084124532867,2600,260
"2799",0.852765324557535,2600,260
"2800",0.856510031533548,2600,260
"2801",0.869147478629404,2600,260
"2802",0.842944050855949,2600,260
"2803",0.868068799955195,2600,260
"2804",0.874516609305229,2600,260
"2805",0.850145857770419,2600,260
"2806",0.838983194076361,2600,260
"2807",0.857330126756053,2600,260
"2808",0.85063461825125,2600,260
"2809",0.856823044983376,2600,260
"2810",0.84641950667342,2600,260
"2811",0.865455379485254,2600,260
"2812",0.872091951947398,2600,260
"2813",0.864874696244317,2600,260
"2814",0.843315500166193,2600,260
"2815",0.867550326325305,2600,260
"2816",0.885299527540097,2600,260
"2817",0.872712791103897,2600,260
"2818",0.843747952971282,2600,260
"2819",0.87620962685826,2600,260
"2820",0.8672205747786,2600,260
"2821",0.854203062963255,2600,260
"2822",0.854014459533334,2600,260
"2823",0.850255556765331,2600,260
"2824",0.863908432919219,2600,260
"2825",0.86216871417887,2600,260
"2826",0.856566881724186,2600,260
"2827",0.868088856817155,2600,260
"2828",0.857906221388429,2600,260
"2829",0.869920743959192,2600,260
"2830",0.86275446172787,2600,260
"2831",0.832926037096096,2600,260
"2832",0.866310754496664,2600,260
"2833",0.86573714967264,2600,260
"2834",0.866243283425278,2600,260
"2835",0.876808367282513,2600,260
"2836",0.859251411742765,2600,260
"2837",0.844118961650841,2600,260
"2838",0.85460550299096,2600,260
"2839",0.855249901513106,2600,260
"2840",0.835345896409803,2600,260
"2841",0.85012004981723,2600,260
"2842",0.85628837802987,2600,260
"2843",0.887483573253268,2600,260
"2844",0.849158496207764,2600,260
"2845",0.8623482687542,2600,260
"2846",0.859884997111953,2600,260
"2847",0.851220295209717,2600,260
"2848",0.869604264660132,2600,260
"2849",0.866613368300347,2600,260
"2850",0.861090975160993,2600,260
"2851",0.844131267352569,2600,260
"2852",0.842254823767311,2600,260
"2853",0.858531028251566,2600,260
"2854",0.864428963777897,2600,260
"2855",0.866828511507708,2600,260
"2856",0.844076396893907,2600,260
"2857",0.857744626383568,2600,260
"2858",0.858194232203675,2600,260
"2859",0.867427256837195,2600,260
"2860",0.871270133683271,2600,260
"2861",0.864663937430155,2600,260
"2862",0.868753960559586,2600,260
"2863",0.855917658149874,2600,260
"2864",0.864514218023313,2600,260
"2865",0.85337615176178,2600,260
"2866",0.865197299513145,2600,260
"2867",0.871040446384379,2600,260
"2868",0.852649412498232,2600,260
"2869",0.88164102570179,2600,260
"2870",0.836258055147686,2600,260
"2871",0.849629972267818,2600,260
"2872",0.864758639202944,2600,260
"2873",0.850175794982186,2600,260
"2874",0.842217338379163,2600,260
"2875",0.86043917241241,2600,260
"2876",0.865005221644985,2600,260
"2877",0.869803289370844,2600,260
"2878",0.842846925843909,2600,260
"2879",0.877136810957436,2600,260
"2880",0.847171564169964,2600,260
"2881",0.867178596358174,2600,260
"2882",0.84546580931296,2600,260
"2883",0.844972349129174,2600,260
"2884",0.863727815445606,2600,260
"2885",0.86766059439146,2600,260
"2886",0.850858742994472,2600,260
"2887",0.844222637161195,2600,260
"2888",0.860948569825899,2600,260
"2889",0.873281702596751,2600,260
"2890",0.857961304132245,2600,260
"2891",0.868665781522407,2600,260
"2892",0.844224721272531,2600,260
"2893",0.872804335161153,2600,260
"2894",0.855786546505078,2600,260
"2895",0.865982098644434,2600,260
"2896",0.845180754120288,2600,260
"2897",0.850208284645415,2600,260
"2898",0.874426429805338,2600,260
"2899",0.862145854119503,2600,260
"2900",0.847296219131175,2600,260
"2901",0.84707701441492,2600,260
"2902",0.868011682534721,2600,260
"2903",0.876238010296964,2600,260
"2904",0.839895868941805,2600,260
"2905",0.866644258720438,2600,260
"2906",0.86454286169059,2600,260
"2907",0.866326471097342,2600,260
"2908",0.863683354377404,2600,260
"2909",0.862681758788613,2600,260
"2910",0.859141783828917,2600,260
"2911",0.856182286053555,2600,260
"2912",0.889869083223286,2600,260
"2913",0.840131649590171,2600,260
"2914",0.846702543498755,2600,260
"2915",0.86705607046605,2600,260
"2916",0.867606150539026,2600,260
"2917",0.861211981625844,2600,260
"2918",0.87897267130973,2600,260
"2919",0.864278271238758,2600,260
"2920",0.840001522004279,2600,260
"2921",0.840520047918149,2600,260
"2922",0.868163846086916,2600,260
"2923",0.851249143314295,2600,260
"2924",0.859551048605744,2600,260
"2925",0.846017087724062,2600,260
"2926",0.849269141196053,2600,260
"2927",0.836204262088353,2600,260
"2928",0.871220257226528,2600,260
"2929",0.868263970334889,2600,260
"2930",0.86500250843301,2600,260
"2931",0.851800229445166,2600,260
"2932",0.86091303602107,2600,260
"2933",0.853014295201341,2600,260
"2934",0.867956175679774,2600,260
"2935",0.84022169688828,2600,260
"2936",0.84622576499801,2600,260
"2937",0.872281227361975,2600,260
"2938",0.848319490174167,2600,260
"2939",0.841722362515983,2600,260
"2940",0.874950893711989,2600,260
"2941",0.849369007376499,2600,260
"2942",0.87804018081983,2600,260
"2943",0.878782351270187,2600,260
"2944",0.868948675917495,2600,260
"2945",0.87352485617397,2600,260
"2946",0.847638560101044,2600,260
"2947",0.870641488389569,2600,260
"2948",0.877561555819519,2600,260
"2949",0.851969306692899,2600,260
"2950",0.863020189725377,2600,260
"2951",0.883362414045191,2600,260
"2952",0.849532041878318,2600,260
"2953",0.845274238653876,2600,260
"2954",0.855124265540799,2600,260
"2955",0.874251695265055,2600,260
"2956",0.857533281561865,2600,260
"2957",0.861992313168692,2600,260
"2958",0.871239369812409,2600,260
"2959",0.881052798952231,2600,260
"2960",0.874082815782956,2600,260
"2961",0.871253236922427,2600,260
"2962",0.863691213300004,2600,260
"2963",0.867459794466778,2600,260
"2964",0.84479270765187,2600,260
"2965",0.832838158087646,2600,260
"2966",0.865095841565803,2600,260
"2967",0.846833243083235,2600,260
"2968",0.884616807890256,2600,260
"2969",0.851428310615883,2600,260
"2970",0.853150513304138,2600,260
"2971",0.857200190066135,2600,260
"2972",0.866500959226191,2600,260
"2973",0.829874440473836,2600,260
"2974",0.838104925099231,2600,260
"2975",0.860388261965092,2600,260
"2976",0.865289925982598,2600,260
"2977",0.853634472217987,2600,260
"2978",0.859385817391371,2600,260
"2979",0.85419319454215,2600,260
"2980",0.832490474692503,2600,260
"2981",0.879541170139858,2600,260
"2982",0.864764930166774,2600,260
"2983",0.872087492897507,2600,260
"2984",0.850606845457644,2600,260
"2985",0.880132664481553,2600,260
"2986",0.876809470636381,2600,260
"2987",0.876575315865056,2600,260
"2988",0.864213502661288,2600,260
"2989",0.856929169357191,2600,260
"2990",0.860070288365385,2600,260
"2991",0.834609881431105,2600,260
"2992",0.845539820655766,2600,260
"2993",0.862935322875797,2600,260
"2994",0.873632001902148,2600,260
"2995",0.869944529496843,2600,260
"2996",0.862275841986647,2600,260
"2997",0.861380370359299,2600,260
"2998",0.860204183592536,2600,260
"2999",0.846979755451187,2600,260
"3000",0.855756502191277,2600,260
"3001",0.862543215003933,2600,260
"3002",0.863112693023428,3100,310
"3003",0.885645249976152,3100,310
"3004",0.894201830312397,3100,310
"3005",0.909309326054008,3100,310
"3006",0.898157607310413,3100,310
"3007",0.894124094434312,3100,310
"3008",0.876163390213483,3100,310
"3009",0.868518238993957,3100,310
"3010",0.886945551965002,3100,310
"3011",0.876346286329109,3100,310
"3012",0.888095276214551,3100,310
"3013",0.882116966357041,3100,310
"3014",0.894225773830849,3100,310
"3015",0.876397260793155,3100,310
"3016",0.878977148271814,3100,310
"3017",0.885963520421714,3100,310
"3018",0.875728145260113,3100,310
"3019",0.863855959527097,3100,310
"3020",0.886832101381992,3100,310
"3021",0.89218805829791,3100,310
"3022",0.864645581900247,3100,310
"3023",0.873167202692085,3100,310
"3024",0.88824392573837,3100,310
"3025",0.896466583367756,3100,310
"3026",0.869877091048373,3100,310
"3027",0.871333146870847,3100,310
"3028",0.872758947778797,3100,310
"3029",0.897694292976556,3100,310
"3030",0.878156363519906,3100,310
"3031",0.876197060002988,3100,310
"3032",0.902012611370906,3100,310
"3033",0.876026962530586,3100,310
"3034",0.880209595308442,3100,310
"3035",0.895918485655206,3100,310
"3036",0.889106390836817,3100,310
"3037",0.874991643293615,3100,310
"3038",0.893602710890759,3100,310
"3039",0.893613443253282,3100,310
"3040",0.884305538360755,3100,310
"3041",0.890862388168218,3100,310
"3042",0.860163797040032,3100,310
"3043",0.876358801723546,3100,310
"3044",0.865203146734261,3100,310
"3045",0.872655720163537,3100,310
"3046",0.885923782562886,3100,310
"3047",0.867152465518435,3100,310
"3048",0.87645115348263,3100,310
"3049",0.862149638801236,3100,310
"3050",0.889313307239911,3100,310
"3051",0.884448649849498,3100,310
"3052",0.895716153761394,3100,310
"3053",0.881207980405792,3100,310
"3054",0.886294059101356,3100,310
"3055",0.856233433060049,3100,310
"3056",0.853503194057868,3100,310
"3057",0.855903361603204,3100,310
"3058",0.895552025278327,3100,310
"3059",0.874917009094863,3100,310
"3060",0.898666277205865,3100,310
"3061",0.868366045313668,3100,310
"3062",0.88514663583865,3100,310
"3063",0.890054250526514,3100,310
"3064",0.879445721910167,3100,310
"3065",0.879082521783623,3100,310
"3066",0.88487726566399,3100,310
"3067",0.868667984423407,3100,310
"3068",0.876074767619659,3100,310
"3069",0.874592232407999,3100,310
"3070",0.898231154309425,3100,310
"3071",0.888688190220728,3100,310
"3072",0.874001963571167,3100,310
"3073",0.889672750676096,3100,310
"3074",0.879466752042507,3100,310
"3075",0.894547887647319,3100,310
"3076",0.873356334611735,3100,310
"3077",0.885904945121528,3100,310
"3078",0.897070502376241,3100,310
"3079",0.883182985323846,3100,310
"3080",0.880978766053231,3100,310
"3081",0.866437874971474,3100,310
"3082",0.85387723132763,3100,310
"3083",0.869891285052253,3100,310
"3084",0.878238198859275,3100,310
"3085",0.861015933892997,3100,310
"3086",0.880705406022791,3100,310
"3087",0.885643137689167,3100,310
"3088",0.896398825512384,3100,310
"3089",0.869603187498617,3100,310
"3090",0.873548705118069,3100,310
"3091",0.874943091746448,3100,310
"3092",0.879361271099599,3100,310
"3093",0.88567804775245,3100,310
"3094",0.89343516418752,3100,310
"3095",0.893995238766697,3100,310
"3096",0.898414689116135,3100,310
"3097",0.893838757782068,3100,310
"3098",0.886844951585661,3100,310
"3099",0.875347491269401,3100,310
"3100",0.89217712925377,3100,310
"3101",0.87433835210848,3100,310
"3102",0.885351013682364,3100,310
"3103",0.88816345671144,3100,310
"3104",0.87051500439329,3100,310
"3105",0.885060091127489,3100,310
"3106",0.876690572839487,3100,310
"3107",0.861894677153044,3100,310
"3108",0.868078416885803,3100,310
"3109",0.861809781449073,3100,310
"3110",0.876078014604872,3100,310
"3111",0.883596448170351,3100,310
"3112",0.872191537205478,3100,310
"3113",0.865730239276084,3100,310
"3114",0.893756082160565,3100,310
"3115",0.879833745000197,3100,310
"3116",0.888669353991297,3100,310
"3117",0.881666917700507,3100,310
"3118",0.872771285336299,3100,310
"3119",0.875226702867305,3100,310
"3120",0.894537999309662,3100,310
"3121",0.857391002883061,3100,310
"3122",0.891525195085304,3100,310
"3123",0.875305083927113,3100,310
"3124",0.883876337611647,3100,310
"3125",0.88169644133864,3100,310
"3126",0.884249396644623,3100,310
"3127",0.891036220626399,3100,310
"3128",0.864247705783182,3100,310
"3129",0.881862775286917,3100,310
"3130",0.872217173078802,3100,310
"3131",0.868254222527473,3100,310
"3132",0.888651569149192,3100,310
"3133",0.881625772518107,3100,310
"3134",0.886079762689289,3100,310
"3135",0.882576218540497,3100,310
"3136",0.862263887612264,3100,310
"3137",0.874458833884128,3100,310
"3138",0.883669959309411,3100,310
"3139",0.877936935400221,3100,310
"3140",0.898622543531948,3100,310
"3141",0.867549907249478,3100,310
"3142",0.859947314833569,3100,310
"3143",0.892433302342095,3100,310
"3144",0.893831914809632,3100,310
"3145",0.887708082930797,3100,310
"3146",0.876526295530719,3100,310
"3147",0.880682419857855,3100,310
"3148",0.869248807107728,3100,310
"3149",0.891498270186447,3100,310
"3150",0.889693780028228,3100,310
"3151",0.867816487736534,3100,310
"3152",0.901797994489698,3100,310
"3153",0.874755016323812,3100,310
"3154",0.87398554795479,3100,310
"3155",0.862107992773239,3100,310
"3156",0.886444458591151,3100,310
"3157",0.854654285554261,3100,310
"3158",0.874007791407784,3100,310
"3159",0.877578397738398,3100,310
"3160",0.876689153267498,3100,310
"3161",0.838584738068012,3100,310
"3162",0.872029346640878,3100,310
"3163",0.881206108132008,3100,310
"3164",0.897986288670224,3100,310
"3165",0.882786469807853,3100,310
"3166",0.885265959887869,3100,310
"3167",0.893824134435816,3100,310
"3168",0.884138674048602,3100,310
"3169",0.873409226510572,3100,310
"3170",0.858825306219807,3100,310
"3171",0.885971668882099,3100,310
"3172",0.876498871546745,3100,310
"3173",0.889313216740302,3100,310
"3174",0.879924728802229,3100,310
"3175",0.87594622519489,3100,310
"3176",0.880597899366478,3100,310
"3177",0.88313354343958,3100,310
"3178",0.882448386867084,3100,310
"3179",0.870448496193608,3100,310
"3180",0.874170482751323,3100,310
"3181",0.887416485386726,3100,310
"3182",0.881409357307227,3100,310
"3183",0.8818469460098,3100,310
"3184",0.872600478716663,3100,310
"3185",0.881238923525952,3100,310
"3186",0.868572647848796,3100,310
"3187",0.868438897925085,3100,310
"3188",0.868283878262915,3100,310
"3189",0.867781914963937,3100,310
"3190",0.878365886920989,3100,310
"3191",0.878879395028015,3100,310
"3192",0.876969204990791,3100,310
"3193",0.871689696445718,3100,310
"3194",0.877959046605382,3100,310
"3195",0.889667057014576,3100,310
"3196",0.880438570566858,3100,310
"3197",0.874491656944509,3100,310
"3198",0.868017558740747,3100,310
"3199",0.845133853074108,3100,310
"3200",0.881285515058237,3100,310
"3201",0.880954265048143,3100,310
"3202",0.887820668228203,3100,310
"3203",0.878254495742413,3100,310
"3204",0.876057509565448,3100,310
"3205",0.872327792407783,3100,310
"3206",0.874714693269703,3100,310
"3207",0.883974753722199,3100,310
"3208",0.879123084802804,3100,310
"3209",0.902168098126873,3100,310
"3210",0.882270899267283,3100,310
"3211",0.894561442770852,3100,310
"3212",0.887820511213372,3100,310
"3213",0.886756906595136,3100,310
"3214",0.873187176765229,3100,310
"3215",0.874900969592721,3100,310
"3216",0.884925470567194,3100,310
"3217",0.887822988222549,3100,310
"3218",0.868886663967173,3100,310
"3219",0.868231873512409,3100,310
"3220",0.888448837292245,3100,310
"3221",0.89781014521593,3100,310
"3222",0.871388619306431,3100,310
"3223",0.870899827931598,3100,310
"3224",0.871394239108429,3100,310
"3225",0.883798203518836,3100,310
"3226",0.87811452138042,3100,310
"3227",0.889284464808596,3100,310
"3228",0.879871925462795,3100,310
"3229",0.881497649465583,3100,310
"3230",0.884361805372643,3100,310
"3231",0.873493200575002,3100,310
"3232",0.866766063333262,3100,310
"3233",0.869211706956639,3100,310
"3234",0.886201734881321,3100,310
"3235",0.878321305462677,3100,310
"3236",0.880101708634044,3100,310
"3237",0.895587687993352,3100,310
"3238",0.875624246662887,3100,310
"3239",0.857114785736603,3100,310
"3240",0.87397762907498,3100,310
"3241",0.899129588735437,3100,310
"3242",0.880997641089254,3100,310
"3243",0.850081311596874,3100,310
"3244",0.871867177754163,3100,310
"3245",0.875378177956576,3100,310
"3246",0.872395051441605,3100,310
"3247",0.879203358144174,3100,310
"3248",0.896895718986291,3100,310
"3249",0.870011429836129,3100,310
"3250",0.855790041269194,3100,310
"3251",0.864007677666287,3100,310
"3252",0.87460016174953,3100,310
"3253",0.890923770662021,3100,310
"3254",0.88901483614181,3100,310
"3255",0.894988904962566,3100,310
"3256",0.881825596196839,3100,310
"3257",0.894118365143269,3100,310
"3258",0.873388716490181,3100,310
"3259",0.87326752419495,3100,310
"3260",0.886345979170374,3100,310
"3261",0.877544822757597,3100,310
"3262",0.890980686715293,3100,310
"3263",0.864637117623889,3100,310
"3264",0.881219272711728,3100,310
"3265",0.884487589931339,3100,310
"3266",0.873875457413636,3100,310
"3267",0.83884165071087,3100,310
"3268",0.907990144609664,3100,310
"3269",0.881461365575266,3100,310
"3270",0.867043970457226,3100,310
"3271",0.872989815949248,3100,310
"3272",0.882098455776756,3100,310
"3273",0.85970101362507,3100,310
"3274",0.879811376876339,3100,310
"3275",0.864980104577058,3100,310
"3276",0.883586379568613,3100,310
"3277",0.867552489983312,3100,310
"3278",0.868838407793684,3100,310
"3279",0.868687099817395,3100,310
"3280",0.88777059870063,3100,310
"3281",0.867123526020151,3100,310
"3282",0.885471928545068,3100,310
"3283",0.886167380421141,3100,310
"3284",0.886592822137802,3100,310
"3285",0.871862164555592,3100,310
"3286",0.884255806702309,3100,310
"3287",0.862644628318583,3100,310
"3288",0.857057598315376,3100,310
"3289",0.895734043914158,3100,310
"3290",0.851733963135779,3100,310
"3291",0.867742784688956,3100,310
"3292",0.888175541653932,3100,310
"3293",0.859121524228184,3100,310
"3294",0.87816284457657,3100,310
"3295",0.864312239030869,3100,310
"3296",0.890732963010186,3100,310
"3297",0.881805037846531,3100,310
"3298",0.874790610233089,3100,310
"3299",0.86688419661748,3100,310
"3300",0.876810241912567,3100,310
"3301",0.895673625725574,3100,310
"3302",0.878429911695809,3100,310
"3303",0.874035519275239,3100,310
"3304",0.879241651817202,3100,310
"3305",0.869709052341832,3100,310
"3306",0.87264158477847,3100,310
"3307",0.878430937422959,3100,310
"3308",0.888452244047952,3100,310
"3309",0.889282404604215,3100,310
"3310",0.885513309614434,3100,310
"3311",0.888368707961159,3100,310
"3312",0.88212839768107,3100,310
"3313",0.865444691026318,3100,310
"3314",0.893542930492005,3100,310
"3315",0.897821228538198,3100,310
"3316",0.879234745708486,3100,310
"3317",0.871994007590791,3100,310
"3318",0.86194055377525,3100,310
"3319",0.887589214728923,3100,310
"3320",0.890835630998866,3100,310
"3321",0.858537434139146,3100,310
"3322",0.876780387943275,3100,310
"3323",0.886122753463529,3100,310
"3324",0.881342026310201,3100,310
"3325",0.873233763057294,3100,310
"3326",0.879332396533319,3100,310
"3327",0.901604299029426,3100,310
"3328",0.883194569172156,3100,310
"3329",0.900024047530661,3100,310
"3330",0.881222180414188,3100,310
"3331",0.883151194965424,3100,310
"3332",0.889596876605863,3100,310
"3333",0.882688704305589,3100,310
"3334",0.872227952661255,3100,310
"3335",0.861957990826291,3100,310
"3336",0.879509249952994,3100,310
"3337",0.874032324987154,3100,310
"3338",0.883383046225134,3100,310
"3339",0.891375001552611,3100,310
"3340",0.863498424937237,3100,310
"3341",0.890352043983627,3100,310
"3342",0.866161345364414,3100,310
"3343",0.887666671995384,3100,310
"3344",0.885666882396574,3100,310
"3345",0.859997950029056,3100,310
"3346",0.899837332999415,3100,310
"3347",0.878053396494315,3100,310
"3348",0.887142037317465,3100,310
"3349",0.891639574995558,3100,310
"3350",0.871623672020815,3100,310
"3351",0.864944106345557,3100,310
"3352",0.882244981035244,3100,310
"3353",0.885123957066683,3100,310
"3354",0.861544950084645,3100,310
"3355",0.886853184371145,3100,310
"3356",0.897155237580938,3100,310
"3357",0.880733618715819,3100,310
"3358",0.892095359042625,3100,310
"3359",0.872357870446728,3100,310
"3360",0.884191727263746,3100,310
"3361",0.891930347810814,3100,310
"3362",0.887794492952619,3100,310
"3363",0.881633622966324,3100,310
"3364",0.897214005995426,3100,310
"3365",0.883141614105762,3100,310
"3366",0.877670607311129,3100,310
"3367",0.867333709240697,3100,310
"3368",0.859123760264366,3100,310
"3369",0.873205770708114,3100,310
"3370",0.890188696587383,3100,310
"3371",0.870975897953895,3100,310
"3372",0.89063205132411,3100,310
"3373",0.878082182803525,3100,310
"3374",0.880023317350614,3100,310
"3375",0.863460131831639,3100,310
"3376",0.877751667720619,3100,310
"3377",0.863700102092173,3100,310
"3378",0.891764566792114,3100,310
"3379",0.871414867989522,3100,310
"3380",0.824070487114548,3100,310
"3381",0.886274626277617,3100,310
"3382",0.83694396100144,3100,310
"3383",0.892753735365467,3100,310
"3384",0.874488030829686,3100,310
"3385",0.88808120379574,3100,310
"3386",0.892779425552564,3100,310
"3387",0.868523106428622,3100,310
"3388",0.871793167779186,3100,310
"3389",0.890901459505477,3100,310
"3390",0.892527477597276,3100,310
"3391",0.874794687457353,3100,310
"3392",0.87175041334947,3100,310
"3393",0.883380992266934,3100,310
"3394",0.872371463198516,3100,310
"3395",0.857878275697398,3100,310
"3396",0.852686380161332,3100,310
"3397",0.878424237876294,3100,310
"3398",0.882162956406021,3100,310
"3399",0.877257008968681,3100,310
"3400",0.865065814676542,3100,310
"3401",0.874853587635359,3100,310
"3402",0.888307266547028,3100,310
"3403",0.864323151799045,3100,310
"3404",0.874823468880874,3100,310
"3405",0.892090438542983,3100,310
"3406",0.873705444975928,3100,310
"3407",0.891717600020605,3100,310
"3408",0.887845287810155,3100,310
"3409",0.898320219371786,3100,310
"3410",0.863012059710918,3100,310
"3411",0.890954589069171,3100,310
"3412",0.889178366466588,3100,310
"3413",0.880837662862608,3100,310
"3414",0.866275810049732,3100,310
"3415",0.908262550615483,3100,310
"3416",0.886432985155035,3100,310
"3417",0.877627882560738,3100,310
"3418",0.855609494582728,3100,310
"3419",0.885237752446884,3100,310
"3420",0.87281708011021,3100,310
"3421",0.899249337396736,3100,310
"3422",0.884617987022247,3100,310
"3423",0.873502520529485,3100,310
"3424",0.867225079135723,3100,310
"3425",0.861766893225799,3100,310
"3426",0.889592270192508,3100,310
"3427",0.893580390363494,3100,310
"3428",0.871723675575675,3100,310
"3429",0.889845540344755,3100,310
"3430",0.868324103189305,3100,310
"3431",0.885876027322979,3100,310
"3432",0.883178755800516,3100,310
"3433",0.892502797335698,3100,310
"3434",0.875530929898232,3100,310
"3435",0.867889343220032,3100,310
"3436",0.87401128652376,3100,310
"3437",0.886074700738437,3100,310
"3438",0.880520495074708,3100,310
"3439",0.862748614347727,3100,310
"3440",0.871729168087877,3100,310
"3441",0.87548309399009,3100,310
"3442",0.87101535864138,3100,310
"3443",0.869672424756902,3100,310
"3444",0.872562684459436,3100,310
"3445",0.857298835339988,3100,310
"3446",0.883141389266433,3100,310
"3447",0.884548999309105,3100,310
"3448",0.892482997135797,3100,310
"3449",0.859517741010416,3100,310
"3450",0.876448757192249,3100,310
"3451",0.882555170314386,3100,310
"3452",0.88312442636015,3100,310
"3453",0.881238584603308,3100,310
"3454",0.876794941384269,3100,310
"3455",0.872409916414274,3100,310
"3456",0.876668309675022,3100,310
"3457",0.886517140867883,3100,310
"3458",0.866197484767263,3100,310
"3459",0.894877400857286,3100,310
"3460",0.882749432862503,3100,310
"3461",0.875953057772062,3100,310
"3462",0.873585667478595,3100,310
"3463",0.849962180939522,3100,310
"3464",0.873542183412633,3100,310
"3465",0.862567703582012,3100,310
"3466",0.888860078095415,3100,310
"3467",0.863597495927766,3100,310
"3468",0.863661659577529,3100,310
"3469",0.865990848977096,3100,310
"3470",0.895915985015411,3100,310
"3471",0.880068523014396,3100,310
"3472",0.886392978647475,3100,310
"3473",0.878685619404179,3100,310
"3474",0.875174887734051,3100,310
"3475",0.885475500450952,3100,310
"3476",0.878880726213721,3100,310
"3477",0.871464496731629,3100,310
"3478",0.862027639354592,3100,310
"3479",0.885975202274725,3100,310
"3480",0.876774165715669,3100,310
"3481",0.881437380043841,3100,310
"3482",0.892719431650879,3100,310
"3483",0.88065592583777,3100,310
"3484",0.874179758193711,3100,310
"3485",0.869745429504133,3100,310
"3486",0.879177431948782,3100,310
"3487",0.883392249219322,3100,310
"3488",0.884074906746175,3100,310
"3489",0.879078618896405,3100,310
"3490",0.882352722452358,3100,310
"3491",0.879391810414786,3100,310
"3492",0.879215731857583,3100,310
"3493",0.859191309036986,3100,310
"3494",0.874835829139611,3100,310
"3495",0.878574349983383,3100,310
"3496",0.873990970931657,3100,310
"3497",0.870053362977669,3100,310
"3498",0.875013148752908,3100,310
"3499",0.889157751648659,3100,310
"3500",0.88437557304738,3100,310
"3501",0.877469315324557,3100,310
"3502",0.903720636278327,3600,360
"3503",0.883317812105502,3600,360
"3504",0.910639964682914,3600,360
"3505",0.891571925066939,3600,360
"3506",0.902447958561378,3600,360
"3507",0.87871167492865,3600,360
"3508",0.874531353753803,3600,360
"3509",0.879662706412337,3600,360
"3510",0.905003604398371,3600,360
"3511",0.893158354257956,3600,360
"3512",0.882490520099108,3600,360
"3513",0.875269819576115,3600,360
"3514",0.890076018790835,3600,360
"3515",0.896483634951542,3600,360
"3516",0.879530678559993,3600,360
"3517",0.903287870085385,3600,360
"3518",0.904799626644014,3600,360
"3519",0.912203802677954,3600,360
"3520",0.900044591614984,3600,360
"3521",0.897486021166593,3600,360
"3522",0.89692510784105,3600,360
"3523",0.892437919063403,3600,360
"3524",0.870656346958662,3600,360
"3525",0.891441464660469,3600,360
"3526",0.88178321739155,3600,360
"3527",0.89653931404726,3600,360
"3528",0.898663740785622,3600,360
"3529",0.881951425136018,3600,360
"3530",0.885735173423227,3600,360
"3531",0.880898722877574,3600,360
"3532",0.884400360553404,3600,360
"3533",0.891665186905545,3600,360
"3534",0.887986615561755,3600,360
"3535",0.884888068333141,3600,360
"3536",0.877375396061789,3600,360
"3537",0.879807025709653,3600,360
"3538",0.876323017498992,3600,360
"3539",0.886367823878365,3600,360
"3540",0.875418711423988,3600,360
"3541",0.895310408745914,3600,360
"3542",0.899198086545753,3600,360
"3543",0.870738539916684,3600,360
"3544",0.910986613042795,3600,360
"3545",0.897073300961727,3600,360
"3546",0.892611432601573,3600,360
"3547",0.896544303247772,3600,360
"3548",0.880427097829469,3600,360
"3549",0.897727843078678,3600,360
"3550",0.888173723183862,3600,360
"3551",0.896580240809896,3600,360
"3552",0.880282073963983,3600,360
"3553",0.873677632583238,3600,360
"3554",0.878899450908878,3600,360
"3555",0.876493910972102,3600,360
"3556",0.891291816509342,3600,360
"3557",0.896946664238108,3600,360
"3558",0.872784631164926,3600,360
"3559",0.875852011433836,3600,360
"3560",0.882663984764897,3600,360
"3561",0.894800145392702,3600,360
"3562",0.880903468438682,3600,360
"3563",0.891238761698904,3600,360
"3564",0.914910708061599,3600,360
"3565",0.907170697098382,3600,360
"3566",0.889678371214452,3600,360
"3567",0.900214029409516,3600,360
"3568",0.898892994564221,3600,360
"3569",0.889672238527896,3600,360
"3570",0.912669366707604,3600,360
"3571",0.866409315263915,3600,360
"3572",0.880379221086644,3600,360
"3573",0.889071633976548,3600,360
"3574",0.894411581364243,3600,360
"3575",0.899998925486123,3600,360
"3576",0.901246982348166,3600,360
"3577",0.88420554425454,3600,360
"3578",0.898325509219802,3600,360
"3579",0.881400859941034,3600,360
"3580",0.875922486599542,3600,360
"3581",0.88898402356594,3600,360
"3582",0.878721189670996,3600,360
"3583",0.897707791609604,3600,360
"3584",0.875884864309676,3600,360
"3585",0.890363455278836,3600,360
"3586",0.878087432134736,3600,360
"3587",0.898218863058437,3600,360
"3588",0.884149663532604,3600,360
"3589",0.871357441757784,3600,360
"3590",0.894077102086263,3600,360
"3591",0.882269280434291,3600,360
"3592",0.883983670600926,3600,360
"3593",0.914897323730002,3600,360
"3594",0.892485665935035,3600,360
"3595",0.898374165624051,3600,360
"3596",0.895812135289097,3600,360
"3597",0.867477350307797,3600,360
"3598",0.896878836674354,3600,360
"3599",0.899643330639369,3600,360
"3600",0.877633841571982,3600,360
"3601",0.897155175336942,3600,360
"3602",0.888657295943458,3600,360
"3603",0.902417801566349,3600,360
"3604",0.878677326914167,3600,360
"3605",0.881695160807899,3600,360
"3606",0.880595311546447,3600,360
"3607",0.899903990012204,3600,360
"3608",0.88274870004519,3600,360
"3609",0.883087960321952,3600,360
"3610",0.888013541007148,3600,360
"3611",0.884620608382072,3600,360
"3612",0.890077894363121,3600,360
"3613",0.890531548674352,3600,360
"3614",0.873694425874758,3600,360
"3615",0.870551095046134,3600,360
"3616",0.887377781885627,3600,360
"3617",0.903453990073048,3600,360
"3618",0.883541904128223,3600,360
"3619",0.894110337923296,3600,360
"3620",0.900032486935132,3600,360
"3621",0.873135781225299,3600,360
"3622",0.881896966270089,3600,360
"3623",0.896356500921783,3600,360
"3624",0.887504702471091,3600,360
"3625",0.892008002624166,3600,360
"3626",0.890394042973551,3600,360
"3627",0.901042152085627,3600,360
"3628",0.888115998251415,3600,360
"3629",0.907207085477677,3600,360
"3630",0.909334917857383,3600,360
"3631",0.903472595891176,3600,360
"3632",0.886347778960549,3600,360
"3633",0.896942391790337,3600,360
"3634",0.891412400351356,3600,360
"3635",0.88681169333704,3600,360
"3636",0.910364455180118,3600,360
"3637",0.891224406818868,3600,360
"3638",0.892814988072603,3600,360
"3639",0.877011099797459,3600,360
"3640",0.897103941950059,3600,360
"3641",0.883741014346122,3600,360
"3642",0.887439190798519,3600,360
"3643",0.893625463784887,3600,360
"3644",0.895941989621322,3600,360
"3645",0.874747884411364,3600,360
"3646",0.89474659229555,3600,360
"3647",0.89573766844125,3600,360
"3648",0.888000668891672,3600,360
"3649",0.888252233581663,3600,360
"3650",0.873805883912961,3600,360
"3651",0.884846736616586,3600,360
"3652",0.891908113969278,3600,360
"3653",0.891402979850256,3600,360
"3654",0.900958743046179,3600,360
"3655",0.890445153881605,3600,360
"3656",0.895415653614777,3600,360
"3657",0.895569104556684,3600,360
"3658",0.883004756021287,3600,360
"3659",0.89793466316016,3600,360
"3660",0.893822313116498,3600,360
"3661",0.888999759838511,3600,360
"3662",0.887442584157851,3600,360
"3663",0.882262976646357,3600,360
"3664",0.887873086261361,3600,360
"3665",0.887622142531888,3600,360
"3666",0.898944503570902,3600,360
"3667",0.883805379853244,3600,360
"3668",0.901686197114807,3600,360
"3669",0.912268439858583,3600,360
"3670",0.88855144840813,3600,360
"3671",0.898292011134729,3600,360
"3672",0.889314327542128,3600,360
"3673",0.900911483961389,3600,360
"3674",0.900329166454592,3600,360
"3675",0.888896373228788,3600,360
"3676",0.909059966982931,3600,360
"3677",0.901130193580466,3600,360
"3678",0.88532611623963,3600,360
"3679",0.884500618643496,3600,360
"3680",0.902868487468394,3600,360
"3681",0.883783432830066,3600,360
"3682",0.893240292118274,3600,360
"3683",0.903563275193095,3600,360
"3684",0.894652398761682,3600,360
"3685",0.884508113759989,3600,360
"3686",0.897039659024874,3600,360
"3687",0.871809371992157,3600,360
"3688",0.887498674868521,3600,360
"3689",0.902554845903473,3600,360
"3690",0.889646904317608,3600,360
"3691",0.883911922134449,3600,360
"3692",0.884715391759234,3600,360
"3693",0.888411758335511,3600,360
"3694",0.898093467644239,3600,360
"3695",0.894622845063885,3600,360
"3696",0.875811877099708,3600,360
"3697",0.904068009050695,3600,360
"3698",0.899649076149969,3600,360
"3699",0.906528971418527,3600,360
"3700",0.897488282706202,3600,360
"3701",0.877702214365716,3600,360
"3702",0.902383347742606,3600,360
"3703",0.903199358309213,3600,360
"3704",0.889728443546909,3600,360
"3705",0.895957093876537,3600,360
"3706",0.884439818988271,3600,360
"3707",0.878882810048056,3600,360
"3708",0.882734726853103,3600,360
"3709",0.879853250733823,3600,360
"3710",0.884867358622889,3600,360
"3711",0.893889349785756,3600,360
"3712",0.891771095110034,3600,360
"3713",0.894256952773107,3600,360
"3714",0.875619117905248,3600,360
"3715",0.886362645607008,3600,360
"3716",0.880558515251562,3600,360
"3717",0.914364481097687,3600,360
"3718",0.887660805648171,3600,360
"3719",0.873880780505139,3600,360
"3720",0.880830688397608,3600,360
"3721",0.882985969089297,3600,360
"3722",0.907161625431927,3600,360
"3723",0.897273537810204,3600,360
"3724",0.890788752271231,3600,360
"3725",0.8940002402044,3600,360
"3726",0.891177630865694,3600,360
"3727",0.882509752880289,3600,360
"3728",0.885447612745209,3600,360
"3729",0.891887994512084,3600,360
"3730",0.889037956649258,3600,360
"3731",0.888565165930669,3600,360
"3732",0.893686364700235,3600,360
"3733",0.899693514544708,3600,360
"3734",0.889129168040066,3600,360
"3735",0.887224299209628,3600,360
"3736",0.896732113851116,3600,360
"3737",0.881982088391351,3600,360
"3738",0.885824544837273,3600,360
"3739",0.893973916113208,3600,360
"3740",0.890825242488339,3600,360
"3741",0.894707672289643,3600,360
"3742",0.891084946077346,3600,360
"3743",0.891503674380724,3600,360
"3744",0.895606439891571,3600,360
"3745",0.868981427851325,3600,360
"3746",0.869740056150569,3600,360
"3747",0.89313385022411,3600,360
"3748",0.907214294527667,3600,360
"3749",0.889374258177326,3600,360
"3750",0.882964690181753,3600,360
"3751",0.890837214464482,3600,360
"3752",0.889860121368033,3600,360
"3753",0.890514427627863,3600,360
"3754",0.89081694081655,3600,360
"3755",0.890643150349667,3600,360
"3756",0.886077700037288,3600,360
"3757",0.898153303218638,3600,360
"3758",0.901244914230675,3600,360
"3759",0.889240550715286,3600,360
"3760",0.901387328349253,3600,360
"3761",0.890839280719574,3600,360
"3762",0.90068866164652,3600,360
"3763",0.872792762064501,3600,360
"3764",0.8823197291356,3600,360
"3765",0.890389500625,3600,360
"3766",0.887552438629395,3600,360
"3767",0.887470266672426,3600,360
"3768",0.893803467415102,3600,360
"3769",0.889984219340792,3600,360
"3770",0.885158728676935,3600,360
"3771",0.901340601576108,3600,360
"3772",0.886548958947454,3600,360
"3773",0.87187210316145,3600,360
"3774",0.892292206650571,3600,360
"3775",0.890995291730541,3600,360
"3776",0.899517466931344,3600,360
"3777",0.873199983076046,3600,360
"3778",0.892842762863851,3600,360
"3779",0.883458436982623,3600,360
"3780",0.887311309082867,3600,360
"3781",0.885583129202829,3600,360
"3782",0.912020560468544,3600,360
"3783",0.89074443433196,3600,360
"3784",0.903835581899847,3600,360
"3785",0.896707351748055,3600,360
"3786",0.890774308870555,3600,360
"3787",0.899150338641432,3600,360
"3788",0.880045735877239,3600,360
"3789",0.887076874468606,3600,360
"3790",0.893739787729788,3600,360
"3791",0.894670132067993,3600,360
"3792",0.907174525239957,3600,360
"3793",0.895588398138304,3600,360
"3794",0.900635937059566,3600,360
"3795",0.889674108047378,3600,360
"3796",0.892783982643308,3600,360
"3797",0.903240175663114,3600,360
"3798",0.898517521858604,3600,360
"3799",0.882923573492538,3600,360
"3800",0.892925680391072,3600,360
"3801",0.882463199590349,3600,360
"3802",0.87334776686185,3600,360
"3803",0.891496253202181,3600,360
"3804",0.894809759515134,3600,360
"3805",0.882637007036031,3600,360
"3806",0.887936220150025,3600,360
"3807",0.872970638382872,3600,360
"3808",0.895146515310732,3600,360
"3809",0.882889797383377,3600,360
"3810",0.903998923931869,3600,360
"3811",0.888745435960523,3600,360
"3812",0.876642907664617,3600,360
"3813",0.89985493310933,3600,360
"3814",0.900848617914074,3600,360
"3815",0.892996141236864,3600,360
"3816",0.893174098619429,3600,360
"3817",0.898411223310772,3600,360
"3818",0.888531514129379,3600,360
"3819",0.892146896487395,3600,360
"3820",0.89336955766754,3600,360
"3821",0.897514583608282,3600,360
"3822",0.888352014727055,3600,360
"3823",0.898801569700833,3600,360
"3824",0.877310808594925,3600,360
"3825",0.883507781785069,3600,360
"3826",0.899836449205193,3600,360
"3827",0.897790080026694,3600,360
"3828",0.863982441558393,3600,360
"3829",0.90058790297118,3600,360
"3830",0.888444993238268,3600,360
"3831",0.890500299888347,3600,360
"3832",0.915215242012537,3600,360
"3833",0.891082867153547,3600,360
"3834",0.881956934988686,3600,360
"3835",0.891485798018417,3600,360
"3836",0.889915684224823,3600,360
"3837",0.896400211443256,3600,360
"3838",0.900473265129201,3600,360
"3839",0.886751081010875,3600,360
"3840",0.907745360951025,3600,360
"3841",0.892616189948137,3600,360
"3842",0.917677230429282,3600,360
"3843",0.878742447141449,3600,360
"3844",0.887534914461168,3600,360
"3845",0.904102705491946,3600,360
"3846",0.892495903193484,3600,360
"3847",0.903437596556281,3600,360
"3848",0.921102036286394,3600,360
"3849",0.915820581271826,3600,360
"3850",0.884420299219746,3600,360
"3851",0.87553744599201,3600,360
"3852",0.884632502223685,3600,360
"3853",0.909625107043916,3600,360
"3854",0.892534846602248,3600,360
"3855",0.892072979114085,3600,360
"3856",0.877644208815289,3600,360
"3857",0.891358007328187,3600,360
"3858",0.888845150611482,3600,360
"3859",0.883833978991317,3600,360
"3860",0.867752864825506,3600,360
"3861",0.904480640384363,3600,360
"3862",0.91001437050099,3600,360
"3863",0.881033758533646,3600,360
"3864",0.892144620793033,3600,360
"3865",0.877311616946921,3600,360
"3866",0.900421300096923,3600,360
"3867",0.892970584525486,3600,360
"3868",0.880565612106059,3600,360
"3869",0.888817551046027,3600,360
"3870",0.891878368394792,3600,360
"3871",0.885432960284092,3600,360
"3872",0.904142501365288,3600,360
"3873",0.879083353962506,3600,360
"3874",0.884756610397268,3600,360
"3875",0.892917879654044,3600,360
"3876",0.881424050265111,3600,360
"3877",0.882485398652877,3600,360
"3878",0.881146803428086,3600,360
"3879",0.895529839625342,3600,360
"3880",0.892686568268609,3600,360
"3881",0.89645312163809,3600,360
"3882",0.895307517178967,3600,360
"3883",0.892094674367825,3600,360
"3884",0.893420047705208,3600,360
"3885",0.892844205753441,3600,360
"3886",0.884923879571754,3600,360
"3887",0.872605103232131,3600,360
"3888",0.884267230733439,3600,360
"3889",0.906142919541124,3600,360
"3890",0.887657387846925,3600,360
"3891",0.892106713197386,3600,360
"3892",0.903858345042014,3600,360
"3893",0.890164122831358,3600,360
"3894",0.879810162521913,3600,360
"3895",0.902533974973105,3600,360
"3896",0.909866110653783,3600,360
"3897",0.911124217332178,3600,360
"3898",0.901465323604164,3600,360
"3899",0.89471099321418,3600,360
"3900",0.878158214999459,3600,360
"3901",0.898763465130545,3600,360
"3902",0.890844856786859,3600,360
"3903",0.899302586249361,3600,360
"3904",0.90247976685676,3600,360
"3905",0.861431580524659,3600,360
"3906",0.905658358772874,3600,360
"3907",0.903586473390363,3600,360
"3908",0.893021890580724,3600,360
"3909",0.899445557645444,3600,360
"3910",0.8811973854563,3600,360
"3911",0.882720259806693,3600,360
"3912",0.892639058719415,3600,360
"3913",0.894610235443531,3600,360
"3914",0.890630639503029,3600,360
"3915",0.91391579008084,3600,360
"3916",0.89433523778274,3600,360
"3917",0.896140661370016,3600,360
"3918",0.908083316736404,3600,360
"3919",0.913560108808568,3600,360
"3920",0.885372016073796,3600,360
"3921",0.887613557835366,3600,360
"3922",0.886191932346176,3600,360
"3923",0.891726539689931,3600,360
"3924",0.888238651801827,3600,360
"3925",0.894643342792237,3600,360
"3926",0.897398880791247,3600,360
"3927",0.886289647319923,3600,360
"3928",0.879118221627687,3600,360
"3929",0.867785746050324,3600,360
"3930",0.889817031540228,3600,360
"3931",0.891078129659032,3600,360
"3932",0.891450506163897,3600,360
"3933",0.890579414347604,3600,360
"3934",0.895796109107118,3600,360
"3935",0.887747953349261,3600,360
"3936",0.886716602949332,3600,360
"3937",0.904979469946998,3600,360
"3938",0.899332774388804,3600,360
"3939",0.89598704580568,3600,360
"3940",0.897502909793871,3600,360
"3941",0.906104978660922,3600,360
"3942",0.884025203667978,3600,360
"3943",0.882353499821212,3600,360
"3944",0.88200540304889,3600,360
"3945",0.907736050620613,3600,360
"3946",0.901522918110543,3600,360
"3947",0.896961276024961,3600,360
"3948",0.881087596451201,3600,360
"3949",0.892326616907961,3600,360
"3950",0.890269959252265,3600,360
"3951",0.896277257992774,3600,360
"3952",0.888375734805137,3600,360
"3953",0.893571596261976,3600,360
"3954",0.910288555403672,3600,360
"3955",0.901780272550831,3600,360
"3956",0.883597819924392,3600,360
"3957",0.881747959626999,3600,360
"3958",0.898745978364145,3600,360
"3959",0.889684468673116,3600,360
"3960",0.89407202238456,3600,360
"3961",0.892162960230374,3600,360
"3962",0.898348259152578,3600,360
"3963",0.880160367958965,3600,360
"3964",0.890044687552226,3600,360
"3965",0.874222053963846,3600,360
"3966",0.893145522634213,3600,360
"3967",0.897613883012671,3600,360
"3968",0.867912565066369,3600,360
"3969",0.892925367923219,3600,360
"3970",0.882642842304099,3600,360
"3971",0.891088779192993,3600,360
"3972",0.904545025291084,3600,360
"3973",0.900874470259879,3600,360
"3974",0.904994765191836,3600,360
"3975",0.87572897128017,3600,360
"3976",0.904951941498426,3600,360
"3977",0.915744107214035,3600,360
"3978",0.885880696894563,3600,360
"3979",0.877161064791021,3600,360
"3980",0.905801096549103,3600,360
"3981",0.897366039903348,3600,360
"3982",0.901720145945005,3600,360
"3983",0.903936379748278,3600,360
"3984",0.890505260615743,3600,360
"3985",0.87937313164203,3600,360
"3986",0.890887294131103,3600,360
"3987",0.907868952215583,3600,360
"3988",0.907153939597747,3600,360
"3989",0.880008406167871,3600,360
"3990",0.894202571551123,3600,360
"3991",0.883616066335819,3600,360
"3992",0.908488458970095,3600,360
"3993",0.889084807054483,3600,360
"3994",0.900810645337808,3600,360
"3995",0.896714423930517,3600,360
"3996",0.892169272733898,3600,360
"3997",0.892418866979458,3600,360
"3998",0.891299488437439,3600,360
"3999",0.877452390728996,3600,360
"4000",0.880597235662824,3600,360
"4001",0.900348749081603,3600,360
"4002",0.896675153670735,4100,410
"4003",0.905072063202482,4100,410
"4004",0.880575296301293,4100,410
"4005",0.901698778218085,4100,410
"4006",0.90796603790348,4100,410
"4007",0.899193010007688,4100,410
"4008",0.911904384503324,4100,410
"4009",0.899443551951026,4100,410
"4010",0.898876295394081,4100,410
"4011",0.906381868721492,4100,410
"4012",0.893726874722185,4100,410
"4013",0.879118451153529,4100,410
"4014",0.904517449532271,4100,410
"4015",0.896485171617164,4100,410
"4016",0.890506963034118,4100,410
"4017",0.903032170302132,4100,410
"4018",0.901137461508768,4100,410
"4019",0.903438646410617,4100,410
"4020",0.89526366138565,4100,410
"4021",0.897885159009188,4100,410
"4022",0.907351348680185,4100,410
"4023",0.917134177016228,4100,410
"4024",0.887917419429648,4100,410
"4025",0.89604592281157,4100,410
"4026",0.900678475988237,4100,410
"4027",0.902846942295765,4100,410
"4028",0.921246848846061,4100,410
"4029",0.902023015079818,4100,410
"4030",0.897885871625172,4100,410
"4031",0.906446833750417,4100,410
"4032",0.911919507562369,4100,410
"4033",0.925707923585971,4100,410
"4034",0.887902911348989,4100,410
"4035",0.895605829350498,4100,410
"4036",0.89367909819736,4100,410
"4037",0.905112333662262,4100,410
"4038",0.889939425120406,4100,410
"4039",0.903367277719594,4100,410
"4040",0.893765892998707,4100,410
"4041",0.904172868193809,4100,410
"4042",0.891932793541281,4100,410
"4043",0.889198591584121,4100,410
"4044",0.909974906029953,4100,410
"4045",0.908030900903974,4100,410
"4046",0.897914743721633,4100,410
"4047",0.902392085010822,4100,410
"4048",0.900747018904377,4100,410
"4049",0.916796999246028,4100,410
"4050",0.891492618834004,4100,410
"4051",0.884638288382472,4100,410
"4052",0.903422718840539,4100,410
"4053",0.887339168103941,4100,410
"4054",0.901333365144323,4100,410
"4055",0.924723282022556,4100,410
"4056",0.908089535704425,4100,410
"4057",0.897915386694069,4100,410
"4058",0.891396137164589,4100,410
"4059",0.890003580363479,4100,410
"4060",0.915160914497685,4100,410
"4061",0.910784022404187,4100,410
"4062",0.900315345781282,4100,410
"4063",0.898960936015474,4100,410
"4064",0.895707720223803,4100,410
"4065",0.897261339260259,4100,410
"4066",0.891608318834035,4100,410
"4067",0.895071386128308,4100,410
"4068",0.900236532369738,4100,410
"4069",0.900189930363684,4100,410
"4070",0.899200991486856,4100,410
"4071",0.903137902532028,4100,410
"4072",0.897778074773047,4100,410
"4073",0.896934111691269,4100,410
"4074",0.895968831122441,4100,410
"4075",0.899945858018012,4100,410
"4076",0.901550641991781,4100,410
"4077",0.909531123555964,4100,410
"4078",0.899975657297801,4100,410
"4079",0.900011889278693,4100,410
"4080",0.899607027050457,4100,410
"4081",0.901322680971353,4100,410
"4082",0.901779168617387,4100,410
"4083",0.902558484914603,4100,410
"4084",0.895324475623048,4100,410
"4085",0.900284032174862,4100,410
"4086",0.896334378617236,4100,410
"4087",0.908995612681925,4100,410
"4088",0.904785833827926,4100,410
"4089",0.903608150145693,4100,410
"4090",0.902644077588042,4100,410
"4091",0.919322908104119,4100,410
"4092",0.905123883592001,4100,410
"4093",0.898635878806175,4100,410
"4094",0.902109778090474,4100,410
"4095",0.882869382694081,4100,410
"4096",0.8956157658212,4100,410
"4097",0.903017384538525,4100,410
"4098",0.909303462820035,4100,410
"4099",0.892239460389242,4100,410
"4100",0.907934874030188,4100,410
"4101",0.895816329261435,4100,410
"4102",0.914453050807013,4100,410
"4103",0.900883089591967,4100,410
"4104",0.899401175973986,4100,410
"4105",0.904337700459886,4100,410
"4106",0.899459444703827,4100,410
"4107",0.913147350002403,4100,410
"4108",0.912298756905596,4100,410
"4109",0.911289665798148,4100,410
"4110",0.900543650401206,4100,410
"4111",0.90812930360851,4100,410
"4112",0.904907776258514,4100,410
"4113",0.897937849658646,4100,410
"4114",0.899507971328339,4100,410
"4115",0.905895644048702,4100,410
"4116",0.9105731013359,4100,410
"4117",0.909830237861911,4100,410
"4118",0.8883976745875,4100,410
"4119",0.881050726900289,4100,410
"4120",0.900764103960603,4100,410
"4121",0.877659905543215,4100,410
"4122",0.911790340303981,4100,410
"4123",0.898691757919309,4100,410
"4124",0.908393093759428,4100,410
"4125",0.88054662450999,4100,410
"4126",0.898927822646631,4100,410
"4127",0.909615171708789,4100,410
"4128",0.912048085101569,4100,410
"4129",0.902813371697756,4100,410
"4130",0.893250537168498,4100,410
"4131",0.884133152438481,4100,410
"4132",0.91350493204313,4100,410
"4133",0.908275044761793,4100,410
"4134",0.905073843946589,4100,410
"4135",0.898899084700132,4100,410
"4136",0.897817265884982,4100,410
"4137",0.889296398325017,4100,410
"4138",0.906930606381557,4100,410
"4139",0.906553747610607,4100,410
"4140",0.918074414869899,4100,410
"4141",0.893503344070793,4100,410
"4142",0.8973408316824,4100,410
"4143",0.883952274511475,4100,410
"4144",0.901147162627487,4100,410
"4145",0.887585899771769,4100,410
"4146",0.899802435716805,4100,410
"4147",0.900501697202549,4100,410
"4148",0.914523795162399,4100,410
"4149",0.903057721630986,4100,410
"4150",0.897001439000894,4100,410
"4151",0.876370629610101,4100,410
"4152",0.900039332744006,4100,410
"4153",0.904330759148559,4100,410
"4154",0.898046929022195,4100,410
"4155",0.907900853856139,4100,410
"4156",0.888049752722975,4100,410
"4157",0.889404908308158,4100,410
"4158",0.899487840349619,4100,410
"4159",0.906555951975164,4100,410
"4160",0.894208651701071,4100,410
"4161",0.908980285817454,4100,410
"4162",0.895662782316171,4100,410
"4163",0.905826538158553,4100,410
"4164",0.894927952333483,4100,410
"4165",0.881305931070323,4100,410
"4166",0.91443291147072,4100,410
"4167",0.888856457319548,4100,410
"4168",0.918133172586753,4100,410
"4169",0.907002073500084,4100,410
"4170",0.889074697857511,4100,410
"4171",0.914058626069396,4100,410
"4172",0.905451018678845,4100,410
"4173",0.893999290932113,4100,410
"4174",0.901173589822156,4100,410
"4175",0.877777974529809,4100,410
"4176",0.89940518609187,4100,410
"4177",0.903602293084323,4100,410
"4178",0.909789313693964,4100,410
"4179",0.903303922918049,4100,410
"4180",0.904377299174725,4100,410
"4181",0.895056726802746,4100,410
"4182",0.896135850423191,4100,410
"4183",0.894173621146698,4100,410
"4184",0.889383573027287,4100,410
"4185",0.891130806278403,4100,410
"4186",0.885675391930507,4100,410
"4187",0.893446009814784,4100,410
"4188",0.899497558935967,4100,410
"4189",0.90622304455564,4100,410
"4190",0.888863203531337,4100,410
"4191",0.909762732189559,4100,410
"4192",0.906290374759691,4100,410
"4193",0.905488814613001,4100,410
"4194",0.912417593210233,4100,410
"4195",0.924040811691945,4100,410
"4196",0.903645549132538,4100,410
"4197",0.905542050261441,4100,410
"4198",0.896271824299714,4100,410
"4199",0.898230760822582,4100,410
"4200",0.908924185960188,4100,410
"4201",0.890623836990769,4100,410
"4202",0.901116141249004,4100,410
"4203",0.908235314436991,4100,410
"4204",0.88530132117676,4100,410
"4205",0.908653744316958,4100,410
"4206",0.901202687698066,4100,410
"4207",0.890462575808359,4100,410
"4208",0.911763042085881,4100,410
"4209",0.915461591480859,4100,410
"4210",0.910704438125862,4100,410
"4211",0.907549304588831,4100,410
"4212",0.903146216314951,4100,410
"4213",0.902485926316387,4100,410
"4214",0.901171021539929,4100,410
"4215",0.899864960658698,4100,410
"4216",0.894987375059427,4100,410
"4217",0.918432671002045,4100,410
"4218",0.885965371077217,4100,410
"4219",0.897742717905747,4100,410
"4220",0.895545045315706,4100,410
"4221",0.922901248318131,4100,410
"4222",0.897475865619413,4100,410
"4223",0.903187675770001,4100,410
"4224",0.89556756819658,4100,410
"4225",0.916955905742778,4100,410
"4226",0.893202951259001,4100,410
"4227",0.914640339060148,4100,410
"4228",0.908260859705716,4100,410
"4229",0.885911759941747,4100,410
"4230",0.893775135502607,4100,410
"4231",0.888325711601528,4100,410
"4232",0.916681979948757,4100,410
"4233",0.897502801421619,4100,410
"4234",0.919721071237891,4100,410
"4235",0.915277820838816,4100,410
"4236",0.885730940568143,4100,410
"4237",0.901861902754299,4100,410
"4238",0.904515324385004,4100,410
"4239",0.898737576017102,4100,410
"4240",0.892084910579708,4100,410
"4241",0.89575769606067,4100,410
"4242",0.904615492704322,4100,410
"4243",0.923163855003175,4100,410
"4244",0.891928908590031,4100,410
"4245",0.906208960835279,4100,410
"4246",0.889849840578644,4100,410
"4247",0.907284597340061,4100,410
"4248",0.906799444996212,4100,410
"4249",0.892779961321591,4100,410
"4250",0.909991154141525,4100,410
"4251",0.895061551836944,4100,410
"4252",0.889623153392283,4100,410
"4253",0.896130556314985,4100,410
"4254",0.921180016243537,4100,410
"4255",0.898059715052018,4100,410
"4256",0.908866029390744,4100,410
"4257",0.904512862632959,4100,410
"4258",0.899835979054807,4100,410
"4259",0.911390270694536,4100,410
"4260",0.890257612400594,4100,410
"4261",0.910622434582474,4100,410
"4262",0.900966967022115,4100,410
"4263",0.902549459175753,4100,410
"4264",0.881145101935366,4100,410
"4265",0.901400653901264,4100,410
"4266",0.901175543086944,4100,410
"4267",0.886930450814301,4100,410
"4268",0.909228933757939,4100,410
"4269",0.922168072286266,4100,410
"4270",0.908713132597884,4100,410
"4271",0.892115881422103,4100,410
"4272",0.907526992489394,4100,410
"4273",0.888791789154569,4100,410
"4274",0.890715333647193,4100,410
"4275",0.912467774774736,4100,410
"4276",0.908560293733648,4100,410
"4277",0.897537935083776,4100,410
"4278",0.893665775082768,4100,410
"4279",0.900666653506906,4100,410
"4280",0.892213991249258,4100,410
"4281",0.914597035466671,4100,410
"4282",0.923975826887132,4100,410
"4283",0.898882890487754,4100,410
"4284",0.906414672139563,4100,410
"4285",0.897177420883233,4100,410
"4286",0.90169143651647,4100,410
"4287",0.919009152160232,4100,410
"4288",0.898032522571159,4100,410
"4289",0.909953178326679,4100,410
"4290",0.90624720531659,4100,410
"4291",0.899927817924237,4100,410
"4292",0.89835496583775,4100,410
"4293",0.891676756447229,4100,410
"4294",0.901368835355448,4100,410
"4295",0.898180800121352,4100,410
"4296",0.907208652194362,4100,410
"4297",0.881152881617302,4100,410
"4298",0.910817000581287,4100,410
"4299",0.907784491971349,4100,410
"4300",0.908621387576571,4100,410
"4301",0.905587540547856,4100,410
"4302",0.913632730997697,4100,410
"4303",0.888160675435668,4100,410
"4304",0.896419041209737,4100,410
"4305",0.902515389649002,4100,410
"4306",0.907676074420954,4100,410
"4307",0.90414069892266,4100,410
"4308",0.905288404838669,4100,410
"4309",0.891009020465021,4100,410
"4310",0.906877724074689,4100,410
"4311",0.914705803051791,4100,410
"4312",0.912781885131263,4100,410
"4313",0.889311949508134,4100,410
"4314",0.919601690008452,4100,410
"4315",0.903194446337425,4100,410
"4316",0.896534232129392,4100,410
"4317",0.895434552867205,4100,410
"4318",0.891398162407768,4100,410
"4319",0.909482286018915,4100,410
"4320",0.898523431894844,4100,410
"4321",0.898421782773055,4100,410
"4322",0.902143483030831,4100,410
"4323",0.903549805778576,4100,410
"4324",0.890518174861291,4100,410
"4325",0.901610664824114,4100,410
"4326",0.893671918265833,4100,410
"4327",0.904996739175146,4100,410
"4328",0.904525831599802,4100,410
"4329",0.907461837945851,4100,410
"4330",0.910331010741129,4100,410
"4331",0.901807326731499,4100,410
"4332",0.906537774386894,4100,410
"4333",0.909408672900927,4100,410
"4334",0.896354716674979,4100,410
"4335",0.888664020250626,4100,410
"4336",0.899630685468805,4100,410
"4337",0.910263239278508,4100,410
"4338",0.903033496256366,4100,410
"4339",0.920121013707409,4100,410
"4340",0.912279242849121,4100,410
"4341",0.906222012634748,4100,410
"4342",0.901826176468897,4100,410
"4343",0.90456211313464,4100,410
"4344",0.882527230676456,4100,410
"4345",0.905460739509248,4100,410
"4346",0.912868591681406,4100,410
"4347",0.910190627794205,4100,410
"4348",0.903350698228009,4100,410
"4349",0.883948016119136,4100,410
"4350",0.882891283666236,4100,410
"4351",0.896316460419652,4100,410
"4352",0.906945682014185,4100,410
"4353",0.896860262746166,4100,410
"4354",0.891180050709987,4100,410
"4355",0.896020270838376,4100,410
"4356",0.894033836313914,4100,410
"4357",0.897100973452676,4100,410
"4358",0.908384153995441,4100,410
"4359",0.900254267440665,4100,410
"4360",0.887444715087772,4100,410
"4361",0.888275977471795,4100,410
"4362",0.903108888040555,4100,410
"4363",0.899923157798924,4100,410
"4364",0.916606391788736,4100,410
"4365",0.905586787311171,4100,410
"4366",0.890508787827234,4100,410
"4367",0.888647567268605,4100,410
"4368",0.903462306778419,4100,410
"4369",0.897435598078241,4100,410
"4370",0.897166896276969,4100,410
"4371",0.91288259825356,4100,410
"4372",0.915913567398959,4100,410
"4373",0.904585479772342,4100,410
"4374",0.895259638356966,4100,410
"4375",0.903310389612672,4100,410
"4376",0.902788672519086,4100,410
"4377",0.895145384344108,4100,410
"4378",0.89669517682713,4100,410
"4379",0.900829461517191,4100,410
"4380",0.89487317069381,4100,410
"4381",0.910290031875477,4100,410
"4382",0.897015478204574,4100,410
"4383",0.911872148865526,4100,410
"4384",0.899981881314675,4100,410
"4385",0.901380588454303,4100,410
"4386",0.904089085583455,4100,410
"4387",0.916003255145415,4100,410
"4388",0.898885602799292,4100,410
"4389",0.889396191227703,4100,410
"4390",0.90874512437638,4100,410
"4391",0.890362052704015,4100,410
"4392",0.904765855694311,4100,410
"4393",0.893885045821517,4100,410
"4394",0.898038063421749,4100,410
"4395",0.884561174803944,4100,410
"4396",0.900299834693464,4100,410
"4397",0.920320698933343,4100,410
"4398",0.906240764113752,4100,410
"4399",0.914006598559817,4100,410
"4400",0.91107492439333,4100,410
"4401",0.89575705754331,4100,410
"4402",0.903288092767952,4100,410
"4403",0.909276788505902,4100,410
"4404",0.897910950116598,4100,410
"4405",0.904189366553808,4100,410
"4406",0.91640290291751,4100,410
"4407",0.874022718745549,4100,410
"4408",0.899863592982805,4100,410
"4409",0.898938579710565,4100,410
"4410",0.89787033796607,4100,410
"4411",0.884289110313646,4100,410
"4412",0.905229440942444,4100,410
"4413",0.898845905173986,4100,410
"4414",0.89251824368667,4100,410
"4415",0.9114430045098,4100,410
"4416",0.905257954475197,4100,410
"4417",0.900658885415909,4100,410
"4418",0.899003405393889,4100,410
"4419",0.904021664480987,4100,410
"4420",0.880079266046529,4100,410
"4421",0.904763876245052,4100,410
"4422",0.900168602044867,4100,410
"4423",0.907624934461852,4100,410
"4424",0.89638559961108,4100,410
"4425",0.89808507139627,4100,410
"4426",0.905692477994884,4100,410
"4427",0.908342120922349,4100,410
"4428",0.90603196005064,4100,410
"4429",0.901538091113304,4100,410
"4430",0.898902233902822,4100,410
"4431",0.900446327284223,4100,410
"4432",0.902003368670952,4100,410
"4433",0.906547526563458,4100,410
"4434",0.910446471352378,4100,410
"4435",0.895037588222986,4100,410
"4436",0.896762507136692,4100,410
"4437",0.901350238794717,4100,410
"4438",0.916196973423388,4100,410
"4439",0.887370795699742,4100,410
"4440",0.90207349570897,4100,410
"4441",0.911775950046678,4100,410
"4442",0.89589864846028,4100,410
"4443",0.90326107542865,4100,410
"4444",0.89853979260551,4100,410
"4445",0.900588736684836,4100,410
"4446",0.912336241602969,4100,410
"4447",0.897157176066193,4100,410
"4448",0.90603071090051,4100,410
"4449",0.905860607376993,4100,410
"4450",0.898587878552142,4100,410
"4451",0.908420038719464,4100,410
"4452",0.887845336064905,4100,410
"4453",0.912571937098491,4100,410
"4454",0.897515175696372,4100,410
"4455",0.904790463790428,4100,410
"4456",0.900075185786927,4100,410
"4457",0.900635471326037,4100,410
"4458",0.904483967428695,4100,410
"4459",0.903005847902298,4100,410
"4460",0.891895538703414,4100,410
"4461",0.895807581892374,4100,410
"4462",0.891865427554936,4100,410
"4463",0.891596151898184,4100,410
"4464",0.896967800643972,4100,410
"4465",0.902501278944106,4100,410
"4466",0.878598239185764,4100,410
"4467",0.897211005885332,4100,410
"4468",0.908040949951305,4100,410
"4469",0.914873223861049,4100,410
"4470",0.904507608870756,4100,410
"4471",0.896775048915144,4100,410
"4472",0.905281278573451,4100,410
"4473",0.90437332066291,4100,410
"4474",0.890588130115072,4100,410
"4475",0.901497183620547,4100,410
"4476",0.907374148186912,4100,410
"4477",0.913603052733932,4100,410
"4478",0.9185666212382,4100,410
"4479",0.904255242751835,4100,410
"4480",0.902045082710411,4100,410
"4481",0.894157236594968,4100,410
"4482",0.901608218672312,4100,410
"4483",0.907434977413337,4100,410
"4484",0.904405396664619,4100,410
"4485",0.903977307768417,4100,410
"4486",0.885995977751292,4100,410
"4487",0.911349441105797,4100,410
"4488",0.908003442511323,4100,410
"4489",0.907111517401398,4100,410
"4490",0.894088759704431,4100,410
"4491",0.893556799178855,4100,410
"4492",0.903571450032362,4100,410
"4493",0.893778010247405,4100,410
"4494",0.894027322961249,4100,410
"4495",0.896980827389301,4100,410
"4496",0.902540660345961,4100,410
"4497",0.896986416877951,4100,410
"4498",0.895454171237204,4100,410
"4499",0.894031028136769,4100,410
"4500",0.914257925643507,4100,410
"4501",0.91006183040007,4100,410
"4502",0.913200982845445,4600,460
"4503",0.902933980497125,4600,460
"4504",0.918803613797303,4600,460
"4505",0.910676638641773,4600,460
"4506",0.905404498345872,4600,460
"4507",0.897978555378165,4600,460
"4508",0.912884341202017,4600,460
"4509",0.907803652199458,4600,460
"4510",0.910243538396723,4600,460
"4511",0.911931255168375,4600,460
"4512",0.914204773108871,4600,460
"4513",0.922720122006617,4600,460
"4514",0.906866016565127,4600,460
"4515",0.901571852793345,4600,460
"4516",0.897317896641074,4600,460
"4517",0.915000954325534,4600,460
"4518",0.885907832308049,4600,460
"4519",0.898439147389018,4600,460
"4520",0.913640143679617,4600,460
"4521",0.920822954980437,4600,460
"4522",0.91809324269008,4600,460
"4523",0.90605910045638,4600,460
"4524",0.926232212041757,4600,460
"4525",0.901016174918197,4600,460
"4526",0.908396824121946,4600,460
"4527",0.917059961778745,4600,460
"4528",0.895715833938018,4600,460
"4529",0.900239595416052,4600,460
"4530",0.910773283964973,4600,460
"4531",0.912692620136782,4600,460
"4532",0.930944361248474,4600,460
"4533",0.915152325717311,4600,460
"4534",0.916130034085038,4600,460
"4535",0.924930011539075,4600,460
"4536",0.905854315924526,4600,460
"4537",0.896969859794222,4600,460
"4538",0.914385810697689,4600,460
"4539",0.908146399423831,4600,460
"4540",0.914531266497087,4600,460
"4541",0.897288735118192,4600,460
"4542",0.900606461053479,4600,460
"4543",0.920602560921679,4600,460
"4544",0.91884579751408,4600,460
"4545",0.892872057842778,4600,460
"4546",0.910920142781133,4600,460
"4547",0.896443464093462,4600,460
"4548",0.923065619234447,4600,460
"4549",0.919837659834231,4600,460
"4550",0.911632121012935,4600,460
"4551",0.919834567534537,4600,460
"4552",0.914909502125922,4600,460
"4553",0.921746713344968,4600,460
"4554",0.894823306209107,4600,460
"4555",0.912601214112798,4600,460
"4556",0.896662704079647,4600,460
"4557",0.905485635461216,4600,460
"4558",0.909045127389359,4600,460
"4559",0.91404015991974,4600,460
"4560",0.911217839794152,4600,460
"4561",0.906038631237483,4600,460
"4562",0.911444522483156,4600,460
"4563",0.904672401875618,4600,460
"4564",0.905324663113009,4600,460
"4565",0.902483147949428,4600,460
"4566",0.921537663672825,4600,460
"4567",0.907856202972584,4600,460
"4568",0.91834977944626,4600,460
"4569",0.917618834692664,4600,460
"4570",0.915896495335976,4600,460
"4571",0.924006346933017,4600,460
"4572",0.917000403621136,4600,460
"4573",0.924110695067751,4600,460
"4574",0.909379369670052,4600,460
"4575",0.912857791879222,4600,460
"4576",0.912300029809016,4600,460
"4577",0.912198080541189,4600,460
"4578",0.91578001468181,4600,460
"4579",0.917142876263201,4600,460
"4580",0.909731522860464,4600,460
"4581",0.906662075846734,4600,460
"4582",0.903185326187743,4600,460
"4583",0.932072053650458,4600,460
"4584",0.91191883660576,4600,460
"4585",0.915454742987791,4600,460
"4586",0.904724099311349,4600,460
"4587",0.910356843201706,4600,460
"4588",0.924932071924592,4600,460
"4589",0.920330143300172,4600,460
"4590",0.89953564049899,4600,460
"4591",0.911034555031464,4600,460
"4592",0.909077465511018,4600,460
"4593",0.921804739199165,4600,460
"4594",0.914754356488837,4600,460
"4595",0.907397935470952,4600,460
"4596",0.92251716707211,4600,460
"4597",0.902859660694038,4600,460
"4598",0.909622635121679,4600,460
"4599",0.921182890548198,4600,460
"4600",0.911536677990223,4600,460
"4601",0.90335582675195,4600,460
"4602",0.916433307273485,4600,460
"4603",0.907916893581094,4600,460
"4604",0.89598599749144,4600,460
"4605",0.901571618873511,4600,460
"4606",0.906358452576324,4600,460
"4607",0.913172718195764,4600,460
"4608",0.920213543449482,4600,460
"4609",0.911657031844613,4600,460
"4610",0.906797306156867,4600,460
"4611",0.900915083523077,4600,460
"4612",0.91152293351352,4600,460
"4613",0.912881783062452,4600,460
"4614",0.90310690432924,4600,460
"4615",0.917701293243894,4600,460
"4616",0.909790558172397,4600,460
"4617",0.909335484135364,4600,460
"4618",0.910082589561869,4600,460
"4619",0.907658514260703,4600,460
"4620",0.923427817925447,4600,460
"4621",0.90709155223651,4600,460
"4622",0.909741456575958,4600,460
"4623",0.899105104761422,4600,460
"4624",0.889930180911656,4600,460
"4625",0.920611395709198,4600,460
"4626",0.902906288293026,4600,460
"4627",0.896769646856952,4600,460
"4628",0.91555641509928,4600,460
"4629",0.903405125620262,4600,460
"4630",0.897155573953344,4600,460
"4631",0.902797770591134,4600,460
"4632",0.901822347265438,4600,460
"4633",0.897033979626894,4600,460
"4634",0.916246796275308,4600,460
"4635",0.907735330470986,4600,460
"4636",0.923948308865184,4600,460
"4637",0.917934589293152,4600,460
"4638",0.911854576662749,4600,460
"4639",0.90377271788311,4600,460
"4640",0.902776813249392,4600,460
"4641",0.91818435567445,4600,460
"4642",0.904670262041495,4600,460
"4643",0.908837500682995,4600,460
"4644",0.913077955068987,4600,460
"4645",0.895282028830073,4600,460
"4646",0.911451893431494,4600,460
"4647",0.903929736397884,4600,460
"4648",0.906430653028747,4600,460
"4649",0.911097794978868,4600,460
"4650",0.92331387691395,4600,460
"4651",0.90404262369908,4600,460
"4652",0.907977588804223,4600,460
"4653",0.907054307141315,4600,460
"4654",0.916099689302014,4600,460
"4655",0.920761924965964,4600,460
"4656",0.90734496124635,4600,460
"4657",0.912227888340016,4600,460
"4658",0.903059813978707,4600,460
"4659",0.906245236387607,4600,460
"4660",0.929315112564178,4600,460
"4661",0.885918274618914,4600,460
"4662",0.918472715290432,4600,460
"4663",0.928465679778107,4600,460
"4664",0.911128796759647,4600,460
"4665",0.914417351711854,4600,460
"4666",0.906548583714768,4600,460
"4667",0.918847883847774,4600,460
"4668",0.922709010951182,4600,460
"4669",0.912952820319425,4600,460
"4670",0.912317392821763,4600,460
"4671",0.917358345434537,4600,460
"4672",0.921818735350772,4600,460
"4673",0.904335693886109,4600,460
"4674",0.910520546222161,4600,460
"4675",0.907337976845304,4600,460
"4676",0.922045486240122,4600,460
"4677",0.904955480647826,4600,460
"4678",0.914116012794874,4600,460
"4679",0.941685426587906,4600,460
"4680",0.912919909273641,4600,460
"4681",0.907375098478845,4600,460
"4682",0.922370515740066,4600,460
"4683",0.903799188220634,4600,460
"4684",0.906155340269494,4600,460
"4685",0.904319608111245,4600,460
"4686",0.911745869407486,4600,460
"4687",0.902201308266064,4600,460
"4688",0.908934475180048,4600,460
"4689",0.90167486613807,4600,460
"4690",0.907689093021933,4600,460
"4691",0.90934020804732,4600,460
"4692",0.911676253738754,4600,460
"4693",0.908613058288023,4600,460
"4694",0.912315332470674,4600,460
"4695",0.906626511313716,4600,460
"4696",0.903389736147088,4600,460
"4697",0.906638823951562,4600,460
"4698",0.902722119498472,4600,460
"4699",0.915739763680587,4600,460
"4700",0.926676255993149,4600,460
"4701",0.927547280281166,4600,460
"4702",0.905071481407362,4600,460
"4703",0.908791853967287,4600,460
"4704",0.896864933366843,4600,460
"4705",0.893911047708013,4600,460
"4706",0.914055180733813,4600,460
"4707",0.896939654305699,4600,460
"4708",0.910706059842855,4600,460
"4709",0.898073947098119,4600,460
"4710",0.909492378472331,4600,460
"4711",0.920495321144387,4600,460
"4712",0.913644358516743,4600,460
"4713",0.905963697911121,4600,460
"4714",0.902715784734968,4600,460
"4715",0.910449724689028,4600,460
"4716",0.905667742066769,4600,460
"4717",0.912565749753013,4600,460
"4718",0.90833002071521,4600,460
"4719",0.909654953387831,4600,460
"4720",0.92332058897318,4600,460
"4721",0.911954101001337,4600,460
"4722",0.903757739099345,4600,460
"4723",0.91324991524791,4600,460
"4724",0.90759599581095,4600,460
"4725",0.904783431349496,4600,460
"4726",0.907648100539452,4600,460
"4727",0.905867869470147,4600,460
"4728",0.910105421452211,4600,460
"4729",0.906261227692356,4600,460
"4730",0.904658878260885,4600,460
"4731",0.897183425626939,4600,460
"4732",0.901900637415243,4600,460
"4733",0.919170505743717,4600,460
"4734",0.914556242724394,4600,460
"4735",0.918133690358295,4600,460
"4736",0.903337653557546,4600,460
"4737",0.908188823161645,4600,460
"4738",0.909838821089492,4600,460
"4739",0.909148345126621,4600,460
"4740",0.916735891739751,4600,460
"4741",0.906357386594839,4600,460
"4742",0.914355634268962,4600,460
"4743",0.911032585579036,4600,460
"4744",0.904895036867808,4600,460
"4745",0.904870611252445,4600,460
"4746",0.924444296377709,4600,460
"4747",0.900374636226538,4600,460
"4748",0.917433672172982,4600,460
"4749",0.90665607204974,4600,460
"4750",0.915792719171832,4600,460
"4751",0.911162372609233,4600,460
"4752",0.915661888847683,4600,460
"4753",0.916783818074434,4600,460
"4754",0.913307655131684,4600,460
"4755",0.916116437403427,4600,460
"4756",0.908036782323235,4600,460
"4757",0.921199186582495,4600,460
"4758",0.91075648023143,4600,460
"4759",0.913007925641962,4600,460
"4760",0.919755264807601,4600,460
"4761",0.912759676403323,4600,460
"4762",0.91539541055553,4600,460
"4763",0.903957470508379,4600,460
"4764",0.925515303665793,4600,460
"4765",0.921930517094564,4600,460
"4766",0.92432747292774,4600,460
"4767",0.904441898267606,4600,460
"4768",0.918500119944675,4600,460
"4769",0.913511913466365,4600,460
"4770",0.914974952976326,4600,460
"4771",0.899762134112457,4600,460
"4772",0.896658272240528,4600,460
"4773",0.919139946963011,4600,460
"4774",0.905554358196794,4600,460
"4775",0.913103562553111,4600,460
"4776",0.915197993917459,4600,460
"4777",0.902883081361709,4600,460
"4778",0.9172800452156,4600,460
"4779",0.895766525157291,4600,460
"4780",0.916541271196733,4600,460
"4781",0.902952238058448,4600,460
"4782",0.905273675589095,4600,460
"4783",0.907836689564089,4600,460
"4784",0.908336888785706,4600,460
"4785",0.909385836943011,4600,460
"4786",0.911284516898803,4600,460
"4787",0.909601517272623,4600,460
"4788",0.911247944386605,4600,460
"4789",0.914690100966132,4600,460
"4790",0.903075201615727,4600,460
"4791",0.9087863851746,4600,460
"4792",0.92090739019961,4600,460
"4793",0.921027762161477,4600,460
"4794",0.910246527795906,4600,460
"4795",0.893695778208325,4600,460
"4796",0.917227249421008,4600,460
"4797",0.895252689198822,4600,460
"4798",0.890332005056974,4600,460
"4799",0.929070266772498,4600,460
"4800",0.899432382383367,4600,460
"4801",0.904796059864371,4600,460
"4802",0.912015552496691,4600,460
"4803",0.926759813078217,4600,460
"4804",0.899283866144946,4600,460
"4805",0.918951894962402,4600,460
"4806",0.914118937603222,4600,460
"4807",0.898017165171386,4600,460
"4808",0.909551352531078,4600,460
"4809",0.908307929620653,4600,460
"4810",0.909585146061732,4600,460
"4811",0.919145582967659,4600,460
"4812",0.921567890916451,4600,460
"4813",0.905702953436396,4600,460
"4814",0.897929014830533,4600,460
"4815",0.906711356032054,4600,460
"4816",0.913705489473913,4600,460
"4817",0.902561490600188,4600,460
"4818",0.919231831175916,4600,460
"4819",0.913278016747201,4600,460
"4820",0.910265456821009,4600,460
"4821",0.896814850118113,4600,460
"4822",0.911072920889474,4600,460
"4823",0.905950162255382,4600,460
"4824",0.918197597810362,4600,460
"4825",0.919612058971976,4600,460
"4826",0.905516360154403,4600,460
"4827",0.920273849133363,4600,460
"4828",0.900436384945635,4600,460
"4829",0.91021054510528,4600,460
"4830",0.90317744881634,4600,460
"4831",0.925783333307892,4600,460
"4832",0.911036367814703,4600,460
"4833",0.921459504866514,4600,460
"4834",0.895589199321456,4600,460
"4835",0.906002947271603,4600,460
"4836",0.916770240589653,4600,460
"4837",0.896097883132197,4600,460
"4838",0.920352126436531,4600,460
"4839",0.898726009607236,4600,460
"4840",0.904277433375415,4600,460
"4841",0.917339732071414,4600,460
"4842",0.888690476146777,4600,460
"4843",0.926778504130799,4600,460
"4844",0.925108452572112,4600,460
"4845",0.930426775310485,4600,460
"4846",0.911445869364918,4600,460
"4847",0.915773902560158,4600,460
"4848",0.915499766259309,4600,460
"4849",0.920176708453028,4600,460
"4850",0.899324068287435,4600,460
"4851",0.898366020978463,4600,460
"4852",0.910286108769032,4600,460
"4853",0.917894159864106,4600,460
"4854",0.903682407189848,4600,460
"4855",0.913155305511697,4600,460
"4856",0.91562572863806,4600,460
"4857",0.919909895435601,4600,460
"4858",0.901660619425371,4600,460
"4859",0.89899609336502,4600,460
"4860",0.899954523816304,4600,460
"4861",0.910361238202735,4600,460
"4862",0.922299490893373,4600,460
"4863",0.906761865999876,4600,460
"4864",0.910239274897927,4600,460
"4865",0.904643689879665,4600,460
"4866",0.897543504521417,4600,460
"4867",0.910637064839422,4600,460
"4868",0.924854408308121,4600,460
"4869",0.913920682544706,4600,460
"4870",0.907026969276413,4600,460
"4871",0.913210342674559,4600,460
"4872",0.923740890927902,4600,460
"4873",0.920563621044557,4600,460
"4874",0.90346829255755,4600,460
"4875",0.921835839758601,4600,460
"4876",0.899475117375528,4600,460
"4877",0.903482613530176,4600,460
"4878",0.910524043781414,4600,460
"4879",0.910305063493225,4600,460
"4880",0.916238780769566,4600,460
"4881",0.925903372300704,4600,460
"4882",0.912410816268572,4600,460
"4883",0.906092716387648,4600,460
"4884",0.903853817583578,4600,460
"4885",0.911295589896413,4600,460
"4886",0.91397740662805,4600,460
"4887",0.906419652476574,4600,460
"4888",0.91150297356343,4600,460
"4889",0.886427303817505,4600,460
"4890",0.917431271580324,4600,460
"4891",0.909821831973135,4600,460
"4892",0.903977642897013,4600,460
"4893",0.903544074357081,4600,460
"4894",0.916198758099944,4600,460
"4895",0.909432050828767,4600,460
"4896",0.894710164597009,4600,460
"4897",0.902363392403363,4600,460
"4898",0.910509086491781,4600,460
"4899",0.910506784145461,4600,460
"4900",0.923373431280255,4600,460
"4901",0.912700182478518,4600,460
"4902",0.914655816480062,4600,460
"4903",0.910002535222812,4600,460
"4904",0.913332721645334,4600,460
"4905",0.915970600980714,4600,460
"4906",0.904915145163328,4600,460
"4907",0.914236850461531,4600,460
"4908",0.900625087120134,4600,460
"4909",0.897583629506069,4600,460
"4910",0.924543118843676,4600,460
"4911",0.895742993835557,4600,460
"4912",0.90424621577416,4600,460
"4913",0.907517732688984,4600,460
"4914",0.907738699398221,4600,460
"4915",0.894934966390073,4600,460
"4916",0.904071759834419,4600,460
"4917",0.923162052861764,4600,460
"4918",0.909390443245367,4600,460
"4919",0.901042752448945,4600,460
"4920",0.911924336919079,4600,460
"4921",0.898947071529131,4600,460
"4922",0.919942019200696,4600,460
"4923",0.896793899448668,4600,460
"4924",0.904505206177903,4600,460
"4925",0.918782394223917,4600,460
"4926",0.905797361445655,4600,460
"4927",0.909030523791671,4600,460
"4928",0.909379559364833,4600,460
"4929",0.912777629183247,4600,460
"4930",0.90574834919387,4600,460
"4931",0.907928084719786,4600,460
"4932",0.888981131158384,4600,460
"4933",0.916988660678404,4600,460
"4934",0.89653156662156,4600,460
"4935",0.91047385903913,4600,460
"4936",0.914794708455693,4600,460
"4937",0.905370058463225,4600,460
"4938",0.910810126905718,4600,460
"4939",0.914829292366553,4600,460
"4940",0.909101068171369,4600,460
"4941",0.930318736107138,4600,460
"4942",0.914268008150424,4600,460
"4943",0.926335386505706,4600,460
"4944",0.900506829622654,4600,460
"4945",0.901817692370567,4600,460
"4946",0.912982017025238,4600,460
"4947",0.903876895426898,4600,460
"4948",0.907984798340324,4600,460
"4949",0.921893243791587,4600,460
"4950",0.914522838464233,4600,460
"4951",0.913016760804078,4600,460
"4952",0.910683409971052,4600,460
"4953",0.913567410486728,4600,460
"4954",0.921958650357579,4600,460
"4955",0.915662152383548,4600,460
"4956",0.907014390006473,4600,460
"4957",0.928290631153223,4600,460
"4958",0.904444728247628,4600,460
"4959",0.906971583337109,4600,460
"4960",0.90893376822968,4600,460
"4961",0.921733664354262,4600,460
"4962",0.929116949707479,4600,460
"4963",0.918519182724111,4600,460
"4964",0.910094585221308,4600,460
"4965",0.913620128890268,4600,460
"4966",0.893542196562708,4600,460
"4967",0.919910275112747,4600,460
"4968",0.910303097375178,4600,460
"4969",0.911020806541318,4600,460
"4970",0.920640890750572,4600,460
"4971",0.928313639040147,4600,460
"4972",0.913220343591024,4600,460
"4973",0.914820114903218,4600,460
"4974",0.907470332096059,4600,460
"4975",0.90562616292968,4600,460
"4976",0.911413129414159,4600,460
"4977",0.917237998174512,4600,460
"4978",0.90791369431147,4600,460
"4979",0.91742162934955,4600,460
"4980",0.913714109001531,4600,460
"4981",0.89837775323909,4600,460
"4982",0.912803736533418,4600,460
"4983",0.925826052559688,4600,460
"4984",0.907364857442859,4600,460
"4985",0.919178974788177,4600,460
"4986",0.913199019472601,4600,460
"4987",0.896791713365131,4600,460
"4988",0.920348751130394,4600,460
"4989",0.902222939486201,4600,460
"4990",0.921245274720912,4600,460
"4991",0.911167927612271,4600,460
"4992",0.902559297118183,4600,460
"4993",0.893768764029378,4600,460
"4994",0.908293187778395,4600,460
"4995",0.916891461573692,4600,460
"4996",0.909396511869384,4600,460
"4997",0.899558340185022,4600,460
"4998",0.886495535795314,4600,460
"4999",0.916833054631944,4600,460
"5000",0.92763091168654,4600,460
"5001",0.914129682053244,4600,460
"5002",0.915210832694362,5100,510
"5003",0.913486603382655,5100,510
"5004",0.908946191004415,5100,510
"5005",0.922584213990755,5100,510
"5006",0.922609270407226,5100,510
"5007",0.91790796006984,5100,510
"5008",0.917889320160503,5100,510
"5009",0.919566612617217,5100,510
"5010",0.919011437800115,5100,510
"5011",0.91690846085724,5100,510
"5012",0.912382849309252,5100,510
"5013",0.936553143803541,5100,510
"5014",0.907763522377375,5100,510
"5015",0.923185501656383,5100,510
"5016",0.913722850771416,5100,510
"5017",0.913606759573424,5100,510
"5018",0.908673931865429,5100,510
"5019",0.926367148083498,5100,510
"5020",0.911003877372006,5100,510
"5021",0.918765855696507,5100,510
"5022",0.923547423785546,5100,510
"5023",0.929474362357473,5100,510
"5024",0.917058176759794,5100,510
"5025",0.929726212087759,5100,510
"5026",0.914862659122651,5100,510
"5027",0.912249091212983,5100,510
"5028",0.90717489309446,5100,510
"5029",0.908443225490625,5100,510
"5030",0.918741522177629,5100,510
"5031",0.913055080052061,5100,510
"5032",0.934174029988871,5100,510
"5033",0.912771079307965,5100,510
"5034",0.918477536524721,5100,510
"5035",0.912323958898805,5100,510
"5036",0.905986047534623,5100,510
"5037",0.921371825137049,5100,510
"5038",0.917607928661272,5100,510
"5039",0.900965896768326,5100,510
"5040",0.92008318904931,5100,510
"5041",0.904410264022514,5100,510
"5042",0.911386125126848,5100,510
"5043",0.907572548979606,5100,510
"5044",0.914629965786335,5100,510
"5045",0.907812903238813,5100,510
"5046",0.911406880168102,5100,510
"5047",0.912446802302639,5100,510
"5048",0.908523748223861,5100,510
"5049",0.913515192800365,5100,510
"5050",0.931841778868019,5100,510
"5051",0.928066855670212,5100,510
"5052",0.917190939052045,5100,510
"5053",0.908025206883881,5100,510
"5054",0.914160207543145,5100,510
"5055",0.914152923215463,5100,510
"5056",0.911957909922417,5100,510
"5057",0.916035424552415,5100,510
"5058",0.921616800750798,5100,510
"5059",0.919227136448386,5100,510
"5060",0.91835961686727,5100,510
"5061",0.908984476022732,5100,510
"5062",0.910021975495993,5100,510
"5063",0.917577304403145,5100,510
"5064",0.921978849865893,5100,510
"5065",0.914443254446188,5100,510
"5066",0.911702283775007,5100,510
"5067",0.917260610931142,5100,510
"5068",0.910963033988892,5100,510
"5069",0.918493009506594,5100,510
"5070",0.914484271581765,5100,510
"5071",0.903352789429319,5100,510
"5072",0.906816565777051,5100,510
"5073",0.91980576801484,5100,510
"5074",0.92251652669016,5100,510
"5075",0.912234497023891,5100,510
"5076",0.914977529832528,5100,510
"5077",0.91080440341752,5100,510
"5078",0.918976034849451,5100,510
"5079",0.912199899431194,5100,510
"5080",0.898626917679708,5100,510
"5081",0.924765760118753,5100,510
"5082",0.92000291161934,5100,510
"5083",0.917062713800514,5100,510
"5084",0.89307130484532,5100,510
"5085",0.906178783287293,5100,510
"5086",0.918046533434576,5100,510
"5087",0.923914864345335,5100,510
"5088",0.910909449418661,5100,510
"5089",0.910970944595441,5100,510
"5090",0.915047852933919,5100,510
"5091",0.917217819117349,5100,510
"5092",0.920890834040257,5100,510
"5093",0.90697678615277,5100,510
"5094",0.909457327824052,5100,510
"5095",0.931562313570894,5100,510
"5096",0.910446858541075,5100,510
"5097",0.91270593643609,5100,510
"5098",0.914941292071257,5100,510
"5099",0.924299774398723,5100,510
"5100",0.923706623183638,5100,510
"5101",0.906963394598849,5100,510
"5102",0.924471849747321,5100,510
"5103",0.920359921047335,5100,510
"5104",0.915142126430789,5100,510
"5105",0.914443136690096,5100,510
"5106",0.901626352552296,5100,510
"5107",0.911925230617641,5100,510
"5108",0.916546548263163,5100,510
"5109",0.927472535714771,5100,510
"5110",0.923019999482427,5100,510
"5111",0.917317058894924,5100,510
"5112",0.916733070867225,5100,510
"5113",0.921333505325769,5100,510
"5114",0.92168457244188,5100,510
"5115",0.920534190305373,5100,510
"5116",0.916949959403798,5100,510
"5117",0.918753604456745,5100,510
"5118",0.900451858906119,5100,510
"5119",0.919064820575129,5100,510
"5120",0.916198689217677,5100,510
"5121",0.921135791673029,5100,510
"5122",0.917452640453572,5100,510
"5123",0.917083534760742,5100,510
"5124",0.925249459858053,5100,510
"5125",0.913026134801733,5100,510
"5126",0.908107133289173,5100,510
"5127",0.915943791966979,5100,510
"5128",0.927395310408759,5100,510
"5129",0.92573639637073,5100,510
"5130",0.918421159366207,5100,510
"5131",0.928866687701644,5100,510
"5132",0.915821217707538,5100,510
"5133",0.919510432328959,5100,510
"5134",0.925231796758886,5100,510
"5135",0.917291826462148,5100,510
"5136",0.913700686977648,5100,510
"5137",0.926454612656504,5100,510
"5138",0.93569362316213,5100,510
"5139",0.936128456636861,5100,510
"5140",0.927613697244085,5100,510
"5141",0.911514919933099,5100,510
"5142",0.911605086560319,5100,510
"5143",0.913164671542563,5100,510
"5144",0.924299930260135,5100,510
"5145",0.912120676042808,5100,510
"5146",0.911070505457613,5100,510
"5147",0.924942619059358,5100,510
"5148",0.906202881250125,5100,510
"5149",0.910438861686812,5100,510
"5150",0.924155958479383,5100,510
"5151",0.914130492373386,5100,510
"5152",0.91470688957321,5100,510
"5153",0.920791817869436,5100,510
"5154",0.912891592777795,5100,510
"5155",0.924809715765764,5100,510
"5156",0.922696992877356,5100,510
"5157",0.903891471305542,5100,510
"5158",0.909162195306109,5100,510
"5159",0.911902535203385,5100,510
"5160",0.913559378025583,5100,510
"5161",0.915625298224242,5100,510
"5162",0.920266188162203,5100,510
"5163",0.909186803795646,5100,510
"5164",0.917746894771156,5100,510
"5165",0.920451945207912,5100,510
"5166",0.919720673117257,5100,510
"5167",0.920139995852042,5100,510
"5168",0.904950216675568,5100,510
"5169",0.922702866880874,5100,510
"5170",0.912378791015746,5100,510
"5171",0.917377590351646,5100,510
"5172",0.918165774719145,5100,510
"5173",0.925358811377614,5100,510
"5174",0.910642727280948,5100,510
"5175",0.91499460615037,5100,510
"5176",0.912012215926492,5100,510
"5177",0.92233774310873,5100,510
"5178",0.915186461717722,5100,510
"5179",0.909885671051057,5100,510
"5180",0.916871403879025,5100,510
"5181",0.917943908418478,5100,510
"5182",0.915617468326546,5100,510
"5183",0.920524104542655,5100,510
"5184",0.925039709013111,5100,510
"5185",0.919217213368807,5100,510
"5186",0.922234380696735,5100,510
"5187",0.907678608269395,5100,510
"5188",0.924271934728377,5100,510
"5189",0.909424784230958,5100,510
"5190",0.911908733886787,5100,510
"5191",0.93114418645279,5100,510
"5192",0.904949116547959,5100,510
"5193",0.907644794653675,5100,510
"5194",0.912202147864813,5100,510
"5195",0.929736576643679,5100,510
"5196",0.924619422369696,5100,510
"5197",0.90989954785447,5100,510
"5198",0.914587468898629,5100,510
"5199",0.938442140922032,5100,510
"5200",0.912986771740846,5100,510
"5201",0.914475338506947,5100,510
"5202",0.911784850633306,5100,510
"5203",0.90929177505314,5100,510
"5204",0.925143935493347,5100,510
"5205",0.915997049233427,5100,510
"5206",0.910807822043084,5100,510
"5207",0.904385327297904,5100,510
"5208",0.931025898362993,5100,510
"5209",0.918963954787381,5100,510
"5210",0.909302453578276,5100,510
"5211",0.920282955775111,5100,510
"5212",0.918485699524323,5100,510
"5213",0.922447274623966,5100,510
"5214",0.921148223353744,5100,510
"5215",0.916523998600047,5100,510
"5216",0.921672020979855,5100,510
"5217",0.90872962862758,5100,510
"5218",0.914048782376803,5100,510
"5219",0.912376808229887,5100,510
"5220",0.925572165879492,5100,510
"5221",0.924821488547121,5100,510
"5222",0.900008150946658,5100,510
"5223",0.927942933871443,5100,510
"5224",0.929977816949055,5100,510
"5225",0.91788033702657,5100,510
"5226",0.904124234719247,5100,510
"5227",0.916448535982373,5100,510
"5228",0.9213008057299,5100,510
"5229",0.918703208211245,5100,510
"5230",0.917153406705094,5100,510
"5231",0.922685341532101,5100,510
"5232",0.91230198384665,5100,510
"5233",0.907781319911325,5100,510
"5234",0.919790684630657,5100,510
"5235",0.921863467747722,5100,510
"5236",0.904713464234117,5100,510
"5237",0.913140415047869,5100,510
"5238",0.91972909046782,5100,510
"5239",0.905384595100249,5100,510
"5240",0.907462943173604,5100,510
"5241",0.914994636760853,5100,510
"5242",0.928056854457505,5100,510
"5243",0.921254333666062,5100,510
"5244",0.919871398394301,5100,510
"5245",0.906999849927899,5100,510
"5246",0.916793500276884,5100,510
"5247",0.910229961615014,5100,510
"5248",0.91355193874908,5100,510
"5249",0.905426276653112,5100,510
"5250",0.917116407038424,5100,510
"5251",0.911253925615813,5100,510
"5252",0.924402050926969,5100,510
"5253",0.927242508280932,5100,510
"5254",0.926069630592174,5100,510
"5255",0.906870493310333,5100,510
"5256",0.90717536889091,5100,510
"5257",0.919780458752788,5100,510
"5258",0.908988886995269,5100,510
"5259",0.915572272981908,5100,510
"5260",0.921818763554729,5100,510
"5261",0.924608988133496,5100,510
"5262",0.917974307990292,5100,510
"5263",0.901002612421509,5100,510
"5264",0.910080840856983,5100,510
"5265",0.909746572123273,5100,510
"5266",0.904962354870828,5100,510
"5267",0.90798832684172,5100,510
"5268",0.904357461834388,5100,510
"5269",0.911825192452031,5100,510
"5270",0.925696174964322,5100,510
"5271",0.915487098987238,5100,510
"5272",0.916051045151815,5100,510
"5273",0.927945672991949,5100,510
"5274",0.904833944583456,5100,510
"5275",0.920331513762096,5100,510
"5276",0.909966879815231,5100,510
"5277",0.920642552309948,5100,510
"5278",0.929209390924267,5100,510
"5279",0.899324861963778,5100,510
"5280",0.914530247113668,5100,510
"5281",0.931808043199157,5100,510
"5282",0.924655755339235,5100,510
"5283",0.923332280919159,5100,510
"5284",0.920735996799068,5100,510
"5285",0.92223418210313,5100,510
"5286",0.9288349664712,5100,510
"5287",0.930300027555958,5100,510
"5288",0.922694826840233,5100,510
"5289",0.921805743512886,5100,510
"5290",0.920036855827943,5100,510
"5291",0.918533496361415,5100,510
"5292",0.91022294003568,5100,510
"5293",0.918831636348929,5100,510
"5294",0.918722781186049,5100,510
"5295",0.921613280101515,5100,510
"5296",0.914242569303265,5100,510
"5297",0.898335031094655,5100,510
"5298",0.926627000857234,5100,510
"5299",0.911285756339892,5100,510
"5300",0.906208329933683,5100,510
"5301",0.923062636029913,5100,510
"5302",0.918982019031099,5100,510
"5303",0.92682426247942,5100,510
"5304",0.925125577882328,5100,510
"5305",0.920534413850519,5100,510
"5306",0.928437730267269,5100,510
"5307",0.910115756566495,5100,510
"5308",0.921024693668143,5100,510
"5309",0.910351212273566,5100,510
"5310",0.925252220583758,5100,510
"5311",0.916976364051816,5100,510
"5312",0.915313827662799,5100,510
"5313",0.931417588841544,5100,510
"5314",0.917210227452919,5100,510
"5315",0.915162783942433,5100,510
"5316",0.929049046743124,5100,510
"5317",0.920934982502213,5100,510
"5318",0.927423249516937,5100,510
"5319",0.916198799068676,5100,510
"5320",0.920397899134908,5100,510
"5321",0.924767670008523,5100,510
"5322",0.907977103019757,5100,510
"5323",0.916716508514235,5100,510
"5324",0.916984121273876,5100,510
"5325",0.903065985187661,5100,510
"5326",0.917396916143076,5100,510
"5327",0.93079252355315,5100,510
"5328",0.917473123179618,5100,510
"5329",0.915146710844669,5100,510
"5330",0.925462612720492,5100,510
"5331",0.915577146905804,5100,510
"5332",0.911625907944681,5100,510
"5333",0.922926476163118,5100,510
"5334",0.934257423843957,5100,510
"5335",0.921032084140867,5100,510
"5336",0.90984465041701,5100,510
"5337",0.925868360270225,5100,510
"5338",0.90499542104636,5100,510
"5339",0.910730005412886,5100,510
"5340",0.912425029944374,5100,510
"5341",0.920282682580242,5100,510
"5342",0.910883835554778,5100,510
"5343",0.913189585267467,5100,510
"5344",0.912712022659805,5100,510
"5345",0.931620731406454,5100,510
"5346",0.914314292299735,5100,510
"5347",0.918637351324809,5100,510
"5348",0.917485674869425,5100,510
"5349",0.921408611184199,5100,510
"5350",0.920398552570845,5100,510
"5351",0.905412961348379,5100,510
"5352",0.933581212595687,5100,510
"5353",0.9113466969456,5100,510
"5354",0.92452859459716,5100,510
"5355",0.922341854756484,5100,510
"5356",0.917872356903754,5100,510
"5357",0.925714204678799,5100,510
"5358",0.913994733268853,5100,510
"5359",0.91983464496939,5100,510
"5360",0.914183083232904,5100,510
"5361",0.920293606390977,5100,510
"5362",0.915838353416066,5100,510
"5363",0.928844596018233,5100,510
"5364",0.917335041814774,5100,510
"5365",0.925091013680859,5100,510
"5366",0.921884987169958,5100,510
"5367",0.919113874259044,5100,510
"5368",0.921940011561255,5100,510
"5369",0.918594468792521,5100,510
"5370",0.919838447172585,5100,510
"5371",0.912871587977459,5100,510
"5372",0.928073911745663,5100,510
"5373",0.919788386050652,5100,510
"5374",0.920544967058105,5100,510
"5375",0.91568462274611,5100,510
"5376",0.914178622190591,5100,510
"5377",0.928791659373722,5100,510
"5378",0.922798045662728,5100,510
"5379",0.915216401619139,5100,510
"5380",0.919077629166049,5100,510
"5381",0.916220336948366,5100,510
"5382",0.911837663158174,5100,510
"5383",0.91635961208015,5100,510
"5384",0.924652993277335,5100,510
"5385",0.924967633730785,5100,510
"5386",0.900069861625483,5100,510
"5387",0.913378766539175,5100,510
"5388",0.911849906595837,5100,510
"5389",0.917216337115818,5100,510
"5390",0.928850268810407,5100,510
"5391",0.922965681523396,5100,510
"5392",0.921860886364247,5100,510
"5393",0.917929834348795,5100,510
"5394",0.917051818712846,5100,510
"5395",0.907508278340577,5100,510
"5396",0.90928913659012,5100,510
"5397",0.916470767999605,5100,510
"5398",0.91444738989539,5100,510
"5399",0.928838101093101,5100,510
"5400",0.913749293375174,5100,510
"5401",0.927429691694808,5100,510
"5402",0.918474992777035,5100,510
"5403",0.91238010933072,5100,510
"5404",0.921206119171797,5100,510
"5405",0.919324129656303,5100,510
"5406",0.925811303795544,5100,510
"5407",0.918672482596791,5100,510
"5408",0.916295308323378,5100,510
"5409",0.914676180905373,5100,510
"5410",0.911137169027968,5100,510
"5411",0.929844037348493,5100,510
"5412",0.930953969106041,5100,510
"5413",0.922155298216957,5100,510
"5414",0.906563850093382,5100,510
"5415",0.932203927240075,5100,510
"5416",0.911169033594354,5100,510
"5417",0.916592517129124,5100,510
"5418",0.924732880280783,5100,510
"5419",0.918050588999429,5100,510
"5420",0.909446831235502,5100,510
"5421",0.911072041559772,5100,510
"5422",0.918154808353261,5100,510
"5423",0.919175661623926,5100,510
"5424",0.913883076196751,5100,510
"5425",0.909251952665306,5100,510
"5426",0.922535169095841,5100,510
"5427",0.914294866087706,5100,510
"5428",0.910155346416081,5100,510
"5429",0.912066796793616,5100,510
"5430",0.917072527193881,5100,510
"5431",0.919447354386331,5100,510
"5432",0.913162956900188,5100,510
"5433",0.923284756167821,5100,510
"5434",0.919832464278663,5100,510
"5435",0.920949141592958,5100,510
"5436",0.914117063444069,5100,510
"5437",0.921772683999678,5100,510
"5438",0.926083572498711,5100,510
"5439",0.926066221806987,5100,510
"5440",0.919903643350193,5100,510
"5441",0.905617481883248,5100,510
"5442",0.926252385251284,5100,510
"5443",0.922838390184466,5100,510
"5444",0.915846309526383,5100,510
"5445",0.928342073391369,5100,510
"5446",0.924439985623704,5100,510
"5447",0.911036426578364,5100,510
"5448",0.926366361737406,5100,510
"5449",0.916844321242359,5100,510
"5450",0.904261040714861,5100,510
"5451",0.923117633408875,5100,510
"5452",0.917074297325643,5100,510
"5453",0.921318506847314,5100,510
"5454",0.92166498474087,5100,510
"5455",0.924704934007765,5100,510
"5456",0.902901076439081,5100,510
"5457",0.919187226488561,5100,510
"5458",0.914957456052911,5100,510
"5459",0.92234795394173,5100,510
"5460",0.917584478524547,5100,510
"5461",0.914231947915674,5100,510
"5462",0.917812510411243,5100,510
"5463",0.916802710328733,5100,510
"5464",0.921908602461398,5100,510
"5465",0.921818223483015,5100,510
"5466",0.933539874747008,5100,510
"5467",0.920932133147828,5100,510
"5468",0.926443297505392,5100,510
"5469",0.904767433270017,5100,510
"5470",0.922496438986119,5100,510
"5471",0.928143567566664,5100,510
"5472",0.917792909133047,5100,510
"5473",0.909085839655155,5100,510
"5474",0.900590496282987,5100,510
"5475",0.905834967094992,5100,510
"5476",0.914230048566719,5100,510
"5477",0.915285825850783,5100,510
"5478",0.92910991102685,5100,510
"5479",0.917333576740431,5100,510
"5480",0.923555388740778,5100,510
"5481",0.919492912814318,5100,510
"5482",0.924334032567963,5100,510
"5483",0.91653852137845,5100,510
"5484",0.923779863760745,5100,510
"5485",0.905554771382585,5100,510
"5486",0.908542842843954,5100,510
"5487",0.926158579944287,5100,510
"5488",0.913846059211584,5100,510
"5489",0.924732128398734,5100,510
"5490",0.922656689793532,5100,510
"5491",0.930086187051891,5100,510
"5492",0.918865006625541,5100,510
"5493",0.917020290575644,5100,510
"5494",0.899123157308813,5100,510
"5495",0.915631832385347,5100,510
"5496",0.904904018019491,5100,510
"5497",0.919308451433076,5100,510
"5498",0.919888809059966,5100,510
"5499",0.915811435810874,5100,510
"5500",0.90155976722442,5100,510
"5501",0.912713165935132,5100,510
"5502",0.930653568207438,5600,560
"5503",0.921529623191848,5600,560
"5504",0.928092123757457,5600,560
"5505",0.917048943138326,5600,560
"5506",0.913911401227362,5600,560
"5507",0.918338524212981,5600,560
"5508",0.925639086769138,5600,560
"5509",0.936504928416379,5600,560
"5510",0.932426816865317,5600,560
"5511",0.940516047631366,5600,560
"5512",0.924636664963267,5600,560
"5513",0.933549228750253,5600,560
"5514",0.920409922739846,5600,560
"5515",0.915186858507287,5600,560
"5516",0.921894894133218,5600,560
"5517",0.916692211988263,5600,560
"5518",0.916943026292903,5600,560
"5519",0.935188017394414,5600,560
"5520",0.931178235416541,5600,560
"5521",0.915172571121312,5600,560
"5522",0.934579243740394,5600,560
"5523",0.920670247028513,5600,560
"5524",0.924104159199314,5600,560
"5525",0.925896023585275,5600,560
"5526",0.919508961243121,5600,560
"5527",0.91454844360681,5600,560
"5528",0.923155856483331,5600,560
"5529",0.923692380874623,5600,560
"5530",0.926478794395338,5600,560
"5531",0.936134472513897,5600,560
"5532",0.927007965426643,5600,560
"5533",0.920485270275771,5600,560
"5534",0.92881663502121,5600,560
"5535",0.913109114918241,5600,560
"5536",0.90665039309887,5600,560
"5537",0.93121402299428,5600,560
"5538",0.922272263808272,5600,560
"5539",0.918756273303907,5600,560
"5540",0.914853947339196,5600,560
"5541",0.929792367107648,5600,560
"5542",0.930219380273982,5600,560
"5543",0.934702347556452,5600,560
"5544",0.917555397718889,5600,560
"5545",0.920199387284474,5600,560
"5546",0.921639312579402,5600,560
"5547",0.921671971184481,5600,560
"5548",0.940153176188218,5600,560
"5549",0.908179184471513,5600,560
"5550",0.920654570716952,5600,560
"5551",0.932645301363362,5600,560
"5552",0.92747276527493,5600,560
"5553",0.918215341836288,5600,560
"5554",0.922352462910065,5600,560
"5555",0.925998932491342,5600,560
"5556",0.932193980162968,5600,560
"5557",0.934286067476997,5600,560
"5558",0.938128557539643,5600,560
"5559",0.925958656648717,5600,560
"5560",0.917892683193167,5600,560
"5561",0.932158216826753,5600,560
"5562",0.902673734307281,5600,560
"5563",0.922457499712459,5600,560
"5564",0.922974823083753,5600,560
"5565",0.930154054231676,5600,560
"5566",0.916359799381458,5600,560
"5567",0.932788620974102,5600,560
"5568",0.927347089057138,5600,560
"5569",0.914369412931774,5600,560
"5570",0.918858030601913,5600,560
"5571",0.919752538285311,5600,560
"5572",0.926855308503157,5600,560
"5573",0.914648552325789,5600,560
"5574",0.932750881805184,5600,560
"5575",0.929557567977434,5600,560
"5576",0.916267789268837,5600,560
"5577",0.924417709736677,5600,560
"5578",0.924434225614443,5600,560
"5579",0.930749991494857,5600,560
"5580",0.918179113397964,5600,560
"5581",0.919973810091442,5600,560
"5582",0.923793227461079,5600,560
"5583",0.925035564043146,5600,560
"5584",0.924675995885456,5600,560
"5585",0.929113258548255,5600,560
"5586",0.936473072996336,5600,560
"5587",0.930230200536285,5600,560
"5588",0.936790579462449,5600,560
"5589",0.935436826336592,5600,560
"5590",0.933735341426726,5600,560
"5591",0.919937392596573,5600,560
"5592",0.921237100965421,5600,560
"5593",0.91476979816636,5600,560
"5594",0.919571169913822,5600,560
"5595",0.930289905752331,5600,560
"5596",0.935052163440352,5600,560
"5597",0.922112775608564,5600,560
"5598",0.91985563668471,5600,560
"5599",0.926623506051221,5600,560
"5600",0.91274232223923,5600,560
"5601",0.922039485912383,5600,560
"5602",0.911352427831511,5600,560
"5603",0.930180427530449,5600,560
"5604",0.918842956173586,5600,560
"5605",0.915922641901959,5600,560
"5606",0.913795643089547,5600,560
"5607",0.934857222985911,5600,560
"5608",0.90235095293795,5600,560
"5609",0.931179402816917,5600,560
"5610",0.925660264803827,5600,560
"5611",0.933726371937471,5600,560
"5612",0.929075051949075,5600,560
"5613",0.932656501970902,5600,560
"5614",0.930327055687489,5600,560
"5615",0.923058505201904,5600,560
"5616",0.930343464069529,5600,560
"5617",0.928388591374086,5600,560
"5618",0.904534039202545,5600,560
"5619",0.920785280585116,5600,560
"5620",0.92227054877741,5600,560
"5621",0.915822633009455,5600,560
"5622",0.921745406688288,5600,560
"5623",0.925720099077127,5600,560
"5624",0.910244515019536,5600,560
"5625",0.925234695268295,5600,560
"5626",0.938468617658052,5600,560
"5627",0.923041193181083,5600,560
"5628",0.927875753894672,5600,560
"5629",0.913983111926109,5600,560
"5630",0.926347426774013,5600,560
"5631",0.913963989614446,5600,560
"5632",0.917751133131761,5600,560
"5633",0.929465773514285,5600,560
"5634",0.933022057881437,5600,560
"5635",0.918910416159136,5600,560
"5636",0.916949377045846,5600,560
"5637",0.938166331236253,5600,560
"5638",0.919775311045968,5600,560
"5639",0.931584354650403,5600,560
"5640",0.919432699130271,5600,560
"5641",0.920944208931967,5600,560
"5642",0.920427713742227,5600,560
"5643",0.923033335303861,5600,560
"5644",0.912822352692814,5600,560
"5645",0.924659031414971,5600,560
"5646",0.925629892640624,5600,560
"5647",0.929526275741337,5600,560
"5648",0.93051667243039,5600,560
"5649",0.925007012084629,5600,560
"5650",0.924596098933258,5600,560
"5651",0.910406739308744,5600,560
"5652",0.92893462771342,5600,560
"5653",0.927393287214747,5600,560
"5654",0.921335464733388,5600,560
"5655",0.912201958152352,5600,560
"5656",0.933436920517764,5600,560
"5657",0.927201465844057,5600,560
"5658",0.919853259413232,5600,560
"5659",0.93272763069267,5600,560
"5660",0.928766423269692,5600,560
"5661",0.918876142206006,5600,560
"5662",0.922589283593238,5600,560
"5663",0.927885776437046,5600,560
"5664",0.922799526934848,5600,560
"5665",0.929431583065301,5600,560
"5666",0.940719551934135,5600,560
"5667",0.937703723311004,5600,560
"5668",0.922927747142399,5600,560
"5669",0.93189752077299,5600,560
"5670",0.928314580597068,5600,560
"5671",0.924662363370405,5600,560
"5672",0.935195721103571,5600,560
"5673",0.93764777907034,5600,560
"5674",0.916678469072184,5600,560
"5675",0.942456892423764,5600,560
"5676",0.926485674817189,5600,560
"5677",0.919555180818805,5600,560
"5678",0.91908264070162,5600,560
"5679",0.930258416872161,5600,560
"5680",0.903900395209817,5600,560
"5681",0.923107260817373,5600,560
"5682",0.92849354465584,5600,560
"5683",0.920356765172023,5600,560
"5684",0.925450409183472,5600,560
"5685",0.921397038543053,5600,560
"5686",0.910657060778773,5600,560
"5687",0.919074723448918,5600,560
"5688",0.931133442782302,5600,560
"5689",0.924795002021573,5600,560
"5690",0.914490725213389,5600,560
"5691",0.918218197473071,5600,560
"5692",0.928012207938774,5600,560
"5693",0.925018052079581,5600,560
"5694",0.920506345703531,5600,560
"5695",0.932979256115599,5600,560
"5696",0.918419525620645,5600,560
"5697",0.91430052525526,5600,560
"5698",0.926180340480291,5600,560
"5699",0.914721664695879,5600,560
"5700",0.916509516473816,5600,560
"5701",0.932777775148692,5600,560
"5702",0.919280233727767,5600,560
"5703",0.921785109519364,5600,560
"5704",0.925832402326191,5600,560
"5705",0.934299231298915,5600,560
"5706",0.919665036254694,5600,560
"5707",0.927127729086271,5600,560
"5708",0.918394861358818,5600,560
"5709",0.920761958695428,5600,560
"5710",0.918600328506004,5600,560
"5711",0.915963321279956,5600,560
"5712",0.912944681953666,5600,560
"5713",0.920854442197853,5600,560
"5714",0.917411247319841,5600,560
"5715",0.93578598462065,5600,560
"5716",0.919419416796007,5600,560
"5717",0.921401278454707,5600,560
"5718",0.920182211544547,5600,560
"5719",0.918483880555547,5600,560
"5720",0.927215317833622,5600,560
"5721",0.933662768012902,5600,560
"5722",0.930708882933591,5600,560
"5723",0.927327317100869,5600,560
"5724",0.923587263914857,5600,560
"5725",0.9259237429112,5600,560
"5726",0.922178653104278,5600,560
"5727",0.93283903548304,5600,560
"5728",0.931926918747778,5600,560
"5729",0.912067697344466,5600,560
"5730",0.925576862024732,5600,560
"5731",0.929908412948654,5600,560
"5732",0.925250737493822,5600,560
"5733",0.934760415477008,5600,560
"5734",0.931025992263505,5600,560
"5735",0.923853796250449,5600,560
"5736",0.919664665399458,5600,560
"5737",0.920254561538459,5600,560
"5738",0.924053161536617,5600,560
"5739",0.921513286544799,5600,560
"5740",0.925557941022295,5600,560
"5741",0.929108863666953,5600,560
"5742",0.92512746831317,5600,560
"5743",0.927700624046901,5600,560
"5744",0.914347476218074,5600,560
"5745",0.918517422371633,5600,560
"5746",0.915651904854836,5600,560
"5747",0.931649443508685,5600,560
"5748",0.922512013127738,5600,560
"5749",0.928016668487736,5600,560
"5750",0.918024209403415,5600,560
"5751",0.921820605875968,5600,560
"5752",0.924084223071236,5600,560
"5753",0.91532370433558,5600,560
"5754",0.92258846679987,5600,560
"5755",0.918774377794195,5600,560
"5756",0.925233634466797,5600,560
"5757",0.915011515454845,5600,560
"5758",0.913442365407629,5600,560
"5759",0.914085531744821,5600,560
"5760",0.927786694992081,5600,560
"5761",0.928261670364388,5600,560
"5762",0.923447140006193,5600,560
"5763",0.913360623559391,5600,560
"5764",0.927430596336061,5600,560
"5765",0.914908863777617,5600,560
"5766",0.930115525915205,5600,560
"5767",0.921471666634532,5600,560
"5768",0.923946707204199,5600,560
"5769",0.936129157701923,5600,560
"5770",0.931220231661458,5600,560
"5771",0.919558172117125,5600,560
"5772",0.921421031318444,5600,560
"5773",0.914086364177804,5600,560
"5774",0.923304529173621,5600,560
"5775",0.910878967557196,5600,560
"5776",0.933359128563893,5600,560
"5777",0.9257425452497,5600,560
"5778",0.922019699362836,5600,560
"5779",0.929321397579309,5600,560
"5780",0.932297210502721,5600,560
"5781",0.925271124692256,5600,560
"5782",0.929263667589312,5600,560
"5783",0.928401371367949,5600,560
"5784",0.928499601346158,5600,560
"5785",0.928610995262235,5600,560
"5786",0.929654870223965,5600,560
"5787",0.918807495882118,5600,560
"5788",0.91427119618659,5600,560
"5789",0.919106196917887,5600,560
"5790",0.918197901272467,5600,560
"5791",0.928292660327198,5600,560
"5792",0.933606203702822,5600,560
"5793",0.926955737464937,5600,560
"5794",0.921675497800059,5600,560
"5795",0.911664036751998,5600,560
"5796",0.921324300355392,5600,560
"5797",0.924248881884821,5600,560
"5798",0.91052634445899,5600,560
"5799",0.930340603230214,5600,560
"5800",0.926203749035251,5600,560
"5801",0.926640093206442,5600,560
"5802",0.925089273827246,5600,560
"5803",0.909885170773942,5600,560
"5804",0.911296422299153,5600,560
"5805",0.924492810584972,5600,560
"5806",0.934079194998518,5600,560
"5807",0.927787667318639,5600,560
"5808",0.925820448844684,5600,560
"5809",0.92089195263182,5600,560
"5810",0.921008281219022,5600,560
"5811",0.939936603126033,5600,560
"5812",0.924005169659679,5600,560
"5813",0.925788669675612,5600,560
"5814",0.914388060093351,5600,560
"5815",0.915615327414448,5600,560
"5816",0.924507580687098,5600,560
"5817",0.930690030304839,5600,560
"5818",0.927956919249103,5600,560
"5819",0.91135662654732,5600,560
"5820",0.921109443647226,5600,560
"5821",0.93701066455074,5600,560
"5822",0.928670569099663,5600,560
"5823",0.925818344795706,5600,560
"5824",0.916048804685372,5600,560
"5825",0.929063826147036,5600,560
"5826",0.931245800060949,5600,560
"5827",0.919384546990355,5600,560
"5828",0.931813825297853,5600,560
"5829",0.930792776043092,5600,560
"5830",0.922827105797691,5600,560
"5831",0.931707005873403,5600,560
"5832",0.932663207939448,5600,560
"5833",0.917025972835867,5600,560
"5834",0.927053916018344,5600,560
"5835",0.926736460964627,5600,560
"5836",0.91853452203376,5600,560
"5837",0.929456769798181,5600,560
"5838",0.917138380528221,5600,560
"5839",0.917982183006226,5600,560
"5840",0.917152623328555,5600,560
"5841",0.924543140448275,5600,560
"5842",0.919535950230613,5600,560
"5843",0.919780824275546,5600,560
"5844",0.930310042592968,5600,560
"5845",0.926296258351675,5600,560
"5846",0.921296099900859,5600,560
"5847",0.932755375407864,5600,560
"5848",0.926181272574281,5600,560
"5849",0.922546636418398,5600,560
"5850",0.921507855182046,5600,560
"5851",0.915422903992443,5600,560
"5852",0.936500343554079,5600,560
"5853",0.926695975244687,5600,560
"5854",0.936195131835274,5600,560
"5855",0.932210609349404,5600,560
"5856",0.923908636067973,5600,560
"5857",0.910655467499538,5600,560
"5858",0.925900798228162,5600,560
"5859",0.934890202595578,5600,560
"5860",0.926794433815329,5600,560
"5861",0.933450368880235,5600,560
"5862",0.9335096275646,5600,560
"5863",0.92143557352654,5600,560
"5864",0.919577705842858,5600,560
"5865",0.914544401815174,5600,560
"5866",0.916919028657978,5600,560
"5867",0.918307718144288,5600,560
"5868",0.932022126899262,5600,560
"5869",0.930925157808792,5600,560
"5870",0.928425266241896,5600,560
"5871",0.926371819259681,5600,560
"5872",0.928018213113805,5600,560
"5873",0.926070589656342,5600,560
"5874",0.924104457113621,5600,560
"5875",0.921380574106167,5600,560
"5876",0.929614543554489,5600,560
"5877",0.92002456363498,5600,560
"5878",0.938922654315439,5600,560
"5879",0.929565468555521,5600,560
"5880",0.934082272978749,5600,560
"5881",0.924188548999552,5600,560
"5882",0.919825059443662,5600,560
"5883",0.914137581819967,5600,560
"5884",0.932849110544606,5600,560
"5885",0.925329566274411,5600,560
"5886",0.918970954482205,5600,560
"5887",0.924700413356151,5600,560
"5888",0.923821613410914,5600,560
"5889",0.918187323091395,5600,560
"5890",0.936872283611626,5600,560
"5891",0.926305658854184,5600,560
"5892",0.920895622585626,5600,560
"5893",0.919523616044353,5600,560
"5894",0.93358914806656,5600,560
"5895",0.924085478840159,5600,560
"5896",0.92155031079706,5600,560
"5897",0.921589045061908,5600,560
"5898",0.934300617883473,5600,560
"5899",0.918632435992174,5600,560
"5900",0.925231906691928,5600,560
"5901",0.924074003092621,5600,560
"5902",0.928225639205187,5600,560
"5903",0.927146404319935,5600,560
"5904",0.929237036998395,5600,560
"5905",0.929363013810175,5600,560
"5906",0.930089917796011,5600,560
"5907",0.915890265097947,5600,560
"5908",0.927121939193165,5600,560
"5909",0.913535873117909,5600,560
"5910",0.928409253740659,5600,560
"5911",0.922462594606822,5600,560
"5912",0.917060609204529,5600,560
"5913",0.9412581663586,5600,560
"5914",0.934817283163567,5600,560
"5915",0.915500252029071,5600,560
"5916",0.920586583069348,5600,560
"5917",0.915479838185236,5600,560
"5918",0.926251002696375,5600,560
"5919",0.929862509346717,5600,560
"5920",0.935891657953833,5600,560
"5921",0.922792794882253,5600,560
"5922",0.929475768112787,5600,560
"5923",0.917467077422087,5600,560
"5924",0.912773324779989,5600,560
"5925",0.914603940319827,5600,560
"5926",0.925636912065521,5600,560
"5927",0.924561612499138,5600,560
"5928",0.926247671647074,5600,560
"5929",0.937254596227217,5600,560
"5930",0.924787512841926,5600,560
"5931",0.928874751731643,5600,560
"5932",0.927369697685652,5600,560
"5933",0.906559782641333,5600,560
"5934",0.922049675224655,5600,560
"5935",0.921682734667134,5600,560
"5936",0.925703372082945,5600,560
"5937",0.925154049858887,5600,560
"5938",0.915307969472344,5600,560
"5939",0.904708671915737,5600,560
"5940",0.926012149333609,5600,560
"5941",0.93004413243902,5600,560
"5942",0.917375874204552,5600,560
"5943",0.915134587291949,5600,560
"5944",0.921934946239845,5600,560
"5945",0.928414549285525,5600,560
"5946",0.923852469647581,5600,560
"5947",0.91654928982215,5600,560
"5948",0.918555642205786,5600,560
"5949",0.930417318998838,5600,560
"5950",0.925406548835222,5600,560
"5951",0.920607084750872,5600,560
"5952",0.937047943537208,5600,560
"5953",0.932245722314722,5600,560
"5954",0.931989383511839,5600,560
"5955",0.926379254064735,5600,560
"5956",0.918127453449622,5600,560
"5957",0.922216151192792,5600,560
"5958",0.923617921745305,5600,560
"5959",0.930241263028645,5600,560
"5960",0.920266204026288,5600,560
"5961",0.916485784335069,5600,560
"5962",0.941215884365325,5600,560
"5963",0.922628061228376,5600,560
"5964",0.92291259339317,5600,560
"5965",0.922466996417904,5600,560
"5966",0.920127302082825,5600,560
"5967",0.923336235687955,5600,560
"5968",0.924744973249671,5600,560
"5969",0.913518597978973,5600,560
"5970",0.919292049204141,5600,560
"5971",0.932379172417447,5600,560
"5972",0.924298456769099,5600,560
"5973",0.922513140697462,5600,560
"5974",0.918526387747014,5600,560
"5975",0.920349106969963,5600,560
"5976",0.934330460501773,5600,560
"5977",0.91366299692002,5600,560
"5978",0.91078874078391,5600,560
"5979",0.914796054349878,5600,560
"5980",0.928351465953092,5600,560
"5981",0.942922784190782,5600,560
"5982",0.916622143326935,5600,560
"5983",0.93148826496918,5600,560
"5984",0.92390538682956,5600,560
"5985",0.930460538700904,5600,560
"5986",0.917274104708505,5600,560
"5987",0.911227776162923,5600,560
"5988",0.928687553879759,5600,560
"5989",0.932094986497396,5600,560
"5990",0.922025239279488,5600,560
"5991",0.922878951092236,5600,560
"5992",0.928413305820404,5600,560
"5993",0.92597544141121,5600,560
"5994",0.91401272470946,5600,560
"5995",0.912734547341338,5600,560
"5996",0.926037936728003,5600,560
"5997",0.91619900264696,5600,560
"5998",0.930217876473544,5600,560
"5999",0.926911738070944,5600,560
"6000",0.918469696650995,5600,560
"6001",0.932329425097163,5600,560
"6002",0.931259130114812,6100,610
"6003",0.928048576892984,6100,610
"6004",0.932371874073771,6100,610
"6005",0.937612413448413,6100,610
"6006",0.93838170424086,6100,610
"6007",0.921919262367479,6100,610
"6008",0.926918169927958,6100,610
"6009",0.931779419142796,6100,610
"6010",0.921902260089662,6100,610
"6011",0.937739469580007,6100,610
"6012",0.936370682429934,6100,610
"6013",0.930699557022255,6100,610
"6014",0.939016753148517,6100,610
"6015",0.933104573401837,6100,610
"6016",0.937454988360046,6100,610
"6017",0.925814348349725,6100,610
"6018",0.937291641049411,6100,610
"6019",0.929125514845487,6100,610
"6020",0.92888920339062,6100,610
"6021",0.922928091274348,6100,610
"6022",0.927026233808437,6100,610
"6023",0.926363339166733,6100,610
"6024",0.924450836960322,6100,610
"6025",0.9260317093137,6100,610
"6026",0.925842442972568,6100,610
"6027",0.940799562701266,6100,610
"6028",0.928885041208504,6100,610
"6029",0.92982858787758,6100,610
"6030",0.929099327078135,6100,610
"6031",0.910055126302281,6100,610
"6032",0.922164532880528,6100,610
"6033",0.94304679478429,6100,610
"6034",0.923498070896089,6100,610
"6035",0.926205923796359,6100,610
"6036",0.934917133081212,6100,610
"6037",0.926645194048467,6100,610
"6038",0.933059334102092,6100,610
"6039",0.928232792668178,6100,610
"6040",0.934754322599106,6100,610
"6041",0.935099463057042,6100,610
"6042",0.942914525333577,6100,610
"6043",0.928896471800055,6100,610
"6044",0.931910662457812,6100,610
"6045",0.940426058716235,6100,610
"6046",0.928847948919444,6100,610
"6047",0.920511382662193,6100,610
"6048",0.927113970023238,6100,610
"6049",0.91805938294935,6100,610
"6050",0.926142906121181,6100,610
"6051",0.93289052262169,6100,610
"6052",0.928455827847693,6100,610
"6053",0.926513223770511,6100,610
"6054",0.930275603225125,6100,610
"6055",0.941079603280555,6100,610
"6056",0.935942349346093,6100,610
"6057",0.930525966948166,6100,610
"6058",0.928547410559354,6100,610
"6059",0.935058982793419,6100,610
"6060",0.930309486745613,6100,610
"6061",0.91715743471831,6100,610
"6062",0.935196509829739,6100,610
"6063",0.928344633601147,6100,610
"6064",0.938031900276607,6100,610
"6065",0.938215654038592,6100,610
"6066",0.930700886711723,6100,610
"6067",0.930466970860406,6100,610
"6068",0.920932737864281,6100,610
"6069",0.930334771573655,6100,610
"6070",0.929146756941065,6100,610
"6071",0.939640076151548,6100,610
"6072",0.916321253042279,6100,610
"6073",0.92855150921318,6100,610
"6074",0.928489297364626,6100,610
"6075",0.938969035772167,6100,610
"6076",0.929067134161077,6100,610
"6077",0.932246474794129,6100,610
"6078",0.925773393218294,6100,610
"6079",0.926796588076645,6100,610
"6080",0.932005400411564,6100,610
"6081",0.924899042347494,6100,610
"6082",0.929493846105951,6100,610
"6083",0.935376913527816,6100,610
"6084",0.932473107398868,6100,610
"6085",0.929125544211473,6100,610
"6086",0.934484659870367,6100,610
"6087",0.932332669175776,6100,610
"6088",0.919788898328791,6100,610
"6089",0.935479049591517,6100,610
"6090",0.940233596747905,6100,610
"6091",0.939896698816935,6100,610
"6092",0.940487403662422,6100,610
"6093",0.933159032834756,6100,610
"6094",0.913087789857075,6100,610
"6095",0.935785751637573,6100,610
"6096",0.919649540986214,6100,610
"6097",0.921605772621165,6100,610
"6098",0.91683193061512,6100,610
"6099",0.943063397454971,6100,610
"6100",0.933604821971722,6100,610
"6101",0.928556792781697,6100,610
"6102",0.926292308566806,6100,610
"6103",0.929369515986544,6100,610
"6104",0.912324891342812,6100,610
"6105",0.93011992477521,6100,610
"6106",0.925279384175505,6100,610
"6107",0.917094681694143,6100,610
"6108",0.926468900090057,6100,610
"6109",0.924551859350345,6100,610
"6110",0.932504688388508,6100,610
"6111",0.937552382493668,6100,610
"6112",0.932288821460809,6100,610
"6113",0.922669334294332,6100,610
"6114",0.940798078531768,6100,610
"6115",0.934562945683696,6100,610
"6116",0.933002103619717,6100,610
"6117",0.92631610744589,6100,610
"6118",0.934111549002403,6100,610
"6119",0.932443996234443,6100,610
"6120",0.929740819128324,6100,610
"6121",0.928788080542206,6100,610
"6122",0.919736739327944,6100,610
"6123",0.931907375203542,6100,610
"6124",0.921928200283052,6100,610
"6125",0.935700551097531,6100,610
"6126",0.919784495682397,6100,610
"6127",0.924157029496381,6100,610
"6128",0.933537670489858,6100,610
"6129",0.936106859581919,6100,610
"6130",0.930721502227318,6100,610
"6131",0.945605188297543,6100,610
"6132",0.927944845249998,6100,610
"6133",0.93648135216686,6100,610
"6134",0.932587205738101,6100,610
"6135",0.923207505721808,6100,610
"6136",0.932577348834056,6100,610
"6137",0.914406422179191,6100,610
"6138",0.933885781600052,6100,610
"6139",0.936515466568031,6100,610
"6140",0.942125779099377,6100,610
"6141",0.942757167588647,6100,610
"6142",0.928691721501089,6100,610
"6143",0.927674666902478,6100,610
"6144",0.941366868867372,6100,610
"6145",0.937597369944157,6100,610
"6146",0.915982574129784,6100,610
"6147",0.927218994857527,6100,610
"6148",0.937539524771885,6100,610
"6149",0.919056137687966,6100,610
"6150",0.939444799596643,6100,610
"6151",0.935737539577508,6100,610
"6152",0.918195749255227,6100,610
"6153",0.924494916484837,6100,610
"6154",0.931485466740648,6100,610
"6155",0.93818731771345,6100,610
"6156",0.940607106017296,6100,610
"6157",0.928868264625376,6100,610
"6158",0.93785000499437,6100,610
"6159",0.913951694956544,6100,610
"6160",0.93288450612705,6100,610
"6161",0.929640391451863,6100,610
"6162",0.923867308618015,6100,610
"6163",0.927732227939661,6100,610
"6164",0.925420369972413,6100,610
"6165",0.931575647180614,6100,610
"6166",0.915421468234025,6100,610
"6167",0.938665764808281,6100,610
"6168",0.943166513782226,6100,610
"6169",0.94164683878346,6100,610
"6170",0.940980296289454,6100,610
"6171",0.941530268430572,6100,610
"6172",0.932478837600103,6100,610
"6173",0.92883690383271,6100,610
"6174",0.925860982813523,6100,610
"6175",0.937714153301281,6100,610
"6176",0.912804396118703,6100,610
"6177",0.938347264880472,6100,610
"6178",0.935327525934749,6100,610
"6179",0.930060896475682,6100,610
"6180",0.923389124693023,6100,610
"6181",0.93321297659979,6100,610
"6182",0.92837348775708,6100,610
"6183",0.928785714819387,6100,610
"6184",0.938721470708466,6100,610
"6185",0.92743878064838,6100,610
"6186",0.922938999072427,6100,610
"6187",0.928510562041102,6100,610
"6188",0.936340314055269,6100,610
"6189",0.938499151368583,6100,610
"6190",0.940646339470587,6100,610
"6191",0.935118109908826,6100,610
"6192",0.93345245811923,6100,610
"6193",0.933916954762244,6100,610
"6194",0.924630548232397,6100,610
"6195",0.926486310475617,6100,610
"6196",0.939392824201141,6100,610
"6197",0.933515479020133,6100,610
"6198",0.931428968347669,6100,610
"6199",0.918171835734664,6100,610
"6200",0.928268090276156,6100,610
"6201",0.923860607591319,6100,610
"6202",0.938925602755391,6100,610
"6203",0.928027501005348,6100,610
"6204",0.933141553951494,6100,610
"6205",0.918722028273833,6100,610
"6206",0.931466048849965,6100,610
"6207",0.934379221273198,6100,610
"6208",0.934665109587746,6100,610
"6209",0.915929920929378,6100,610
"6210",0.934663345244768,6100,610
"6211",0.928618247977395,6100,610
"6212",0.92626034929396,6100,610
"6213",0.926540594913,6100,610
"6214",0.932761997111379,6100,610
"6215",0.934939129795884,6100,610
"6216",0.931323019999642,6100,610
"6217",0.926391263587883,6100,610
"6218",0.928717038641372,6100,610
"6219",0.926151474271166,6100,610
"6220",0.91974226055707,6100,610
"6221",0.927430163540317,6100,610
"6222",0.930665081528532,6100,610
"6223",0.930107389960363,6100,610
"6224",0.942832610933263,6100,610
"6225",0.928368828630612,6100,610
"6226",0.937531668771258,6100,610
"6227",0.945072010351289,6100,610
"6228",0.917529877465859,6100,610
"6229",0.929629784299619,6100,610
"6230",0.931088311228424,6100,610
"6231",0.924994746192546,6100,610
"6232",0.919340517639927,6100,610
"6233",0.932537749402471,6100,610
"6234",0.932355393798431,6100,610
"6235",0.936398538068959,6100,610
"6236",0.93632024122442,6100,610
"6237",0.943464966584277,6100,610
"6238",0.92619516227803,6100,610
"6239",0.926473861852684,6100,610
"6240",0.915580060641481,6100,610
"6241",0.925421410586547,6100,610
"6242",0.924593703012768,6100,610
"6243",0.93261116772858,6100,610
"6244",0.935160445945547,6100,610
"6245",0.938087766968762,6100,610
"6246",0.913717657609462,6100,610
"6247",0.929934034162672,6100,610
"6248",0.927411008062987,6100,610
"6249",0.935125238535486,6100,610
"6250",0.928171588318862,6100,610
"6251",0.934860934704793,6100,610
"6252",0.930360060198848,6100,610
"6253",0.932418605243584,6100,610
"6254",0.934022956177228,6100,610
"6255",0.926029881671912,6100,610
"6256",0.924173526643543,6100,610
"6257",0.92077971926445,6100,610
"6258",0.931847558599709,6100,610
"6259",0.933648572890027,6100,610
"6260",0.930254481096173,6100,610
"6261",0.928348167587525,6100,610
"6262",0.915972157288879,6100,610
"6263",0.941646155981099,6100,610
"6264",0.93233340871991,6100,610
"6265",0.933162520823245,6100,610
"6266",0.930915499038047,6100,610
"6267",0.935890403026828,6100,610
"6268",0.934118908594753,6100,610
"6269",0.933538698651047,6100,610
"6270",0.940936961640999,6100,610
"6271",0.929278650967622,6100,610
"6272",0.934336089825502,6100,610
"6273",0.926520089823996,6100,610
"6274",0.935695347968841,6100,610
"6275",0.92949646635952,6100,610
"6276",0.931126841754591,6100,610
"6277",0.929003802629713,6100,610
"6278",0.943945980131803,6100,610
"6279",0.932345704655539,6100,610
"6280",0.927205063878719,6100,610
"6281",0.91894283737038,6100,610
"6282",0.9288288603073,6100,610
"6283",0.921171194753023,6100,610
"6284",0.935045276287972,6100,610
"6285",0.92039413534132,6100,610
"6286",0.918709764072682,6100,610
"6287",0.944079783007653,6100,610
"6288",0.935250989927482,6100,610
"6289",0.921290808405015,6100,610
"6290",0.918156311917362,6100,610
"6291",0.925763712749151,6100,610
"6292",0.908724381261327,6100,610
"6293",0.934329734736294,6100,610
"6294",0.936480672414046,6100,610
"6295",0.923037828134031,6100,610
"6296",0.926175973810694,6100,610
"6297",0.933395161524518,6100,610
"6298",0.932838508397506,6100,610
"6299",0.927460480050792,6100,610
"6300",0.93578795684183,6100,610
"6301",0.935111364296085,6100,610
"6302",0.923169783298,6100,610
"6303",0.91905601745533,6100,610
"6304",0.924239938594225,6100,610
"6305",0.930837148167997,6100,610
"6306",0.923259517545455,6100,610
"6307",0.918224213310677,6100,610
"6308",0.9335433557722,6100,610
"6309",0.934288467588696,6100,610
"6310",0.933007901360746,6100,610
"6311",0.924766180826676,6100,610
"6312",0.925600349120339,6100,610
"6313",0.928010066893908,6100,610
"6314",0.935711118779896,6100,610
"6315",0.931951978712195,6100,610
"6316",0.927363857741707,6100,610
"6317",0.926388655671744,6100,610
"6318",0.927028093445431,6100,610
"6319",0.924575780146002,6100,610
"6320",0.92830661490606,6100,610
"6321",0.925083443958668,6100,610
"6322",0.933686016134306,6100,610
"6323",0.932100900036405,6100,610
"6324",0.919212926507627,6100,610
"6325",0.929082745979203,6100,610
"6326",0.932025969924815,6100,610
"6327",0.931058384314256,6100,610
"6328",0.939350952435784,6100,610
"6329",0.919541964259346,6100,610
"6330",0.936193008897898,6100,610
"6331",0.92270595173696,6100,610
"6332",0.93394843688286,6100,610
"6333",0.930946679647924,6100,610
"6334",0.92800711812825,6100,610
"6335",0.93303042448334,6100,610
"6336",0.932222196837096,6100,610
"6337",0.929013100164629,6100,610
"6338",0.935169365612187,6100,610
"6339",0.932310940012867,6100,610
"6340",0.936397358214596,6100,610
"6341",0.93043560873475,6100,610
"6342",0.928822182607143,6100,610
"6343",0.941190654295652,6100,610
"6344",0.927917631253444,6100,610
"6345",0.93280935787422,6100,610
"6346",0.927760693478158,6100,610
"6347",0.937128730833942,6100,610
"6348",0.932236558481348,6100,610
"6349",0.932804284444068,6100,610
"6350",0.926439126037067,6100,610
"6351",0.926033072046927,6100,610
"6352",0.924833936817829,6100,610
"6353",0.929280131982066,6100,610
"6354",0.93129656419792,6100,610
"6355",0.931416917959333,6100,610
"6356",0.936698228560958,6100,610
"6357",0.933265364565565,6100,610
"6358",0.935521151797794,6100,610
"6359",0.946656056533299,6100,610
"6360",0.938582298022903,6100,610
"6361",0.936915370121432,6100,610
"6362",0.932978682310744,6100,610
"6363",0.920128740212623,6100,610
"6364",0.924870594601667,6100,610
"6365",0.927335192875711,6100,610
"6366",0.916018344813526,6100,610
"6367",0.936746658148623,6100,610
"6368",0.92609383039571,6100,610
"6369",0.927875826708325,6100,610
"6370",0.931105632703132,6100,610
"6371",0.93465493093821,6100,610
"6372",0.929441484708357,6100,610
"6373",0.92846452090877,6100,610
"6374",0.927971206971698,6100,610
"6375",0.93079609083904,6100,610
"6376",0.934909147457567,6100,610
"6377",0.920414364664795,6100,610
"6378",0.91569516593458,6100,610
"6379",0.933324751352672,6100,610
"6380",0.925884451911396,6100,610
"6381",0.921130488389961,6100,610
"6382",0.928490401307874,6100,610
"6383",0.917840179701634,6100,610
"6384",0.924046685096192,6100,610
"6385",0.930310484438761,6100,610
"6386",0.925953673700473,6100,610
"6387",0.925246400960314,6100,610
"6388",0.936355029296444,6100,610
"6389",0.938967630718911,6100,610
"6390",0.925751839471861,6100,610
"6391",0.918390600657006,6100,610
"6392",0.92931985014706,6100,610
"6393",0.938115904169138,6100,610
"6394",0.923995513005858,6100,610
"6395",0.931781647009062,6100,610
"6396",0.922955283863254,6100,610
"6397",0.928016740406013,6100,610
"6398",0.933117554123801,6100,610
"6399",0.925184602554479,6100,610
"6400",0.928002978569767,6100,610
"6401",0.91574019155803,6100,610
"6402",0.929381998400545,6100,610
"6403",0.926516934018593,6100,610
"6404",0.929033318756661,6100,610
"6405",0.923299934515573,6100,610
"6406",0.923140697207647,6100,610
"6407",0.93564949125734,6100,610
"6408",0.923469540999071,6100,610
"6409",0.927703315189233,6100,610
"6410",0.935150710125765,6100,610
"6411",0.933382493715735,6100,610
"6412",0.910058757372302,6100,610
"6413",0.931292524026382,6100,610
"6414",0.929896981804453,6100,610
"6415",0.922625340291425,6100,610
"6416",0.929206202798671,6100,610
"6417",0.93054744700707,6100,610
"6418",0.933609168961529,6100,610
"6419",0.927636792375981,6100,610
"6420",0.932601971107355,6100,610
"6421",0.930030294548906,6100,610
"6422",0.934071702661587,6100,610
"6423",0.927630406504927,6100,610
"6424",0.938208627290062,6100,610
"6425",0.928292596476292,6100,610
"6426",0.928785863062083,6100,610
"6427",0.939172087272868,6100,610
"6428",0.928862121753163,6100,610
"6429",0.922041312997978,6100,610
"6430",0.919798355997861,6100,610
"6431",0.921596086451496,6100,610
"6432",0.923816134629571,6100,610
"6433",0.928164826877776,6100,610
"6434",0.936610355303778,6100,610
"6435",0.924307704288546,6100,610
"6436",0.933087749952585,6100,610
"6437",0.93059087781056,6100,610
"6438",0.933679429349888,6100,610
"6439",0.936042206088116,6100,610
"6440",0.925561987141655,6100,610
"6441",0.935867914493817,6100,610
"6442",0.932768420550719,6100,610
"6443",0.928533438022458,6100,610
"6444",0.9327737716324,6100,610
"6445",0.939802598569128,6100,610
"6446",0.932000402058905,6100,610
"6447",0.920205862586689,6100,610
"6448",0.936485970091228,6100,610
"6449",0.931551708122076,6100,610
"6450",0.935273850779152,6100,610
"6451",0.944889974663074,6100,610
"6452",0.928850101453943,6100,610
"6453",0.926530712366444,6100,610
"6454",0.923349965600813,6100,610
"6455",0.928398878881618,6100,610
"6456",0.926153117908461,6100,610
"6457",0.927985421055869,6100,610
"6458",0.933901574540334,6100,610
"6459",0.926499929853131,6100,610
"6460",0.92362274243162,6100,610
"6461",0.94136776485357,6100,610
"6462",0.9242331562389,6100,610
"6463",0.938901380141067,6100,610
"6464",0.933782407942322,6100,610
"6465",0.938336281367332,6100,610
"6466",0.941585985818101,6100,610
"6467",0.929892899820382,6100,610
"6468",0.923925522993185,6100,610
"6469",0.927978318406938,6100,610
"6470",0.934453340176173,6100,610
"6471",0.93242349466952,6100,610
"6472",0.940992378005168,6100,610
"6473",0.934173471551669,6100,610
"6474",0.922292533661967,6100,610
"6475",0.93546069899011,6100,610
"6476",0.922301136963357,6100,610
"6477",0.914984356113296,6100,610
"6478",0.934538656776549,6100,610
"6479",0.930938134589945,6100,610
"6480",0.93046274948778,6100,610
"6481",0.921631522102307,6100,610
"6482",0.934502604459189,6100,610
"6483",0.938189182640423,6100,610
"6484",0.924884730326295,6100,610
"6485",0.934557507800199,6100,610
"6486",0.929877864105318,6100,610
"6487",0.932155206724492,6100,610
"6488",0.935732223925598,6100,610
"6489",0.932964042393445,6100,610
"6490",0.93221837315811,6100,610
"6491",0.925403604104674,6100,610
"6492",0.931369494137018,6100,610
"6493",0.930207374905208,6100,610
"6494",0.92674398513226,6100,610
"6495",0.940046336455778,6100,610
"6496",0.921711082823513,6100,610
"6497",0.93696872512896,6100,610
"6498",0.934304307488355,6100,610
"6499",0.934218148999726,6100,610
"6500",0.924068300652509,6100,610
"6501",0.92624885519234,6100,610
"6502",0.935773623755468,6600,660
"6503",0.933534462607088,6600,660
"6504",0.93513441529964,6600,660
"6505",0.926159973340281,6600,660
"6506",0.928077303255615,6600,660
"6507",0.92752439314616,6600,660
"6508",0.946624296396751,6600,660
"6509",0.936817040108423,6600,660
"6510",0.941171852487634,6600,660
"6511",0.929213013593254,6600,660
"6512",0.927133004349114,6600,660
"6513",0.932678213241149,6600,660
"6514",0.935135993607458,6600,660
"6515",0.931379697863284,6600,660
"6516",0.939777669468816,6600,660
"6517",0.934217668811416,6600,660
"6518",0.924020947886022,6600,660
"6519",0.922557564475759,6600,660
"6520",0.92513437608784,6600,660
"6521",0.933110045247199,6600,660
"6522",0.928709183774814,6600,660
"6523",0.928819503085912,6600,660
"6524",0.940082478923358,6600,660
"6525",0.929996720595695,6600,660
"6526",0.920341044084629,6600,660
"6527",0.93691578949194,6600,660
"6528",0.931906241742068,6600,660
"6529",0.936241216441384,6600,660
"6530",0.942175393875007,6600,660
"6531",0.935666945479772,6600,660
"6532",0.941152093361226,6600,660
"6533",0.933819627243681,6600,660
"6534",0.932811145231668,6600,660
"6535",0.939604356756,6600,660
"6536",0.929648135863051,6600,660
"6537",0.943811102431858,6600,660
"6538",0.942726703040525,6600,660
"6539",0.933753130577984,6600,660
"6540",0.936376588546649,6600,660
"6541",0.938976389466878,6600,660
"6542",0.929662699010149,6600,660
"6543",0.932905488991526,6600,660
"6544",0.940524661928586,6600,660
"6545",0.922997924572932,6600,660
"6546",0.939687354447014,6600,660
"6547",0.928171308449329,6600,660
"6548",0.931023557561848,6600,660
"6549",0.932374398041392,6600,660
"6550",0.938438126116927,6600,660
"6551",0.938962903104306,6600,660
"6552",0.934508918913554,6600,660
"6553",0.932954681473708,6600,660
"6554",0.928842541514267,6600,660
"6555",0.927871051942827,6600,660
"6556",0.943959064146781,6600,660
"6557",0.945418633851715,6600,660
"6558",0.937328070186817,6600,660
"6559",0.929009671424079,6600,660
"6560",0.937705918169601,6600,660
"6561",0.929288831082326,6600,660
"6562",0.936895399826421,6600,660
"6563",0.927481104444529,6600,660
"6564",0.931193026766199,6600,660
"6565",0.930320585602772,6600,660
"6566",0.930924800035974,6600,660
"6567",0.933910397073233,6600,660
"6568",0.932679685295603,6600,660
"6569",0.9369174862518,6600,660
"6570",0.930867351836464,6600,660
"6571",0.934850179327469,6600,660
"6572",0.933643465180594,6600,660
"6573",0.923516464000457,6600,660
"6574",0.939097702155465,6600,660
"6575",0.944277027905085,6600,660
"6576",0.944056798188745,6600,660
"6577",0.932094753507613,6600,660
"6578",0.922413737676082,6600,660
"6579",0.931667663024794,6600,660
"6580",0.933734955530642,6600,660
"6581",0.926688773753633,6600,660
"6582",0.941724157398987,6600,660
"6583",0.93023958781441,6600,660
"6584",0.926835692403009,6600,660
"6585",0.930697442859154,6600,660
"6586",0.937130780185932,6600,660
"6587",0.92749976246452,6600,660
"6588",0.945046653503739,6600,660
"6589",0.931083212631003,6600,660
"6590",0.949132915333616,6600,660
"6591",0.926743516147862,6600,660
"6592",0.93461502692858,6600,660
"6593",0.941948416147987,6600,660
"6594",0.933036102880467,6600,660
"6595",0.931901169417989,6600,660
"6596",0.933630611357954,6600,660
"6597",0.908417956668401,6600,660
"6598",0.947432799365967,6600,660
"6599",0.929858060544038,6600,660
"6600",0.927364772703226,6600,660
"6601",0.930874276243851,6600,660
"6602",0.932668400235999,6600,660
"6603",0.943982261938454,6600,660
"6604",0.939619766555475,6600,660
"6605",0.937253829492495,6600,660
"6606",0.947332649037717,6600,660
"6607",0.927685895673208,6600,660
"6608",0.93919161635123,6600,660
"6609",0.938723922004993,6600,660
"6610",0.934518627145834,6600,660
"6611",0.932614072628505,6600,660
"6612",0.932395972980045,6600,660
"6613",0.937628369537252,6600,660
"6614",0.929597004149313,6600,660
"6615",0.924633108504387,6600,660
"6616",0.941395200183972,6600,660
"6617",0.935711116270173,6600,660
"6618",0.941648394150507,6600,660
"6619",0.924508741078517,6600,660
"6620",0.925817472937526,6600,660
"6621",0.927164176459155,6600,660
"6622",0.933842842685859,6600,660
"6623",0.932138119935848,6600,660
"6624",0.944146673395341,6600,660
"6625",0.936574788337802,6600,660
"6626",0.938710211176467,6600,660
"6627",0.93618643199373,6600,660
"6628",0.932296802932974,6600,660
"6629",0.941258112241092,6600,660
"6630",0.942099638185503,6600,660
"6631",0.926704307809892,6600,660
"6632",0.926151607195558,6600,660
"6633",0.931944588034836,6600,660
"6634",0.937632434377441,6600,660
"6635",0.934978906156871,6600,660
"6636",0.926506542716318,6600,660
"6637",0.922290484743587,6600,660
"6638",0.923040504307621,6600,660
"6639",0.935851640468684,6600,660
"6640",0.933432716093392,6600,660
"6641",0.934650782730124,6600,660
"6642",0.933941327377808,6600,660
"6643",0.932971639190696,6600,660
"6644",0.931097869683963,6600,660
"6645",0.94231738530719,6600,660
"6646",0.930223544734513,6600,660
"6647",0.926546523056424,6600,660
"6648",0.933668663410353,6600,660
"6649",0.924853677762095,6600,660
"6650",0.936784487161499,6600,660
"6651",0.926536237196467,6600,660
"6652",0.930198289179593,6600,660
"6653",0.925871606865357,6600,660
"6654",0.934405161029171,6600,660
"6655",0.934909895971614,6600,660
"6656",0.933819431289117,6600,660
"6657",0.925468653513814,6600,660
"6658",0.927983225278236,6600,660
"6659",0.937529548506741,6600,660
"6660",0.930812706308475,6600,660
"6661",0.935325919411171,6600,660
"6662",0.937729398597804,6600,660
"6663",0.927090014037133,6600,660
"6664",0.931563861742925,6600,660
"6665",0.930855594746824,6600,660
"6666",0.934788737294144,6600,660
"6667",0.930862626189052,6600,660
"6668",0.931106573532426,6600,660
"6669",0.927478313972546,6600,660
"6670",0.930540394699047,6600,660
"6671",0.932483661674754,6600,660
"6672",0.9434073710566,6600,660
"6673",0.937351686787986,6600,660
"6674",0.931579953366716,6600,660
"6675",0.934991200489985,6600,660
"6676",0.926372805453787,6600,660
"6677",0.929415949938988,6600,660
"6678",0.923251953067462,6600,660
"6679",0.931633086199718,6600,660
"6680",0.938350672066717,6600,660
"6681",0.932979135276848,6600,660
"6682",0.93329535867344,6600,660
"6683",0.93824062536903,6600,660
"6684",0.926529159827923,6600,660
"6685",0.945687819499013,6600,660
"6686",0.935498565613655,6600,660
"6687",0.938705563604231,6600,660
"6688",0.940840336018533,6600,660
"6689",0.934486925245133,6600,660
"6690",0.939943407426268,6600,660
"6691",0.931199015281774,6600,660
"6692",0.924173822524467,6600,660
"6693",0.933705456889415,6600,660
"6694",0.943661868252505,6600,660
"6695",0.935906698473944,6600,660
"6696",0.932768066826527,6600,660
"6697",0.935876975441787,6600,660
"6698",0.935829752596652,6600,660
"6699",0.932024775965676,6600,660
"6700",0.939663654727675,6600,660
"6701",0.942091146132596,6600,660
"6702",0.933315277272627,6600,660
"6703",0.941686221358533,6600,660
"6704",0.921360402986865,6600,660
"6705",0.936205435820183,6600,660
"6706",0.939615543724226,6600,660
"6707",0.931263987355808,6600,660
"6708",0.939135756529872,6600,660
"6709",0.936855581459704,6600,660
"6710",0.930560807323588,6600,660
"6711",0.935416403401787,6600,660
"6712",0.923448241928037,6600,660
"6713",0.929519156673077,6600,660
"6714",0.935039087516007,6600,660
"6715",0.923054071900741,6600,660
"6716",0.933571108957695,6600,660
"6717",0.934494478778382,6600,660
"6718",0.937486566568008,6600,660
"6719",0.946212535644465,6600,660
"6720",0.929113448493284,6600,660
"6721",0.921144264701137,6600,660
"6722",0.930267943565126,6600,660
"6723",0.928609249285664,6600,660
"6724",0.944402647118914,6600,660
"6725",0.94184549046426,6600,660
"6726",0.928673841242238,6600,660
"6727",0.938785693455725,6600,660
"6728",0.938177214380386,6600,660
"6729",0.940870737984184,6600,660
"6730",0.931703406772647,6600,660
"6731",0.930907370832928,6600,660
"6732",0.930819640669156,6600,660
"6733",0.928679042247237,6600,660
"6734",0.926582965744787,6600,660
"6735",0.931707654481201,6600,660
"6736",0.937218478332125,6600,660
"6737",0.941015930578592,6600,660
"6738",0.939826964402405,6600,660
"6739",0.931181068158912,6600,660
"6740",0.935072243489428,6600,660
"6741",0.93217623226378,6600,660
"6742",0.937893384955823,6600,660
"6743",0.932189804814274,6600,660
"6744",0.92911970521296,6600,660
"6745",0.935937833845937,6600,660
"6746",0.93518117390727,6600,660
"6747",0.927867232951745,6600,660
"6748",0.93481936230362,6600,660
"6749",0.93983484520489,6600,660
"6750",0.933807663556116,6600,660
"6751",0.929976883198677,6600,660
"6752",0.940320172080737,6600,660
"6753",0.933112503198466,6600,660
"6754",0.940142685622163,6600,660
"6755",0.932377739143263,6600,660
"6756",0.937681808110176,6600,660
"6757",0.926353797404416,6600,660
"6758",0.923338751689706,6600,660
"6759",0.942596733636451,6600,660
"6760",0.934750842538993,6600,660
"6761",0.933939099743362,6600,660
"6762",0.939992553581123,6600,660
"6763",0.927359908789591,6600,660
"6764",0.945988071391794,6600,660
"6765",0.922463297341982,6600,660
"6766",0.927648837362758,6600,660
"6767",0.930405241893447,6600,660
"6768",0.936573058762349,6600,660
"6769",0.938590421440649,6600,660
"6770",0.934211850930522,6600,660
"6771",0.940354627480381,6600,660
"6772",0.929468050180767,6600,660
"6773",0.94816950286275,6600,660
"6774",0.934214813818769,6600,660
"6775",0.938475162796797,6600,660
"6776",0.933969905852809,6600,660
"6777",0.927535797612649,6600,660
"6778",0.939004893104854,6600,660
"6779",0.923874716097106,6600,660
"6780",0.926767332024783,6600,660
"6781",0.923138444179285,6600,660
"6782",0.934708722938438,6600,660
"6783",0.932990990160674,6600,660
"6784",0.946748624549343,6600,660
"6785",0.943973788650634,6600,660
"6786",0.93993782179911,6600,660
"6787",0.936796380063553,6600,660
"6788",0.925045959291774,6600,660
"6789",0.937281843352835,6600,660
"6790",0.927183689209996,6600,660
"6791",0.933290425691119,6600,660
"6792",0.939382662305474,6600,660
"6793",0.944278905367901,6600,660
"6794",0.938160626736287,6600,660
"6795",0.925017647736499,6600,660
"6796",0.923810725013159,6600,660
"6797",0.938418496817645,6600,660
"6798",0.940992837786197,6600,660
"6799",0.932979765117257,6600,660
"6800",0.926069433890472,6600,660
"6801",0.932094037460071,6600,660
"6802",0.944259631322996,6600,660
"6803",0.941323743128865,6600,660
"6804",0.937633966420971,6600,660
"6805",0.92887170843118,6600,660
"6806",0.932352550769969,6600,660
"6807",0.928076974819311,6600,660
"6808",0.928922693595384,6600,660
"6809",0.935041742897227,6600,660
"6810",0.935156126802835,6600,660
"6811",0.930298001923768,6600,660
"6812",0.929678508728195,6600,660
"6813",0.933911318866257,6600,660
"6814",0.925232466422035,6600,660
"6815",0.928041586209271,6600,660
"6816",0.949140943417048,6600,660
"6817",0.935019340612021,6600,660
"6818",0.926463449721512,6600,660
"6819",0.934223711938663,6600,660
"6820",0.944946616541875,6600,660
"6821",0.93491138911515,6600,660
"6822",0.949824375662457,6600,660
"6823",0.935594970359419,6600,660
"6824",0.922435906788315,6600,660
"6825",0.93094297311249,6600,660
"6826",0.949091489841527,6600,660
"6827",0.937641675486662,6600,660
"6828",0.925734948401052,6600,660
"6829",0.949999009610323,6600,660
"6830",0.935044323751433,6600,660
"6831",0.923241869885328,6600,660
"6832",0.940119439070817,6600,660
"6833",0.942061676824855,6600,660
"6834",0.927627898706234,6600,660
"6835",0.93783415555362,6600,660
"6836",0.933416167655997,6600,660
"6837",0.929533717981213,6600,660
"6838",0.933481047301016,6600,660
"6839",0.93727222237486,6600,660
"6840",0.931113806638096,6600,660
"6841",0.944645830772111,6600,660
"6842",0.938211127613811,6600,660
"6843",0.935104131627559,6600,660
"6844",0.925230404039464,6600,660
"6845",0.932612769065263,6600,660
"6846",0.924207263397307,6600,660
"6847",0.931275274679885,6600,660
"6848",0.945587188780509,6600,660
"6849",0.929081119971128,6600,660
"6850",0.934558993891489,6600,660
"6851",0.93064193018215,6600,660
"6852",0.945588838957881,6600,660
"6853",0.932711168218677,6600,660
"6854",0.926671503534184,6600,660
"6855",0.92709317686939,6600,660
"6856",0.935437044488956,6600,660
"6857",0.931561000358724,6600,660
"6858",0.941504865460466,6600,660
"6859",0.926392045676631,6600,660
"6860",0.939839634445182,6600,660
"6861",0.936489744114391,6600,660
"6862",0.934880009694307,6600,660
"6863",0.94050388686298,6600,660
"6864",0.932821589473387,6600,660
"6865",0.948331891972699,6600,660
"6866",0.933286395432862,6600,660
"6867",0.940746208660201,6600,660
"6868",0.925972777434509,6600,660
"6869",0.9397759990598,6600,660
"6870",0.939825753160704,6600,660
"6871",0.942989883562746,6600,660
"6872",0.944716651732464,6600,660
"6873",0.935659441410489,6600,660
"6874",0.92848632199023,6600,660
"6875",0.939391491009341,6600,660
"6876",0.935289004187228,6600,660
"6877",0.931242633083765,6600,660
"6878",0.939081836573227,6600,660
"6879",0.948557790250705,6600,660
"6880",0.930552583486169,6600,660
"6881",0.935355105680164,6600,660
"6882",0.935266406781191,6600,660
"6883",0.9312351617254,6600,660
"6884",0.936906054766989,6600,660
"6885",0.940223553645219,6600,660
"6886",0.933413887871774,6600,660
"6887",0.934093642403181,6600,660
"6888",0.951761469504337,6600,660
"6889",0.930869462883282,6600,660
"6890",0.936563491116206,6600,660
"6891",0.931122715702983,6600,660
"6892",0.937913126948661,6600,660
"6893",0.930111016779754,6600,660
"6894",0.931639532292149,6600,660
"6895",0.930683038044489,6600,660
"6896",0.935789283917765,6600,660
"6897",0.928543522322455,6600,660
"6898",0.933975644519996,6600,660
"6899",0.934830675498916,6600,660
"6900",0.940402036507755,6600,660
"6901",0.932350417807236,6600,660
"6902",0.930416763280571,6600,660
"6903",0.924784790907318,6600,660
"6904",0.925545365092608,6600,660
"6905",0.939467253511543,6600,660
"6906",0.925408814263515,6600,660
"6907",0.930080963813795,6600,660
"6908",0.935018598004966,6600,660
"6909",0.947354940264621,6600,660
"6910",0.950257424539789,6600,660
"6911",0.927323810296677,6600,660
"6912",0.939339798396369,6600,660
"6913",0.934867952243503,6600,660
"6914",0.926771207265904,6600,660
"6915",0.935237280649568,6600,660
"6916",0.93053357440496,6600,660
"6917",0.933130011308346,6600,660
"6918",0.931021213616809,6600,660
"6919",0.933429410747915,6600,660
"6920",0.938260112709979,6600,660
"6921",0.945569486619877,6600,660
"6922",0.920024554825826,6600,660
"6923",0.943206295995936,6600,660
"6924",0.937970424635181,6600,660
"6925",0.932672313610966,6600,660
"6926",0.93297342820996,6600,660
"6927",0.932586712701615,6600,660
"6928",0.936021459086032,6600,660
"6929",0.93458549912636,6600,660
"6930",0.939620887594916,6600,660
"6931",0.932906463223311,6600,660
"6932",0.93536305846021,6600,660
"6933",0.944306313428042,6600,660
"6934",0.936154246780782,6600,660
"6935",0.926426442577729,6600,660
"6936",0.939491117585676,6600,660
"6937",0.931406263091337,6600,660
"6938",0.933328005624218,6600,660
"6939",0.941651399938308,6600,660
"6940",0.941488705370115,6600,660
"6941",0.926203869140749,6600,660
"6942",0.938770471311714,6600,660
"6943",0.936738871223991,6600,660
"6944",0.93857765909999,6600,660
"6945",0.922356150228379,6600,660
"6946",0.932733171412956,6600,660
"6947",0.943063842013748,6600,660
"6948",0.936108254055413,6600,660
"6949",0.929702300925863,6600,660
"6950",0.931078039453886,6600,660
"6951",0.934181916107529,6600,660
"6952",0.940008343996506,6600,660
"6953",0.924197216046814,6600,660
"6954",0.929322364325615,6600,660
"6955",0.939283476468694,6600,660
"6956",0.928641831384985,6600,660
"6957",0.936835766727099,6600,660
"6958",0.936608838932509,6600,660
"6959",0.931986356505518,6600,660
"6960",0.937049831052123,6600,660
"6961",0.9355307097634,6600,660
"6962",0.939111349399877,6600,660
"6963",0.936289292203375,6600,660
"6964",0.936297208429368,6600,660
"6965",0.928186991461781,6600,660
"6966",0.93334533625881,6600,660
"6967",0.933596596093843,6600,660
"6968",0.943336877416346,6600,660
"6969",0.926311065279502,6600,660
"6970",0.93026385051295,6600,660
"6971",0.931455146187073,6600,660
"6972",0.929833116268638,6600,660
"6973",0.948895221512995,6600,660
"6974",0.924424164129322,6600,660
"6975",0.928240160918635,6600,660
"6976",0.920492477569697,6600,660
"6977",0.932391405725638,6600,660
"6978",0.918933198695152,6600,660
"6979",0.942010200231662,6600,660
"6980",0.925309738150339,6600,660
"6981",0.935913686413075,6600,660
"6982",0.942778888262805,6600,660
"6983",0.926813480454574,6600,660
"6984",0.932700937025104,6600,660
"6985",0.928598068597235,6600,660
"6986",0.933503069459766,6600,660
"6987",0.932305303698482,6600,660
"6988",0.928535800180484,6600,660
"6989",0.948186690374257,6600,660
"6990",0.932030077809026,6600,660
"6991",0.928092229705721,6600,660
"6992",0.937993457977822,6600,660
"6993",0.937015544375925,6600,660
"6994",0.927844312051671,6600,660
"6995",0.930814371087478,6600,660
"6996",0.930118917681168,6600,660
"6997",0.948020834735565,6600,660
"6998",0.927247199545756,6600,660
"6999",0.922535466225067,6600,660
"7000",0.94665129509446,6600,660
"7001",0.939397635688616,6600,660
"7002",0.934729991418453,7100,710
"7003",0.932554765032685,7100,710
"7004",0.925428693568826,7100,710
"7005",0.940915937561125,7100,710
"7006",0.943737470245508,7100,710
"7007",0.941020891234869,7100,710
"7008",0.935884432612544,7100,710
"7009",0.940184632788439,7100,710
"7010",0.940074584555307,7100,710
"7011",0.934478293185612,7100,710
"7012",0.938513567711821,7100,710
"7013",0.926545449475887,7100,710
"7014",0.940564890974316,7100,710
"7015",0.936367116310481,7100,710
"7016",0.94045429587919,7100,710
"7017",0.935500405951105,7100,710
"7018",0.948841892443341,7100,710
"7019",0.92622142239388,7100,710
"7020",0.939357719073259,7100,710
"7021",0.941704170939542,7100,710
"7022",0.927483187810423,7100,710
"7023",0.939342475492481,7100,710
"7024",0.934766128370833,7100,710
"7025",0.927133990500665,7100,710
"7026",0.926201650468712,7100,710
"7027",0.940116072424406,7100,710
"7028",0.95459397055774,7100,710
"7029",0.944363196648997,7100,710
"7030",0.946121099002188,7100,710
"7031",0.943011131608707,7100,710
"7032",0.938999073643485,7100,710
"7033",0.934341660007254,7100,710
"7034",0.938363280674562,7100,710
"7035",0.945207661733569,7100,710
"7036",0.932332275349783,7100,710
"7037",0.946213512420291,7100,710
"7038",0.939005710624199,7100,710
"7039",0.948016969174202,7100,710
"7040",0.944416588226808,7100,710
"7041",0.938781172705873,7100,710
"7042",0.943033541091613,7100,710
"7043",0.939544740695004,7100,710
"7044",0.941386404497176,7100,710
"7045",0.940080640977912,7100,710
"7046",0.936434773633277,7100,710
"7047",0.941714601891366,7100,710
"7048",0.939900771417321,7100,710
"7049",0.933925165772256,7100,710
"7050",0.940918825893576,7100,710
"7051",0.941146061972872,7100,710
"7052",0.944698456304604,7100,710
"7053",0.942804892454203,7100,710
"7054",0.935766574512164,7100,710
"7055",0.928996347236447,7100,710
"7056",0.941461140227031,7100,710
"7057",0.943380651399469,7100,710
"7058",0.938373495115796,7100,710
"7059",0.938572956083867,7100,710
"7060",0.939008233176733,7100,710
"7061",0.931405321984367,7100,710
"7062",0.937667125417057,7100,710
"7063",0.940353048452824,7100,710
"7064",0.939880954824208,7100,710
"7065",0.941790721752369,7100,710
"7066",0.939346352666312,7100,710
"7067",0.935269244269583,7100,710
"7068",0.947777720830565,7100,710
"7069",0.939827232526979,7100,710
"7070",0.935601997819003,7100,710
"7071",0.936104739300517,7100,710
"7072",0.940022377648315,7100,710
"7073",0.935901775978109,7100,710
"7074",0.942589948178366,7100,710
"7075",0.930167212211029,7100,710
"7076",0.953127328748286,7100,710
"7077",0.928587781980935,7100,710
"7078",0.948228132599902,7100,710
"7079",0.942276160415394,7100,710
"7080",0.936784750765585,7100,710
"7081",0.935423544102565,7100,710
"7082",0.948091067951165,7100,710
"7083",0.940565685840848,7100,710
"7084",0.9343796955063,7100,710
"7085",0.955571885882311,7100,710
"7086",0.941627279730748,7100,710
"7087",0.934884438951787,7100,710
"7088",0.951118257786496,7100,710
"7089",0.947476955917152,7100,710
"7090",0.933184377313581,7100,710
"7091",0.935120315458379,7100,710
"7092",0.935377496953725,7100,710
"7093",0.938345477763788,7100,710
"7094",0.927497751395484,7100,710
"7095",0.944941171356534,7100,710
"7096",0.940160307187201,7100,710
"7097",0.939023653717162,7100,710
"7098",0.936917774920901,7100,710
"7099",0.939102361398674,7100,710
"7100",0.936145617595483,7100,710
"7101",0.921535781068197,7100,710
"7102",0.932989434023739,7100,710
"7103",0.944575742294543,7100,710
"7104",0.943783530228249,7100,710
"7105",0.922313047447607,7100,710
"7106",0.938378723290626,7100,710
"7107",0.934624271620208,7100,710
"7108",0.944181328732856,7100,710
"7109",0.943433062482739,7100,710
"7110",0.936420509373474,7100,710
"7111",0.933288302492111,7100,710
"7112",0.939276689557304,7100,710
"7113",0.937979736571887,7100,710
"7114",0.934016860592744,7100,710
"7115",0.937110083345031,7100,710
"7116",0.935972583699277,7100,710
"7117",0.939659079966668,7100,710
"7118",0.931873356389412,7100,710
"7119",0.942494873858611,7100,710
"7120",0.939750508114246,7100,710
"7121",0.946352342123632,7100,710
"7122",0.953536955661313,7100,710
"7123",0.938771620617678,7100,710
"7124",0.926795897562763,7100,710
"7125",0.943870783347642,7100,710
"7126",0.940759316827015,7100,710
"7127",0.926008669105145,7100,710
"7128",0.933123837097966,7100,710
"7129",0.935232657762609,7100,710
"7130",0.937801735809288,7100,710
"7131",0.942264767153359,7100,710
"7132",0.927482810067343,7100,710
"7133",0.937983092972421,7100,710
"7134",0.937263284191406,7100,710
"7135",0.93569929810037,7100,710
"7136",0.94404751744972,7100,710
"7137",0.93323142410979,7100,710
"7138",0.93543032703869,7100,710
"7139",0.939320766981229,7100,710
"7140",0.939917180027651,7100,710
"7141",0.932847454626411,7100,710
"7142",0.937067862414231,7100,710
"7143",0.933199066243558,7100,710
"7144",0.946504811543753,7100,710
"7145",0.946181087224735,7100,710
"7146",0.939831727725493,7100,710
"7147",0.94173915276904,7100,710
"7148",0.937927264014755,7100,710
"7149",0.945757719510147,7100,710
"7150",0.941592243641471,7100,710
"7151",0.933956652931695,7100,710
"7152",0.923796151495351,7100,710
"7153",0.930967167234742,7100,710
"7154",0.94177823226893,7100,710
"7155",0.945237622902883,7100,710
"7156",0.942594232997618,7100,710
"7157",0.937588334202891,7100,710
"7158",0.936104217541625,7100,710
"7159",0.930281464018954,7100,710
"7160",0.933546922330793,7100,710
"7161",0.935516436249736,7100,710
"7162",0.938631311251857,7100,710
"7163",0.927653385721289,7100,710
"7164",0.927123171045928,7100,710
"7165",0.929484893866648,7100,710
"7166",0.946958297408261,7100,710
"7167",0.937582891424554,7100,710
"7168",0.943247550519395,7100,710
"7169",0.943177136368135,7100,710
"7170",0.9325737886313,7100,710
"7171",0.935804002387251,7100,710
"7172",0.933082240048928,7100,710
"7173",0.939578106419099,7100,710
"7174",0.941616520426597,7100,710
"7175",0.94599710757866,7100,710
"7176",0.935196400121857,7100,710
"7177",0.930785485827409,7100,710
"7178",0.942882509428518,7100,710
"7179",0.9466028434944,7100,710
"7180",0.940039539868888,7100,710
"7181",0.940010061145286,7100,710
"7182",0.937776513968795,7100,710
"7183",0.939111919068161,7100,710
"7184",0.934349108216947,7100,710
"7185",0.940518051062335,7100,710
"7186",0.943540559756342,7100,710
"7187",0.938530803766353,7100,710
"7188",0.933075179879369,7100,710
"7189",0.938298029109542,7100,710
"7190",0.937000711992939,7100,710
"7191",0.940397835906141,7100,710
"7192",0.942688288698319,7100,710
"7193",0.936928370110356,7100,710
"7194",0.940919471060821,7100,710
"7195",0.954275495963609,7100,710
"7196",0.938437979525937,7100,710
"7197",0.93630828878537,7100,710
"7198",0.936391900777513,7100,710
"7199",0.939805479254029,7100,710
"7200",0.935445039117998,7100,710
"7201",0.940803240039328,7100,710
"7202",0.935583236795151,7100,710
"7203",0.93976824109336,7100,710
"7204",0.938941668807366,7100,710
"7205",0.946785626278024,7100,710
"7206",0.941474204194117,7100,710
"7207",0.933362505677937,7100,710
"7208",0.936468019104553,7100,710
"7209",0.938540850370877,7100,710
"7210",0.943582181126149,7100,710
"7211",0.94296648690862,7100,710
"7212",0.940051502661676,7100,710
"7213",0.941687190118788,7100,710
"7214",0.940305872945634,7100,710
"7215",0.928444452543407,7100,710
"7216",0.938739857366716,7100,710
"7217",0.932198433835097,7100,710
"7218",0.935562302104804,7100,710
"7219",0.934796103358284,7100,710
"7220",0.940183278624376,7100,710
"7221",0.930574416977266,7100,710
"7222",0.93183911342372,7100,710
"7223",0.940624033532714,7100,710
"7224",0.944361543226072,7100,710
"7225",0.936901788550929,7100,710
"7226",0.933410376288691,7100,710
"7227",0.93894168824514,7100,710
"7228",0.941011042653066,7100,710
"7229",0.942675481880574,7100,710
"7230",0.934975897145762,7100,710
"7231",0.937858342354131,7100,710
"7232",0.934359586103743,7100,710
"7233",0.944648160855672,7100,710
"7234",0.9303672392745,7100,710
"7235",0.938005945527915,7100,710
"7236",0.937506308703205,7100,710
"7237",0.938366243485021,7100,710
"7238",0.93671954219226,7100,710
"7239",0.951929714780906,7100,710
"7240",0.934583933824296,7100,710
"7241",0.942892879146563,7100,710
"7242",0.927168608551743,7100,710
"7243",0.937041529280835,7100,710
"7244",0.936883621082801,7100,710
"7245",0.931475984830059,7100,710
"7246",0.941203847356072,7100,710
"7247",0.938819326456905,7100,710
"7248",0.929123277575085,7100,710
"7249",0.930253794702381,7100,710
"7250",0.931200776236529,7100,710
"7251",0.955415364596061,7100,710
"7252",0.923836420607637,7100,710
"7253",0.941113308076007,7100,710
"7254",0.927784107600807,7100,710
"7255",0.926389075902066,7100,710
"7256",0.949620456529862,7100,710
"7257",0.938736592771117,7100,710
"7258",0.93929633491793,7100,710
"7259",0.933991200636356,7100,710
"7260",0.937665952865254,7100,710
"7261",0.935389948202223,7100,710
"7262",0.942139942882487,7100,710
"7263",0.934169810494295,7100,710
"7264",0.941896749484881,7100,710
"7265",0.949365091596786,7100,710
"7266",0.945867720307704,7100,710
"7267",0.934573947009406,7100,710
"7268",0.946583397180669,7100,710
"7269",0.941974482823765,7100,710
"7270",0.937994473634004,7100,710
"7271",0.937484081001358,7100,710
"7272",0.935469750420907,7100,710
"7273",0.943963450011924,7100,710
"7274",0.931948833148718,7100,710
"7275",0.938313628561956,7100,710
"7276",0.944052150034434,7100,710
"7277",0.930872913446992,7100,710
"7278",0.933046196347616,7100,710
"7279",0.947418956241206,7100,710
"7280",0.939469114115391,7100,710
"7281",0.93775518911196,7100,710
"7282",0.942280959453614,7100,710
"7283",0.940029618533486,7100,710
"7284",0.946656173676005,7100,710
"7285",0.929200001824377,7100,710
"7286",0.936089512983659,7100,710
"7287",0.9285351287434,7100,710
"7288",0.937601636187549,7100,710
"7289",0.930418362952785,7100,710
"7290",0.945001115261923,7100,710
"7291",0.946332751957155,7100,710
"7292",0.929482904948986,7100,710
"7293",0.944701507059184,7100,710
"7294",0.928718554081662,7100,710
"7295",0.937678870466739,7100,710
"7296",0.931935097936155,7100,710
"7297",0.940879224298521,7100,710
"7298",0.934227988889472,7100,710
"7299",0.939865418673366,7100,710
"7300",0.933138802937117,7100,710
"7301",0.938896382954727,7100,710
"7302",0.92939128773673,7100,710
"7303",0.931414187163265,7100,710
"7304",0.93380909149772,7100,710
"7305",0.935346818139544,7100,710
"7306",0.940856755425126,7100,710
"7307",0.933488580716857,7100,710
"7308",0.942384678831656,7100,710
"7309",0.945228820397573,7100,710
"7310",0.932628468446498,7100,710
"7311",0.933283117413942,7100,710
"7312",0.932553887219988,7100,710
"7313",0.938361022862113,7100,710
"7314",0.939955585081697,7100,710
"7315",0.932058239221502,7100,710
"7316",0.9252139701324,7100,710
"7317",0.935178643270755,7100,710
"7318",0.926528092916548,7100,710
"7319",0.937628854271417,7100,710
"7320",0.934003027814936,7100,710
"7321",0.937296741276442,7100,710
"7322",0.938303454908996,7100,710
"7323",0.94752292726996,7100,710
"7324",0.934182180602823,7100,710
"7325",0.927898976148052,7100,710
"7326",0.939959453875835,7100,710
"7327",0.943425682562704,7100,710
"7328",0.926599700755334,7100,710
"7329",0.942485689043797,7100,710
"7330",0.940641096530766,7100,710
"7331",0.939144909401911,7100,710
"7332",0.945960036198429,7100,710
"7333",0.936869792362849,7100,710
"7334",0.937476052810943,7100,710
"7335",0.920351024183078,7100,710
"7336",0.934728565452087,7100,710
"7337",0.937536974379081,7100,710
"7338",0.931918011906671,7100,710
"7339",0.931301496021488,7100,710
"7340",0.932853704995703,7100,710
"7341",0.930828498375907,7100,710
"7342",0.931228733661662,7100,710
"7343",0.935893452766612,7100,710
"7344",0.927524141162263,7100,710
"7345",0.933684772424795,7100,710
"7346",0.941968239672858,7100,710
"7347",0.952250107062554,7100,710
"7348",0.944580355237436,7100,710
"7349",0.932277473242762,7100,710
"7350",0.940129277182542,7100,710
"7351",0.938806047589932,7100,710
"7352",0.939133650720835,7100,710
"7353",0.942714392257771,7100,710
"7354",0.940543408934846,7100,710
"7355",0.951699544457514,7100,710
"7356",0.936946342812498,7100,710
"7357",0.934370197631911,7100,710
"7358",0.947410695779733,7100,710
"7359",0.94907128682844,7100,710
"7360",0.937114312235596,7100,710
"7361",0.935163591469645,7100,710
"7362",0.933628816354525,7100,710
"7363",0.9398561722491,7100,710
"7364",0.927888434241131,7100,710
"7365",0.927204019310584,7100,710
"7366",0.942071703495071,7100,710
"7367",0.939559589147157,7100,710
"7368",0.931977269508229,7100,710
"7369",0.939162016131604,7100,710
"7370",0.923256867949545,7100,710
"7371",0.94072138552568,7100,710
"7372",0.942432060574897,7100,710
"7373",0.941132246473563,7100,710
"7374",0.937623416059622,7100,710
"7375",0.933985344558803,7100,710
"7376",0.931081625398999,7100,710
"7377",0.938918065729177,7100,710
"7378",0.93574178181094,7100,710
"7379",0.94302469945635,7100,710
"7380",0.938815310227388,7100,710
"7381",0.9330403087137,7100,710
"7382",0.940867887107341,7100,710
"7383",0.931403725324442,7100,710
"7384",0.935409568875424,7100,710
"7385",0.934533030838461,7100,710
"7386",0.941021867514839,7100,710
"7387",0.934507818947831,7100,710
"7388",0.936095805860014,7100,710
"7389",0.949254018521056,7100,710
"7390",0.938805141545555,7100,710
"7391",0.924357199725294,7100,710
"7392",0.93948725582064,7100,710
"7393",0.945813413529119,7100,710
"7394",0.925963446974841,7100,710
"7395",0.943157475019821,7100,710
"7396",0.943077984153241,7100,710
"7397",0.932972330617602,7100,710
"7398",0.931448341918422,7100,710
"7399",0.930741513928905,7100,710
"7400",0.921666609744594,7100,710
"7401",0.940093374555134,7100,710
"7402",0.945059059753294,7100,710
"7403",0.927408901779277,7100,710
"7404",0.936330804993121,7100,710
"7405",0.946568690914683,7100,710
"7406",0.942303058539,7100,710
"7407",0.941591983086819,7100,710
"7408",0.930936984531775,7100,710
"7409",0.936002524021269,7100,710
"7410",0.936204419455143,7100,710
"7411",0.934210065899321,7100,710
"7412",0.94346877339563,7100,710
"7413",0.928473549807993,7100,710
"7414",0.93530853554606,7100,710
"7415",0.935251510349657,7100,710
"7416",0.946005917380744,7100,710
"7417",0.934042126513693,7100,710
"7418",0.944132503355792,7100,710
"7419",0.947308020427792,7100,710
"7420",0.936133150044422,7100,710
"7421",0.94051898445112,7100,710
"7422",0.943162601612988,7100,710
"7423",0.93345590427088,7100,710
"7424",0.938616782885714,7100,710
"7425",0.943096951821001,7100,710
"7426",0.932061548666119,7100,710
"7427",0.9312927330955,7100,710
"7428",0.932123148174865,7100,710
"7429",0.939478728219553,7100,710
"7430",0.938324649574197,7100,710
"7431",0.940694966394456,7100,710
"7432",0.942410972366149,7100,710
"7433",0.949508747069899,7100,710
"7434",0.93891809268328,7100,710
"7435",0.934310551523496,7100,710
"7436",0.938922177946741,7100,710
"7437",0.94437798212221,7100,710
"7438",0.930140775351981,7100,710
"7439",0.936406272713693,7100,710
"7440",0.93232897795196,7100,710
"7441",0.931648930413249,7100,710
"7442",0.936947044073291,7100,710
"7443",0.936016379300558,7100,710
"7444",0.937329164025757,7100,710
"7445",0.937939387438287,7100,710
"7446",0.93672065662369,7100,710
"7447",0.936475822246561,7100,710
"7448",0.937366246378541,7100,710
"7449",0.933765308360266,7100,710
"7450",0.938002928585893,7100,710
"7451",0.940328221374154,7100,710
"7452",0.935317914627553,7100,710
"7453",0.937898320174267,7100,710
"7454",0.932595996166955,7100,710
"7455",0.932846136260045,7100,710
"7456",0.927825268487835,7100,710
"7457",0.937152110671487,7100,710
"7458",0.94394192949032,7100,710
"7459",0.935117526277313,7100,710
"7460",0.938528036310601,7100,710
"7461",0.94339657128859,7100,710
"7462",0.928743256559835,7100,710
"7463",0.939108585860914,7100,710
"7464",0.931066883551104,7100,710
"7465",0.941899134021997,7100,710
"7466",0.928400466745577,7100,710
"7467",0.935745775889707,7100,710
"7468",0.935613615857115,7100,710
"7469",0.93147405100561,7100,710
"7470",0.935961002261088,7100,710
"7471",0.941174408088059,7100,710
"7472",0.937762441637646,7100,710
"7473",0.938047488084417,7100,710
"7474",0.932520507636114,7100,710
"7475",0.938950767959587,7100,710
"7476",0.940283796914199,7100,710
"7477",0.938565829856319,7100,710
"7478",0.935367501088251,7100,710
"7479",0.93506129578563,7100,710
"7480",0.9346842329542,7100,710
"7481",0.933558284794129,7100,710
"7482",0.934487042799832,7100,710
"7483",0.940604966955381,7100,710
"7484",0.938855218686915,7100,710
"7485",0.938718551549828,7100,710
"7486",0.937292370772978,7100,710
"7487",0.938343708900775,7100,710
"7488",0.945234496078313,7100,710
"7489",0.941833665368998,7100,710
"7490",0.926044560982683,7100,710
"7491",0.946010110418054,7100,710
"7492",0.93605525059795,7100,710
"7493",0.93967108768503,7100,710
"7494",0.935227831994275,7100,710
"7495",0.941253792612192,7100,710
"7496",0.936334731105389,7100,710
"7497",0.942994012404488,7100,710
"7498",0.936009577328356,7100,710
"7499",0.945880091589521,7100,710
"7500",0.935689993777602,7100,710
"7501",0.945680174341005,7100,710
"7502",0.94487537573327,7600,760
"7503",0.931966031691648,7600,760
"7504",0.940618644658097,7600,760
"7505",0.943029167344657,7600,760
"7506",0.942477746504386,7600,760
"7507",0.939844882253046,7600,760
"7508",0.940649300032636,7600,760
"7509",0.943702862143268,7600,760
"7510",0.933608101691953,7600,760
"7511",0.945658617177556,7600,760
"7512",0.957427158891087,7600,760
"7513",0.943136407607158,7600,760
"7514",0.935220713414611,7600,760
"7515",0.935173073053002,7600,760
"7516",0.946838578936927,7600,760
"7517",0.933080382082138,7600,760
"7518",0.943255748921289,7600,760
"7519",0.950177883885174,7600,760
"7520",0.93418675216302,7600,760
"7521",0.941307732840245,7600,760
"7522",0.936486328750771,7600,760
"7523",0.93947376865788,7600,760
"7524",0.942548433505936,7600,760
"7525",0.93455772243921,7600,760
"7526",0.939406373308128,7600,760
"7527",0.941929207973775,7600,760
"7528",0.950049724619177,7600,760
"7529",0.934830146843475,7600,760
"7530",0.93942021344823,7600,760
"7531",0.935131717384718,7600,760
"7532",0.939985509313169,7600,760
"7533",0.942144153446387,7600,760
"7534",0.938625933830923,7600,760
"7535",0.939401457135462,7600,760
"7536",0.94549624604691,7600,760
"7537",0.939394751295307,7600,760
"7538",0.935817446887383,7600,760
"7539",0.939273190791307,7600,760
"7540",0.941552140189431,7600,760
"7541",0.94910829324972,7600,760
"7542",0.939109484115423,7600,760
"7543",0.938130061778762,7600,760
"7544",0.941374486517759,7600,760
"7545",0.942081802988068,7600,760
"7546",0.945867582865663,7600,760
"7547",0.936552167868236,7600,760
"7548",0.946059295706736,7600,760
"7549",0.932660462771661,7600,760
"7550",0.934781788200175,7600,760
"7551",0.937439962208597,7600,760
"7552",0.93869852597602,7600,760
"7553",0.932887359970808,7600,760
"7554",0.950857470598763,7600,760
"7555",0.935454562083286,7600,760
"7556",0.938819215578023,7600,760
"7557",0.933333994179611,7600,760
"7558",0.936663984733045,7600,760
"7559",0.940229973132652,7600,760
"7560",0.952951693049545,7600,760
"7561",0.94691914194278,7600,760
"7562",0.935980181801063,7600,760
"7563",0.952891615999377,7600,760
"7564",0.936487175015621,7600,760
"7565",0.947934858530868,7600,760
"7566",0.936351800873175,7600,760
"7567",0.937895799941739,7600,760
"7568",0.942096725977559,7600,760
"7569",0.941791399821812,7600,760
"7570",0.938831910546926,7600,760
"7571",0.950460501463725,7600,760
"7572",0.933944637759294,7600,760
"7573",0.93895164410954,7600,760
"7574",0.936311062202134,7600,760
"7575",0.94459041688386,7600,760
"7576",0.943607528252188,7600,760
"7577",0.945617515756457,7600,760
"7578",0.934856200770357,7600,760
"7579",0.95151587870418,7600,760
"7580",0.941263419239117,7600,760
"7581",0.945987243529612,7600,760
"7582",0.937287786091148,7600,760
"7583",0.938709594172614,7600,760
"7584",0.946081882873001,7600,760
"7585",0.944953435149296,7600,760
"7586",0.951294288975864,7600,760
"7587",0.943654982139331,7600,760
"7588",0.937400585944798,7600,760
"7589",0.937745855037757,7600,760
"7590",0.933960260399167,7600,760
"7591",0.9395692352627,7600,760
"7592",0.928456938443208,7600,760
"7593",0.932090011312296,7600,760
"7594",0.938384680066926,7600,760
"7595",0.940385832779092,7600,760
"7596",0.942709523792861,7600,760
"7597",0.93691181063844,7600,760
"7598",0.929284913115062,7600,760
"7599",0.942992861153804,7600,760
"7600",0.926983247872694,7600,760
"7601",0.943680058771173,7600,760
"7602",0.934417241596273,7600,760
"7603",0.93941904356439,7600,760
"7604",0.940649991043131,7600,760
"7605",0.945533595136963,7600,760
"7606",0.942254923139869,7600,760
"7607",0.942615251071041,7600,760
"7608",0.942549081976052,7600,760
"7609",0.945091222368048,7600,760
"7610",0.932521751794967,7600,760
"7611",0.933741424926313,7600,760
"7612",0.941413674039363,7600,760
"7613",0.934658929741167,7600,760
"7614",0.949532123873122,7600,760
"7615",0.939546773809768,7600,760
"7616",0.937753347199685,7600,760
"7617",0.935195902994487,7600,760
"7618",0.943562241939189,7600,760
"7619",0.945947119130154,7600,760
"7620",0.943076609793485,7600,760
"7621",0.937878540826988,7600,760
"7622",0.939259271194647,7600,760
"7623",0.951354766766543,7600,760
"7624",0.937898311808481,7600,760
"7625",0.929480122908542,7600,760
"7626",0.94545106103762,7600,760
"7627",0.947287890531209,7600,760
"7628",0.938177643398192,7600,760
"7629",0.943613215465715,7600,760
"7630",0.944348560050914,7600,760
"7631",0.937798291687836,7600,760
"7632",0.939171830338224,7600,760
"7633",0.93448948809154,7600,760
"7634",0.944123638034934,7600,760
"7635",0.94240512985487,7600,760
"7636",0.948385562544845,7600,760
"7637",0.947266162530417,7600,760
"7638",0.943390559258833,7600,760
"7639",0.939657406204135,7600,760
"7640",0.926183386875223,7600,760
"7641",0.948077771629739,7600,760
"7642",0.945541661404893,7600,760
"7643",0.943392967883857,7600,760
"7644",0.950282803858173,7600,760
"7645",0.943035220865063,7600,760
"7646",0.942182511024002,7600,760
"7647",0.932588539426943,7600,760
"7648",0.945736424146942,7600,760
"7649",0.940797359371107,7600,760
"7650",0.941476701775248,7600,760
"7651",0.936124533355414,7600,760
"7652",0.949683782767479,7600,760
"7653",0.945689511569935,7600,760
"7654",0.946067372598779,7600,760
"7655",0.947432965343576,7600,760
"7656",0.948311308360975,7600,760
"7657",0.950120645495631,7600,760
"7658",0.930410728959499,7600,760
"7659",0.946950116675373,7600,760
"7660",0.942528490856846,7600,760
"7661",0.941946823826918,7600,760
"7662",0.939664121365974,7600,760
"7663",0.93970400536143,7600,760
"7664",0.946616939558367,7600,760
"7665",0.942998346956392,7600,760
"7666",0.958021356515972,7600,760
"7667",0.946731132564529,7600,760
"7668",0.937747656288671,7600,760
"7669",0.943102742360902,7600,760
"7670",0.94469836360108,7600,760
"7671",0.932781660187353,7600,760
"7672",0.925461630307076,7600,760
"7673",0.93599268625061,7600,760
"7674",0.944895757989204,7600,760
"7675",0.945814310052281,7600,760
"7676",0.941866700680009,7600,760
"7677",0.944703269800512,7600,760
"7678",0.939416820503991,7600,760
"7679",0.941686408722262,7600,760
"7680",0.948921270677083,7600,760
"7681",0.928455508610733,7600,760
"7682",0.943927060528224,7600,760
"7683",0.937126705187044,7600,760
"7684",0.94020406033282,7600,760
"7685",0.948739310885135,7600,760
"7686",0.941052848740099,7600,760
"7687",0.951277342706917,7600,760
"7688",0.940748173492937,7600,760
"7689",0.945889003797994,7600,760
"7690",0.944536180960369,7600,760
"7691",0.938761283286291,7600,760
"7692",0.93929620540815,7600,760
"7693",0.948942259409878,7600,760
"7694",0.94691990976478,7600,760
"7695",0.947267744854386,7600,760
"7696",0.940983100039937,7600,760
"7697",0.938154327677236,7600,760
"7698",0.937829781776184,7600,760
"7699",0.947329987361282,7600,760
"7700",0.937720660609144,7600,760
"7701",0.943632676714864,7600,760
"7702",0.939514919547385,7600,760
"7703",0.938694326179987,7600,760
"7704",0.936342725570782,7600,760
"7705",0.935210877615277,7600,760
"7706",0.948125685038209,7600,760
"7707",0.928646541189791,7600,760
"7708",0.937811569788127,7600,760
"7709",0.94781341542506,7600,760
"7710",0.946641242518896,7600,760
"7711",0.94805410261371,7600,760
"7712",0.936308001494754,7600,760
"7713",0.940654365122013,7600,760
"7714",0.947003678186516,7600,760
"7715",0.942045729506692,7600,760
"7716",0.940148491996388,7600,760
"7717",0.945825486937812,7600,760
"7718",0.940419314888013,7600,760
"7719",0.938445645297132,7600,760
"7720",0.939909885749182,7600,760
"7721",0.950263538697362,7600,760
"7722",0.945154805420788,7600,760
"7723",0.935428672244401,7600,760
"7724",0.938387928146983,7600,760
"7725",0.939008142976389,7600,760
"7726",0.937229342230116,7600,760
"7727",0.946883837262766,7600,760
"7728",0.941357848792115,7600,760
"7729",0.934948774926425,7600,760
"7730",0.932709868291698,7600,760
"7731",0.938705436638275,7600,760
"7732",0.93594647802205,7600,760
"7733",0.940567409790346,7600,760
"7734",0.943610810999457,7600,760
"7735",0.945090404259281,7600,760
"7736",0.940892475459862,7600,760
"7737",0.952121129553685,7600,760
"7738",0.939550584051541,7600,760
"7739",0.937164468535566,7600,760
"7740",0.932455884836578,7600,760
"7741",0.938858903341354,7600,760
"7742",0.9400174162979,7600,760
"7743",0.946770432293273,7600,760
"7744",0.945274852084596,7600,760
"7745",0.939320173432166,7600,760
"7746",0.936063879349772,7600,760
"7747",0.931734530820199,7600,760
"7748",0.945477794483799,7600,760
"7749",0.937514288790227,7600,760
"7750",0.936864814177644,7600,760
"7751",0.941936240456167,7600,760
"7752",0.940844181731131,7600,760
"7753",0.93803649889219,7600,760
"7754",0.941728126946886,7600,760
"7755",0.945355972553011,7600,760
"7756",0.934479154772199,7600,760
"7757",0.937815635307967,7600,760
"7758",0.938333979115938,7600,760
"7759",0.947283817592188,7600,760
"7760",0.942034611776674,7600,760
"7761",0.950478122685469,7600,760
"7762",0.937992606445677,7600,760
"7763",0.940709909109051,7600,760
"7764",0.933161308824369,7600,760
"7765",0.947047039087396,7600,760
"7766",0.938725479044055,7600,760
"7767",0.935917474696332,7600,760
"7768",0.93769768717117,7600,760
"7769",0.957097594167852,7600,760
"7770",0.940809139054152,7600,760
"7771",0.945826690574647,7600,760
"7772",0.938547888985242,7600,760
"7773",0.94097758107081,7600,760
"7774",0.932827679740032,7600,760
"7775",0.93758474545421,7600,760
"7776",0.939207700443941,7600,760
"7777",0.945368657428857,7600,760
"7778",0.942741711617214,7600,760
"7779",0.944472187314061,7600,760
"7780",0.940625031606672,7600,760
"7781",0.958927497928791,7600,760
"7782",0.939753017069828,7600,760
"7783",0.940964839492892,7600,760
"7784",0.94838379188551,7600,760
"7785",0.946954695294903,7600,760
"7786",0.945430388586289,7600,760
"7787",0.944636586395306,7600,760
"7788",0.954632767687851,7600,760
"7789",0.93319458047266,7600,760
"7790",0.942848805839772,7600,760
"7791",0.945804497795207,7600,760
"7792",0.940819387271206,7600,760
"7793",0.943237855359688,7600,760
"7794",0.942783247942978,7600,760
"7795",0.93908295369866,7600,760
"7796",0.947990419244254,7600,760
"7797",0.944460826910342,7600,760
"7798",0.93421768910109,7600,760
"7799",0.930955289000697,7600,760
"7800",0.941972282637738,7600,760
"7801",0.936292393237383,7600,760
"7802",0.940588517082952,7600,760
"7803",0.945142172797179,7600,760
"7804",0.943935390964767,7600,760
"7805",0.94866376311598,7600,760
"7806",0.934633211258766,7600,760
"7807",0.950032573833393,7600,760
"7808",0.944025932571537,7600,760
"7809",0.942339617272446,7600,760
"7810",0.942626068195056,7600,760
"7811",0.942306288871752,7600,760
"7812",0.940196081658015,7600,760
"7813",0.950147149660711,7600,760
"7814",0.947052871575521,7600,760
"7815",0.938729244582543,7600,760
"7816",0.942080874729866,7600,760
"7817",0.939492877837949,7600,760
"7818",0.94364117934816,7600,760
"7819",0.943645325447333,7600,760
"7820",0.943081968583496,7600,760
"7821",0.946538094947168,7600,760
"7822",0.941900332811756,7600,760
"7823",0.94366434686612,7600,760
"7824",0.940974739777309,7600,760
"7825",0.935550037358707,7600,760
"7826",0.941225042447794,7600,760
"7827",0.947347163202736,7600,760
"7828",0.938873968677056,7600,760
"7829",0.931831131579849,7600,760
"7830",0.950773049169532,7600,760
"7831",0.950683414659577,7600,760
"7832",0.945794099904999,7600,760
"7833",0.946169579831058,7600,760
"7834",0.939425346654667,7600,760
"7835",0.928560561966415,7600,760
"7836",0.938068632011472,7600,760
"7837",0.949377192389161,7600,760
"7838",0.948547751272232,7600,760
"7839",0.931873914540372,7600,760
"7840",0.949375444672346,7600,760
"7841",0.942750650047528,7600,760
"7842",0.933525127470818,7600,760
"7843",0.939954233232542,7600,760
"7844",0.935712732601207,7600,760
"7845",0.946318696963622,7600,760
"7846",0.9414877128472,7600,760
"7847",0.937297354446713,7600,760
"7848",0.94140173652547,7600,760
"7849",0.928529758448086,7600,760
"7850",0.946442105720866,7600,760
"7851",0.936937099026397,7600,760
"7852",0.948443544636325,7600,760
"7853",0.939385909192967,7600,760
"7854",0.939492766295773,7600,760
"7855",0.937342337317153,7600,760
"7856",0.926030344021558,7600,760
"7857",0.942688929515908,7600,760
"7858",0.941176655214331,7600,760
"7859",0.946594517050786,7600,760
"7860",0.951444193557338,7600,760
"7861",0.943199214846307,7600,760
"7862",0.943822130255401,7600,760
"7863",0.94084165922272,7600,760
"7864",0.928345751329613,7600,760
"7865",0.943292380131855,7600,760
"7866",0.940692889835327,7600,760
"7867",0.944393873255374,7600,760
"7868",0.935653217836151,7600,760
"7869",0.947817364072443,7600,760
"7870",0.943714151752209,7600,760
"7871",0.945051935712272,7600,760
"7872",0.946687361490941,7600,760
"7873",0.941941995420657,7600,760
"7874",0.951289119520103,7600,760
"7875",0.940095483643271,7600,760
"7876",0.945434316045145,7600,760
"7877",0.940912758352631,7600,760
"7878",0.942539816082614,7600,760
"7879",0.943896272638793,7600,760
"7880",0.945200230266362,7600,760
"7881",0.945000206720694,7600,760
"7882",0.942385294486825,7600,760
"7883",0.939990861631521,7600,760
"7884",0.941111471298802,7600,760
"7885",0.94970829248432,7600,760
"7886",0.947333737639163,7600,760
"7887",0.932423323833678,7600,760
"7888",0.950889101220141,7600,760
"7889",0.946367020603657,7600,760
"7890",0.942739503702895,7600,760
"7891",0.938054924340167,7600,760
"7892",0.940169941339119,7600,760
"7893",0.939176172210811,7600,760
"7894",0.940001368810689,7600,760
"7895",0.942075075695976,7600,760
"7896",0.939252550236227,7600,760
"7897",0.944449227595524,7600,760
"7898",0.938955802906545,7600,760
"7899",0.942050915973925,7600,760
"7900",0.939603046231924,7600,760
"7901",0.940932702492041,7600,760
"7902",0.943572873181124,7600,760
"7903",0.939245137505338,7600,760
"7904",0.945988350090357,7600,760
"7905",0.944425384060784,7600,760
"7906",0.94227590111735,7600,760
"7907",0.939726758746537,7600,760
"7908",0.943951147996812,7600,760
"7909",0.935404264795813,7600,760
"7910",0.945132236137054,7600,760
"7911",0.944603606305071,7600,760
"7912",0.927517416016638,7600,760
"7913",0.948081350304109,7600,760
"7914",0.936028028988832,7600,760
"7915",0.948358168522051,7600,760
"7916",0.944467863882486,7600,760
"7917",0.94308964756208,7600,760
"7918",0.926365883570442,7600,760
"7919",0.94611095554315,7600,760
"7920",0.946387704180965,7600,760
"7921",0.946252202341782,7600,760
"7922",0.95064193566622,7600,760
"7923",0.933568339771012,7600,760
"7924",0.941754959798691,7600,760
"7925",0.947290813334107,7600,760
"7926",0.932208698916989,7600,760
"7927",0.946069543255283,7600,760
"7928",0.950507267814739,7600,760
"7929",0.948113512380397,7600,760
"7930",0.947688045651694,7600,760
"7931",0.934133146075242,7600,760
"7932",0.951419048184917,7600,760
"7933",0.951484638543153,7600,760
"7934",0.941203275537442,7600,760
"7935",0.94652643078044,7600,760
"7936",0.940629312167531,7600,760
"7937",0.93382618055266,7600,760
"7938",0.939321752037665,7600,760
"7939",0.932417048687391,7600,760
"7940",0.938477022602164,7600,760
"7941",0.944299096906374,7600,760
"7942",0.945275861945216,7600,760
"7943",0.932369095385692,7600,760
"7944",0.941443577120453,7600,760
"7945",0.94190279667341,7600,760
"7946",0.937252286884847,7600,760
"7947",0.948281848660221,7600,760
"7948",0.94808902857629,7600,760
"7949",0.940907524914805,7600,760
"7950",0.938344780723693,7600,760
"7951",0.940736076368237,7600,760
"7952",0.942142066007686,7600,760
"7953",0.937528241846487,7600,760
"7954",0.938361097719579,7600,760
"7955",0.951122375358655,7600,760
"7956",0.942068875396638,7600,760
"7957",0.944745575933637,7600,760
"7958",0.942296518105215,7600,760
"7959",0.939909033571774,7600,760
"7960",0.94673823406656,7600,760
"7961",0.94399021837261,7600,760
"7962",0.949055163797329,7600,760
"7963",0.934590205402763,7600,760
"7964",0.939053050178247,7600,760
"7965",0.936970896853979,7600,760
"7966",0.946657421040416,7600,760
"7967",0.938521016897253,7600,760
"7968",0.944927238015732,7600,760
"7969",0.934527915935841,7600,760
"7970",0.944793904815439,7600,760
"7971",0.943302501980333,7600,760
"7972",0.95010015761937,7600,760
"7973",0.938207682635989,7600,760
"7974",0.936189071553836,7600,760
"7975",0.936838585177758,7600,760
"7976",0.933240424397733,7600,760
"7977",0.947689317432957,7600,760
"7978",0.934127854031514,7600,760
"7979",0.932082383828162,7600,760
"7980",0.937758248677687,7600,760
"7981",0.941233417281778,7600,760
"7982",0.935083050815047,7600,760
"7983",0.932422206027792,7600,760
"7984",0.945009337989881,7600,760
"7985",0.926815421931887,7600,760
"7986",0.94250517378229,7600,760
"7987",0.936754592712031,7600,760
"7988",0.94737185288736,7600,760
"7989",0.936703138726923,7600,760
"7990",0.938562001024518,7600,760
"7991",0.94401202592022,7600,760
"7992",0.946890727396404,7600,760
"7993",0.943975199680869,7600,760
"7994",0.948199433596921,7600,760
"7995",0.936592603972088,7600,760
"7996",0.942457843168291,7600,760
"7997",0.941053127426011,7600,760
"7998",0.944323910848705,7600,760
"7999",0.947617769447366,7600,760
"8000",0.941466968249541,7600,760
"8001",0.949405571054992,7600,760
"8002",0.949417758700126,8100,810
"8003",0.939333817663958,8100,810
"8004",0.94584422336875,8100,810
"8005",0.946187470104331,8100,810
"8006",0.934703903237911,8100,810
"8007",0.940146302819245,8100,810
"8008",0.934722535128206,8100,810
"8009",0.950685220081541,8100,810
"8010",0.942270593064325,8100,810
"8011",0.942638403927463,8100,810
"8012",0.939296574907628,8100,810
"8013",0.940889561076965,8100,810
"8014",0.946229035619036,8100,810
"8015",0.950563915453038,8100,810
"8016",0.959715652875823,8100,810
"8017",0.942060220510284,8100,810
"8018",0.948715262540444,8100,810
"8019",0.930531720090833,8100,810
"8020",0.937578180178627,8100,810
"8021",0.936122734989197,8100,810
"8022",0.953944920011967,8100,810
"8023",0.94870015575312,8100,810
"8024",0.949633348621295,8100,810
"8025",0.941482475765606,8100,810
"8026",0.944685708754031,8100,810
"8027",0.941585561491866,8100,810
"8028",0.943742092036654,8100,810
"8029",0.94132922476089,8100,810
"8030",0.939077062164403,8100,810
"8031",0.936261173822408,8100,810
"8032",0.948025383388488,8100,810
"8033",0.949130862587038,8100,810
"8034",0.94746662338553,8100,810
"8035",0.952737783898875,8100,810
"8036",0.946734976358006,8100,810
"8037",0.935975101828258,8100,810
"8038",0.942124043140939,8100,810
"8039",0.942190594424142,8100,810
"8040",0.938742854256583,8100,810
"8041",0.934266154537401,8100,810
"8042",0.936351409599227,8100,810
"8043",0.937055465774244,8100,810
"8044",0.953152827529129,8100,810
"8045",0.949763760894279,8100,810
"8046",0.941576243960937,8100,810
"8047",0.942364275673259,8100,810
"8048",0.955140863955776,8100,810
"8049",0.938467146044439,8100,810
"8050",0.939174887528618,8100,810
"8051",0.946398295231416,8100,810
"8052",0.945919065642757,8100,810
"8053",0.936180116031937,8100,810
"8054",0.946425947555219,8100,810
"8055",0.940462427502249,8100,810
"8056",0.942876955548462,8100,810
"8057",0.947794821057416,8100,810
"8058",0.942698107362366,8100,810
"8059",0.948387819153922,8100,810
"8060",0.945402488250407,8100,810
"8061",0.93352180001243,8100,810
"8062",0.942533810109496,8100,810
"8063",0.955502362939154,8100,810
"8064",0.944181997012632,8100,810
"8065",0.948903442009406,8100,810
"8066",0.942330316219582,8100,810
"8067",0.932565800718377,8100,810
"8068",0.951459858920618,8100,810
"8069",0.947341548426979,8100,810
"8070",0.94114091485917,8100,810
"8071",0.943117794089578,8100,810
"8072",0.937522155483233,8100,810
"8073",0.942542601570139,8100,810
"8074",0.947570964616439,8100,810
"8075",0.935275531927372,8100,810
"8076",0.945032998722374,8100,810
"8077",0.947514407373937,8100,810
"8078",0.940548075464774,8100,810
"8079",0.951768784250054,8100,810
"8080",0.950230021853701,8100,810
"8081",0.943824333037033,8100,810
"8082",0.941897156891627,8100,810
"8083",0.948378502848538,8100,810
"8084",0.935528832383826,8100,810
"8085",0.943236017579386,8100,810
"8086",0.943200547336155,8100,810
"8087",0.948009470499867,8100,810
"8088",0.941907058763469,8100,810
"8089",0.939683452183295,8100,810
"8090",0.941500789629766,8100,810
"8091",0.942834622475118,8100,810
"8092",0.93647636465987,8100,810
"8093",0.959595650712199,8100,810
"8094",0.952170445692768,8100,810
"8095",0.940104007663015,8100,810
"8096",0.950425715948397,8100,810
"8097",0.945956879583368,8100,810
"8098",0.945754696902778,8100,810
"8099",0.94982024095627,8100,810
"8100",0.944677258560504,8100,810
"8101",0.941216246792054,8100,810
"8102",0.955379769800142,8100,810
"8103",0.944771974317106,8100,810
"8104",0.950585104307439,8100,810
"8105",0.943116926580496,8100,810
"8106",0.940028541897837,8100,810
"8107",0.947613019976866,8100,810
"8108",0.953165328023567,8100,810
"8109",0.941643239426845,8100,810
"8110",0.94091179983267,8100,810
"8111",0.9526836479085,8100,810
"8112",0.945813213169441,8100,810
"8113",0.946655956248828,8100,810
"8114",0.947321667136016,8100,810
"8115",0.945022506644322,8100,810
"8116",0.94894787464244,8100,810
"8117",0.941217686772247,8100,810
"8118",0.940034600399077,8100,810
"8119",0.945592339888644,8100,810
"8120",0.93674619458058,8100,810
"8121",0.944871237529713,8100,810
"8122",0.950081799528161,8100,810
"8123",0.935270110014745,8100,810
"8124",0.938840365310691,8100,810
"8125",0.936118805004975,8100,810
"8126",0.947292505685119,8100,810
"8127",0.945989442384669,8100,810
"8128",0.945226503451439,8100,810
"8129",0.94023207616904,8100,810
"8130",0.945321822341907,8100,810
"8131",0.943769015915206,8100,810
"8132",0.938961848371879,8100,810
"8133",0.941626288117482,8100,810
"8134",0.936697669054182,8100,810
"8135",0.941501398048879,8100,810
"8136",0.945308361802285,8100,810
"8137",0.928377274770127,8100,810
"8138",0.949748017048479,8100,810
"8139",0.941965127947795,8100,810
"8140",0.93727461601374,8100,810
"8141",0.947655688019669,8100,810
"8142",0.941844851310529,8100,810
"8143",0.955682717866978,8100,810
"8144",0.937761364118797,8100,810
"8145",0.945816587525663,8100,810
"8146",0.949184217642127,8100,810
"8147",0.940779088315008,8100,810
"8148",0.945360786942672,8100,810
"8149",0.949189649662714,8100,810
"8150",0.942541110510232,8100,810
"8151",0.938099004839572,8100,810
"8152",0.937208874664048,8100,810
"8153",0.94552954924963,8100,810
"8154",0.937960932461234,8100,810
"8155",0.947465486171708,8100,810
"8156",0.947271490093104,8100,810
"8157",0.94778473188638,8100,810
"8158",0.946659729188723,8100,810
"8159",0.937115613672423,8100,810
"8160",0.943480778686866,8100,810
"8161",0.93790732027746,8100,810
"8162",0.954762429885044,8100,810
"8163",0.947619776957116,8100,810
"8164",0.93671218445953,8100,810
"8165",0.956516666263043,8100,810
"8166",0.951620328849546,8100,810
"8167",0.935310618231049,8100,810
"8168",0.94949901252934,8100,810
"8169",0.948317708691593,8100,810
"8170",0.948733050756047,8100,810
"8171",0.940650324155186,8100,810
"8172",0.944522383475448,8100,810
"8173",0.949223054930607,8100,810
"8174",0.937431999840717,8100,810
"8175",0.946616817135457,8100,810
"8176",0.940840806969459,8100,810
"8177",0.93455404281974,8100,810
"8178",0.951806855158892,8100,810
"8179",0.944001258205442,8100,810
"8180",0.944125554386613,8100,810
"8181",0.950095425551435,8100,810
"8182",0.938868339283161,8100,810
"8183",0.94470874810019,8100,810
"8184",0.947798932387361,8100,810
"8185",0.943056053787636,8100,810
"8186",0.946902417466919,8100,810
"8187",0.946135243868443,8100,810
"8188",0.952896935791852,8100,810
"8189",0.946979623810326,8100,810
"8190",0.936912520714176,8100,810
"8191",0.944010178226336,8100,810
"8192",0.960741989478581,8100,810
"8193",0.943379647724949,8100,810
"8194",0.941722474825591,8100,810
"8195",0.952312179442432,8100,810
"8196",0.948869084018482,8100,810
"8197",0.953427907902637,8100,810
"8198",0.931339247957885,8100,810
"8199",0.944056924482405,8100,810
"8200",0.944439174271705,8100,810
"8201",0.950740176638728,8100,810
"8202",0.958635118270124,8100,810
"8203",0.943547605460566,8100,810
"8204",0.948887042416332,8100,810
"8205",0.94425163888193,8100,810
"8206",0.937115473976117,8100,810
"8207",0.948852485151272,8100,810
"8208",0.951510468187386,8100,810
"8209",0.944474253289682,8100,810
"8210",0.943839489023445,8100,810
"8211",0.943778438189752,8100,810
"8212",0.941976839313418,8100,810
"8213",0.931877076523112,8100,810
"8214",0.960961277667694,8100,810
"8215",0.948462388249906,8100,810
"8216",0.939255099867489,8100,810
"8217",0.948847599607769,8100,810
"8218",0.942053971659752,8100,810
"8219",0.941583227366452,8100,810
"8220",0.944660898172807,8100,810
"8221",0.943716990793693,8100,810
"8222",0.934737525642222,8100,810
"8223",0.935946112466286,8100,810
"8224",0.951431997706563,8100,810
"8225",0.948013255141939,8100,810
"8226",0.943060480247326,8100,810
"8227",0.9431779820114,8100,810
"8228",0.948242402090518,8100,810
"8229",0.93479632225946,8100,810
"8230",0.948505383754858,8100,810
"8231",0.950432742370676,8100,810
"8232",0.944662857198633,8100,810
"8233",0.943482253165442,8100,810
"8234",0.93665102755294,8100,810
"8235",0.953273730291694,8100,810
"8236",0.926400829846105,8100,810
"8237",0.945073902888917,8100,810
"8238",0.944950406474606,8100,810
"8239",0.942149421848766,8100,810
"8240",0.945456958483096,8100,810
"8241",0.952345709465945,8100,810
"8242",0.946273796386745,8100,810
"8243",0.949953504924341,8100,810
"8244",0.953067228738191,8100,810
"8245",0.930713182710311,8100,810
"8246",0.942669217409069,8100,810
"8247",0.950595523067048,8100,810
"8248",0.938170214822497,8100,810
"8249",0.940502241713467,8100,810
"8250",0.941750068145955,8100,810
"8251",0.950741874737421,8100,810
"8252",0.94088477085426,8100,810
"8253",0.951748449085162,8100,810
"8254",0.949662643275519,8100,810
"8255",0.946252928270475,8100,810
"8256",0.944809383450626,8100,810
"8257",0.952730270297785,8100,810
"8258",0.94223224746393,8100,810
"8259",0.941117449907532,8100,810
"8260",0.944896003726454,8100,810
"8261",0.939074349860835,8100,810
"8262",0.943936558373061,8100,810
"8263",0.941644264336559,8100,810
"8264",0.937578815218257,8100,810
"8265",0.944729243159825,8100,810
"8266",0.943230858200132,8100,810
"8267",0.949321761362294,8100,810
"8268",0.945107059905408,8100,810
"8269",0.933053690759201,8100,810
"8270",0.942077335749183,8100,810
"8271",0.937627695086845,8100,810
"8272",0.949022870857711,8100,810
"8273",0.946406427108949,8100,810
"8274",0.936910420539965,8100,810
"8275",0.953466441179146,8100,810
"8276",0.941064620839495,8100,810
"8277",0.94605374195709,8100,810
"8278",0.94969334768018,8100,810
"8279",0.943480019249382,8100,810
"8280",0.947218504827195,8100,810
"8281",0.954074258944837,8100,810
"8282",0.943287861210723,8100,810
"8283",0.942890746771591,8100,810
"8284",0.945664967781887,8100,810
"8285",0.94693571785871,8100,810
"8286",0.946889492563719,8100,810
"8287",0.939403848454544,8100,810
"8288",0.948492553201177,8100,810
"8289",0.942173056399975,8100,810
"8290",0.936529691062966,8100,810
"8291",0.93805660603892,8100,810
"8292",0.943165730584619,8100,810
"8293",0.953028601939452,8100,810
"8294",0.947636444090969,8100,810
"8295",0.942926535429167,8100,810
"8296",0.952646947290521,8100,810
"8297",0.944716058170481,8100,810
"8298",0.951491713102766,8100,810
"8299",0.939983852098132,8100,810
"8300",0.945002909634291,8100,810
"8301",0.941950912070633,8100,810
"8302",0.945791053639373,8100,810
"8303",0.938433501245566,8100,810
"8304",0.946305409428723,8100,810
"8305",0.949187580406461,8100,810
"8306",0.940678902722228,8100,810
"8307",0.943049058711756,8100,810
"8308",0.948104617829335,8100,810
"8309",0.948157939255088,8100,810
"8310",0.949578466406562,8100,810
"8311",0.949879950244417,8100,810
"8312",0.93737419441223,8100,810
"8313",0.938491021725651,8100,810
"8314",0.942019022779455,8100,810
"8315",0.953108192290374,8100,810
"8316",0.944379169780573,8100,810
"8317",0.947957780182359,8100,810
"8318",0.944773226262005,8100,810
"8319",0.953153722387142,8100,810
"8320",0.946022462635852,8100,810
"8321",0.948555789407011,8100,810
"8322",0.943925017999026,8100,810
"8323",0.945312464192146,8100,810
"8324",0.942852184387571,8100,810
"8325",0.950274261952573,8100,810
"8326",0.947391747934271,8100,810
"8327",0.942146757954014,8100,810
"8328",0.946086444230393,8100,810
"8329",0.952424291004033,8100,810
"8330",0.949356109095695,8100,810
"8331",0.940868135257367,8100,810
"8332",0.947954894859322,8100,810
"8333",0.939711720110238,8100,810
"8334",0.940939761850438,8100,810
"8335",0.947013505271899,8100,810
"8336",0.949479838502957,8100,810
"8337",0.942765700802165,8100,810
"8338",0.956238674128772,8100,810
"8339",0.948797578481655,8100,810
"8340",0.945627306010172,8100,810
"8341",0.935790976177533,8100,810
"8342",0.938507053049163,8100,810
"8343",0.945527271227629,8100,810
"8344",0.944814578593468,8100,810
"8345",0.94354387810713,8100,810
"8346",0.948400314621138,8100,810
"8347",0.946480211132333,8100,810
"8348",0.949668209520862,8100,810
"8349",0.942669813742285,8100,810
"8350",0.946349416264584,8100,810
"8351",0.94740962223613,8100,810
"8352",0.950904958841504,8100,810
"8353",0.937866059460233,8100,810
"8354",0.932337367679971,8100,810
"8355",0.951841949421447,8100,810
"8356",0.932501763690549,8100,810
"8357",0.946748250985752,8100,810
"8358",0.945780527311922,8100,810
"8359",0.950884912296621,8100,810
"8360",0.937736696235529,8100,810
"8361",0.939215637268067,8100,810
"8362",0.945688536749282,8100,810
"8363",0.94354723502082,8100,810
"8364",0.952887161456862,8100,810
"8365",0.950749495205845,8100,810
"8366",0.951621066177768,8100,810
"8367",0.95774319042969,8100,810
"8368",0.941132069728723,8100,810
"8369",0.948361869657259,8100,810
"8370",0.937272287587596,8100,810
"8371",0.949041548907563,8100,810
"8372",0.945841276602649,8100,810
"8373",0.945110140736449,8100,810
"8374",0.943859002722784,8100,810
"8375",0.950164507549177,8100,810
"8376",0.941663407229328,8100,810
"8377",0.950948911957908,8100,810
"8378",0.933610158543508,8100,810
"8379",0.947072164134831,8100,810
"8380",0.945242847387693,8100,810
"8381",0.950326430413108,8100,810
"8382",0.946882356698002,8100,810
"8383",0.946766398010406,8100,810
"8384",0.949336261103123,8100,810
"8385",0.94228491579179,8100,810
"8386",0.937293763660941,8100,810
"8387",0.942956521282691,8100,810
"8388",0.941229596678233,8100,810
"8389",0.934272553978841,8100,810
"8390",0.947644411882753,8100,810
"8391",0.942024772928685,8100,810
"8392",0.936866841889594,8100,810
"8393",0.947231628897909,8100,810
"8394",0.955694196611412,8100,810
"8395",0.950028807217387,8100,810
"8396",0.940483002580086,8100,810
"8397",0.949937182389058,8100,810
"8398",0.943310251328086,8100,810
"8399",0.950209268843859,8100,810
"8400",0.942670352342152,8100,810
"8401",0.935430919849201,8100,810
"8402",0.942087330184108,8100,810
"8403",0.940618315083837,8100,810
"8404",0.944834008638046,8100,810
"8405",0.947595251963574,8100,810
"8406",0.948307260470653,8100,810
"8407",0.941790689736613,8100,810
"8408",0.942092096142755,8100,810
"8409",0.954071065807866,8100,810
"8410",0.947701591423429,8100,810
"8411",0.944852758221802,8100,810
"8412",0.954275561098862,8100,810
"8413",0.941064014713385,8100,810
"8414",0.938426139445326,8100,810
"8415",0.937336909523146,8100,810
"8416",0.953697680289109,8100,810
"8417",0.956287838695793,8100,810
"8418",0.942832866738985,8100,810
"8419",0.939328762596611,8100,810
"8420",0.932826923289158,8100,810
"8421",0.947505873693078,8100,810
"8422",0.937907445904974,8100,810
"8423",0.936072864393935,8100,810
"8424",0.943393001786273,8100,810
"8425",0.944458345547256,8100,810
"8426",0.945111825820631,8100,810
"8427",0.945678100731256,8100,810
"8428",0.949124844795887,8100,810
"8429",0.947128482107702,8100,810
"8430",0.939761603073394,8100,810
"8431",0.936451160892007,8100,810
"8432",0.932058331587728,8100,810
"8433",0.942578706757569,8100,810
"8434",0.939992565804999,8100,810
"8435",0.934167811588854,8100,810
"8436",0.943008940221007,8100,810
"8437",0.944465713560012,8100,810
"8438",0.9538477801292,8100,810
"8439",0.951619742388461,8100,810
"8440",0.94832138483042,8100,810
"8441",0.941435835113722,8100,810
"8442",0.936011086091565,8100,810
"8443",0.944868115591556,8100,810
"8444",0.935101147992166,8100,810
"8445",0.943227888194415,8100,810
"8446",0.948814617060547,8100,810
"8447",0.950767822132217,8100,810
"8448",0.94260074326725,8100,810
"8449",0.946209928344813,8100,810
"8450",0.945336634267133,8100,810
"8451",0.961898578606275,8100,810
"8452",0.944578347812268,8100,810
"8453",0.947312932654978,8100,810
"8454",0.946643893138967,8100,810
"8455",0.941409033863141,8100,810
"8456",0.941758525850782,8100,810
"8457",0.94892804287222,8100,810
"8458",0.957038319105439,8100,810
"8459",0.951465447507663,8100,810
"8460",0.941362689541462,8100,810
"8461",0.948358193212667,8100,810
"8462",0.946104362694692,8100,810
"8463",0.942745519037819,8100,810
"8464",0.949924440935323,8100,810
"8465",0.944666542475546,8100,810
"8466",0.943444761161599,8100,810
"8467",0.945204289623267,8100,810
"8468",0.942477233532062,8100,810
"8469",0.946297586542161,8100,810
"8470",0.941208336387102,8100,810
"8471",0.94091228846319,8100,810
"8472",0.942969139603779,8100,810
"8473",0.938740424818508,8100,810
"8474",0.94899189003398,8100,810
"8475",0.953768779895892,8100,810
"8476",0.946685024467853,8100,810
"8477",0.945691520212066,8100,810
"8478",0.94550857914159,8100,810
"8479",0.937739304050527,8100,810
"8480",0.93976230589871,8100,810
"8481",0.945889253581985,8100,810
"8482",0.941028814418202,8100,810
"8483",0.948752909534957,8100,810
"8484",0.94300748648469,8100,810
"8485",0.934655672490948,8100,810
"8486",0.932469563171411,8100,810
"8487",0.948194516686655,8100,810
"8488",0.937871960987979,8100,810
"8489",0.945096282849067,8100,810
"8490",0.942746979638121,8100,810
"8491",0.948919179024559,8100,810
"8492",0.941958759837854,8100,810
"8493",0.945400827769654,8100,810
"8494",0.939638016477704,8100,810
"8495",0.949064425555151,8100,810
"8496",0.942790336107211,8100,810
"8497",0.944033254752518,8100,810
"8498",0.938569837071356,8100,810
"8499",0.945158353931762,8100,810
"8500",0.942494217103962,8100,810
"8501",0.93515042920403,8100,810
"8502",0.947804125867309,8600,860
"8503",0.951983049506999,8600,860
"8504",0.940094049887795,8600,860
"8505",0.949993965332047,8600,860
"8506",0.946734528314932,8600,860
"8507",0.951437631079605,8600,860
"8508",0.945998697972248,8600,860
"8509",0.942051859631703,8600,860
"8510",0.953036980655167,8600,860
"8511",0.944564501433842,8600,860
"8512",0.943836407145173,8600,860
"8513",0.937624763493769,8600,860
"8514",0.945201906319027,8600,860
"8515",0.946849902093277,8600,860
"8516",0.941271426950332,8600,860
"8517",0.94903411002859,8600,860
"8518",0.952071635953084,8600,860
"8519",0.947119665527357,8600,860
"8520",0.944325572759623,8600,860
"8521",0.951077605314938,8600,860
"8522",0.940281370101157,8600,860
"8523",0.943483889429248,8600,860
"8524",0.949869862775352,8600,860
"8525",0.940865951487932,8600,860
"8526",0.949106052845819,8600,860
"8527",0.958546771931024,8600,860
"8528",0.937413704835708,8600,860
"8529",0.944370805042039,8600,860
"8530",0.949393403308083,8600,860
"8531",0.948916013343007,8600,860
"8532",0.944815266239656,8600,860
"8533",0.934911951383511,8600,860
"8534",0.953821387368883,8600,860
"8535",0.949003390368241,8600,860
"8536",0.943659174888874,8600,860
"8537",0.95439134960564,8600,860
"8538",0.950448194644539,8600,860
"8539",0.943522827711168,8600,860
"8540",0.946218470920563,8600,860
"8541",0.946701549260881,8600,860
"8542",0.944779313758274,8600,860
"8543",0.950291345320594,8600,860
"8544",0.947357516290375,8600,860
"8545",0.947749666237953,8600,860
"8546",0.954587514683286,8600,860
"8547",0.94359712414611,8600,860
"8548",0.950044899597699,8600,860
"8549",0.952320969091357,8600,860
"8550",0.950663568408067,8600,860
"8551",0.948393702305,8600,860
"8552",0.952840331145101,8600,860
"8553",0.950931086586835,8600,860
"8554",0.951641929517873,8600,860
"8555",0.943293036684987,8600,860
"8556",0.941619492875339,8600,860
"8557",0.94430157341799,8600,860
"8558",0.9523147778532,8600,860
"8559",0.947885907479643,8600,860
"8560",0.953880350665971,8600,860
"8561",0.940928192815985,8600,860
"8562",0.944386247519012,8600,860
"8563",0.944505879867108,8600,860
"8564",0.94835116167925,8600,860
"8565",0.949234497001545,8600,860
"8566",0.955193562328721,8600,860
"8567",0.942549588007095,8600,860
"8568",0.936003571900061,8600,860
"8569",0.950860211687119,8600,860
"8570",0.943302378209418,8600,860
"8571",0.94654580164274,8600,860
"8572",0.943959823461714,8600,860
"8573",0.952760887620494,8600,860
"8574",0.944798160751106,8600,860
"8575",0.952968315322665,8600,860
"8576",0.948051243726274,8600,860
"8577",0.940623204831106,8600,860
"8578",0.962480131593073,8600,860
"8579",0.952613634502231,8600,860
"8580",0.946407895747202,8600,860
"8581",0.950674104526303,8600,860
"8582",0.957067387512275,8600,860
"8583",0.947366154644326,8600,860
"8584",0.95092843097754,8600,860
"8585",0.947173770914003,8600,860
"8586",0.946705238996912,8600,860
"8587",0.942515944906752,8600,860
"8588",0.947861624935199,8600,860
"8589",0.933490706885037,8600,860
"8590",0.952118900186796,8600,860
"8591",0.94894034485658,8600,860
"8592",0.952715550194864,8600,860
"8593",0.939157437481577,8600,860
"8594",0.94756451882139,8600,860
"8595",0.959385235025477,8600,860
"8596",0.950379189317243,8600,860
"8597",0.949987605984135,8600,860
"8598",0.952338291100962,8600,860
"8599",0.940584016499003,8600,860
"8600",0.945130171342375,8600,860
"8601",0.947906274800621,8600,860
"8602",0.952137107431584,8600,860
"8603",0.938284775022382,8600,860
"8604",0.956886436042154,8600,860
"8605",0.944863345108639,8600,860
"8606",0.944378501668418,8600,860
"8607",0.939593328095989,8600,860
"8608",0.947102398362794,8600,860
"8609",0.954638842462767,8600,860
"8610",0.944315197130505,8600,860
"8611",0.944143952183805,8600,860
"8612",0.953822413075509,8600,860
"8613",0.944216215478484,8600,860
"8614",0.943339659733806,8600,860
"8615",0.943140192717705,8600,860
"8616",0.948778238374633,8600,860
"8617",0.959817317129692,8600,860
"8618",0.957347477199205,8600,860
"8619",0.942048729420553,8600,860
"8620",0.954492049791903,8600,860
"8621",0.943590017075143,8600,860
"8622",0.946615323414453,8600,860
"8623",0.942160702050899,8600,860
"8624",0.940912307893549,8600,860
"8625",0.947080868830571,8600,860
"8626",0.949655257773111,8600,860
"8627",0.950834399709622,8600,860
"8628",0.944910923548469,8600,860
"8629",0.953662617971532,8600,860
"8630",0.953125461746124,8600,860
"8631",0.960816464386608,8600,860
"8632",0.946343695545218,8600,860
"8633",0.942562487692235,8600,860
"8634",0.951996655839983,8600,860
"8635",0.948236361306051,8600,860
"8636",0.945298418822077,8600,860
"8637",0.955966806963627,8600,860
"8638",0.948117576586741,8600,860
"8639",0.94228383069326,8600,860
"8640",0.949425903739033,8600,860
"8641",0.942055746834301,8600,860
"8642",0.949834900697163,8600,860
"8643",0.948905312015119,8600,860
"8644",0.950385315496173,8600,860
"8645",0.954972711513581,8600,860
"8646",0.944558744578681,8600,860
"8647",0.939344936489025,8600,860
"8648",0.937975833003985,8600,860
"8649",0.952171378337207,8600,860
"8650",0.948470520283882,8600,860
"8651",0.943371560949066,8600,860
"8652",0.948070657575687,8600,860
"8653",0.95348770730045,8600,860
"8654",0.943662662764876,8600,860
"8655",0.950779773599649,8600,860
"8656",0.943437384494966,8600,860
"8657",0.940211488872489,8600,860
"8658",0.951311172712035,8600,860
"8659",0.949364989290119,8600,860
"8660",0.953550555751035,8600,860
"8661",0.943973236032621,8600,860
"8662",0.948533515478292,8600,860
"8663",0.958451305517677,8600,860
"8664",0.951393197077731,8600,860
"8665",0.942347027697551,8600,860
"8666",0.938764583535083,8600,860
"8667",0.950182009767292,8600,860
"8668",0.942591089881248,8600,860
"8669",0.943562936605085,8600,860
"8670",0.941959650647537,8600,860
"8671",0.950104524155306,8600,860
"8672",0.953407402211306,8600,860
"8673",0.954857237740699,8600,860
"8674",0.945316992604234,8600,860
"8675",0.948524592283638,8600,860
"8676",0.946954660878984,8600,860
"8677",0.948976711991541,8600,860
"8678",0.947244541572732,8600,860
"8679",0.941169779773582,8600,860
"8680",0.954188735603548,8600,860
"8681",0.948293207105688,8600,860
"8682",0.953600232970077,8600,860
"8683",0.945310015202954,8600,860
"8684",0.950537801235279,8600,860
"8685",0.943288171056395,8600,860
"8686",0.953053358894046,8600,860
"8687",0.94765403361492,8600,860
"8688",0.954798040379099,8600,860
"8689",0.952924209811921,8600,860
"8690",0.948474653885995,8600,860
"8691",0.951328261773763,8600,860
"8692",0.952562064094659,8600,860
"8693",0.945466837737357,8600,860
"8694",0.948019699901812,8600,860
"8695",0.94429907962661,8600,860
"8696",0.949397404216404,8600,860
"8697",0.945851911411419,8600,860
"8698",0.948714193276641,8600,860
"8699",0.950900676993714,8600,860
"8700",0.942075292872405,8600,860
"8701",0.944846775611067,8600,860
"8702",0.953815177620867,8600,860
"8703",0.946873090296421,8600,860
"8704",0.96187794035552,8600,860
"8705",0.948292480176048,8600,860
"8706",0.945561099395524,8600,860
"8707",0.945699134627529,8600,860
"8708",0.949600879809048,8600,860
"8709",0.953441554039652,8600,860
"8710",0.952974058311147,8600,860
"8711",0.947391773178769,8600,860
"8712",0.954346797919004,8600,860
"8713",0.949406804373263,8600,860
"8714",0.947417746703872,8600,860
"8715",0.945719905801657,8600,860
"8716",0.934301861271249,8600,860
"8717",0.939413035188233,8600,860
"8718",0.948177410996818,8600,860
"8719",0.945990074139441,8600,860
"8720",0.955817951782599,8600,860
"8721",0.948088976382753,8600,860
"8722",0.947980267496754,8600,860
"8723",0.946796762291731,8600,860
"8724",0.945622633898866,8600,860
"8725",0.948138816316109,8600,860
"8726",0.94683532354153,8600,860
"8727",0.945053651711974,8600,860
"8728",0.951659130111738,8600,860
"8729",0.947423298735376,8600,860
"8730",0.946013054450731,8600,860
"8731",0.944085546353082,8600,860
"8732",0.950393252244308,8600,860
"8733",0.946399612016082,8600,860
"8734",0.957246455156803,8600,860
"8735",0.943134678051685,8600,860
"8736",0.947476545737607,8600,860
"8737",0.940723334942233,8600,860
"8738",0.953808607424553,8600,860
"8739",0.948360320150294,8600,860
"8740",0.951668767432913,8600,860
"8741",0.9490401398573,8600,860
"8742",0.935540996686202,8600,860
"8743",0.947303863210754,8600,860
"8744",0.952132525003054,8600,860
"8745",0.951753047102848,8600,860
"8746",0.940843876597061,8600,860
"8747",0.941203356434689,8600,860
"8748",0.950492211972065,8600,860
"8749",0.95250112898686,8600,860
"8750",0.940111474101239,8600,860
"8751",0.945134067792234,8600,860
"8752",0.954293356881088,8600,860
"8753",0.945042068605094,8600,860
"8754",0.941337825675907,8600,860
"8755",0.945764822121369,8600,860
"8756",0.946259164812763,8600,860
"8757",0.951888215335623,8600,860
"8758",0.945740547291173,8600,860
"8759",0.954075177029735,8600,860
"8760",0.954456619641593,8600,860
"8761",0.941043743739233,8600,860
"8762",0.942523853374665,8600,860
"8763",0.956511698833255,8600,860
"8764",0.94504323222032,8600,860
"8765",0.955836575384463,8600,860
"8766",0.959437862335842,8600,860
"8767",0.954532988353531,8600,860
"8768",0.954173090826768,8600,860
"8769",0.950057031438186,8600,860
"8770",0.946596295323608,8600,860
"8771",0.949065878712704,8600,860
"8772",0.946167962657518,8600,860
"8773",0.950483946973243,8600,860
"8774",0.95203265295105,8600,860
"8775",0.942677455196384,8600,860
"8776",0.950557992743001,8600,860
"8777",0.949701059298605,8600,860
"8778",0.953881367506503,8600,860
"8779",0.945605138484538,8600,860
"8780",0.94458053874074,8600,860
"8781",0.939857703140809,8600,860
"8782",0.947949305780978,8600,860
"8783",0.94733129822848,8600,860
"8784",0.948657141725347,8600,860
"8785",0.939682175468115,8600,860
"8786",0.948454651644176,8600,860
"8787",0.94966874721362,8600,860
"8788",0.943327345982038,8600,860
"8789",0.955480079349596,8600,860
"8790",0.955835477287608,8600,860
"8791",0.961529383488057,8600,860
"8792",0.958199840638749,8600,860
"8793",0.947504142730248,8600,860
"8794",0.950496367059752,8600,860
"8795",0.942514158050652,8600,860
"8796",0.950100729986331,8600,860
"8797",0.951185239923526,8600,860
"8798",0.953957075620879,8600,860
"8799",0.942238829971043,8600,860
"8800",0.946565196088297,8600,860
"8801",0.950528568108408,8600,860
"8802",0.937004957509336,8600,860
"8803",0.939727674379865,8600,860
"8804",0.946231678173092,8600,860
"8805",0.957900381150802,8600,860
"8806",0.947348127863159,8600,860
"8807",0.955853150034177,8600,860
"8808",0.945051950046701,8600,860
"8809",0.948032282036973,8600,860
"8810",0.941080160244047,8600,860
"8811",0.943681199844947,8600,860
"8812",0.93977942506293,8600,860
"8813",0.946460500949685,8600,860
"8814",0.942767212170668,8600,860
"8815",0.946400136240242,8600,860
"8816",0.935281100763682,8600,860
"8817",0.94547824640359,8600,860
"8818",0.954313140389056,8600,860
"8819",0.947963016104822,8600,860
"8820",0.946153651705838,8600,860
"8821",0.942033252413269,8600,860
"8822",0.950853139433532,8600,860
"8823",0.949469460468904,8600,860
"8824",0.946820198809996,8600,860
"8825",0.940527783395931,8600,860
"8826",0.946853709750993,8600,860
"8827",0.945094721788664,8600,860
"8828",0.950487814886786,8600,860
"8829",0.949923712443563,8600,860
"8830",0.943334644979548,8600,860
"8831",0.951970146928289,8600,860
"8832",0.937773092899333,8600,860
"8833",0.952233516025558,8600,860
"8834",0.943224900583344,8600,860
"8835",0.940592126707026,8600,860
"8836",0.950620152929397,8600,860
"8837",0.959086534857156,8600,860
"8838",0.951744297074028,8600,860
"8839",0.948233106122879,8600,860
"8840",0.950033470647938,8600,860
"8841",0.945110134530576,8600,860
"8842",0.94189313289471,8600,860
"8843",0.949708673835167,8600,860
"8844",0.94673776093786,8600,860
"8845",0.943145270889778,8600,860
"8846",0.947546633708351,8600,860
"8847",0.950744752941698,8600,860
"8848",0.951208524291649,8600,860
"8849",0.946486482411551,8600,860
"8850",0.946919323155917,8600,860
"8851",0.947653923695357,8600,860
"8852",0.947474762341762,8600,860
"8853",0.95667948854002,8600,860
"8854",0.950897510740049,8600,860
"8855",0.952018725415939,8600,860
"8856",0.949964689523834,8600,860
"8857",0.946156533743702,8600,860
"8858",0.942939960955284,8600,860
"8859",0.949594518955296,8600,860
"8860",0.945268986237029,8600,860
"8861",0.952189457749985,8600,860
"8862",0.950884479489846,8600,860
"8863",0.938696415421676,8600,860
"8864",0.954327437801642,8600,860
"8865",0.944108955760663,8600,860
"8866",0.95168779314872,8600,860
"8867",0.94418343801832,8600,860
"8868",0.956173497793242,8600,860
"8869",0.954818036235,8600,860
"8870",0.949153215173387,8600,860
"8871",0.946670468191332,8600,860
"8872",0.953863671428578,8600,860
"8873",0.953535428454897,8600,860
"8874",0.952289980274194,8600,860
"8875",0.939922171374689,8600,860
"8876",0.942689666820123,8600,860
"8877",0.937687216133012,8600,860
"8878",0.951875715472423,8600,860
"8879",0.946478592214086,8600,860
"8880",0.940516778472034,8600,860
"8881",0.95511287655727,8600,860
"8882",0.958629630065144,8600,860
"8883",0.950017797666526,8600,860
"8884",0.946804044946581,8600,860
"8885",0.952682354436324,8600,860
"8886",0.953759432533745,8600,860
"8887",0.942873942942213,8600,860
"8888",0.943196194431142,8600,860
"8889",0.935605837652631,8600,860
"8890",0.949786508685658,8600,860
"8891",0.956777512293557,8600,860
"8892",0.951881034883171,8600,860
"8893",0.939433971177176,8600,860
"8894",0.953291724133304,8600,860
"8895",0.946011156527032,8600,860
"8896",0.942980641351108,8600,860
"8897",0.945703431734335,8600,860
"8898",0.95765815436942,8600,860
"8899",0.953753262719167,8600,860
"8900",0.944056735609851,8600,860
"8901",0.951826406853031,8600,860
"8902",0.945169470327917,8600,860
"8903",0.950000034797506,8600,860
"8904",0.945753913767557,8600,860
"8905",0.935676366339454,8600,860
"8906",0.951879351701354,8600,860
"8907",0.944348942450253,8600,860
"8908",0.945200437592424,8600,860
"8909",0.952489619770782,8600,860
"8910",0.951419299496392,8600,860
"8911",0.947774577704027,8600,860
"8912",0.947713056967312,8600,860
"8913",0.946584120112132,8600,860
"8914",0.936823190882072,8600,860
"8915",0.947777580350204,8600,860
"8916",0.937691589834691,8600,860
"8917",0.942172176164193,8600,860
"8918",0.953003004313546,8600,860
"8919",0.943615459512964,8600,860
"8920",0.946137711136966,8600,860
"8921",0.952977699165797,8600,860
"8922",0.951222032497278,8600,860
"8923",0.94050318924943,8600,860
"8924",0.949290393569143,8600,860
"8925",0.947768341759779,8600,860
"8926",0.948784362444193,8600,860
"8927",0.944727142689694,8600,860
"8928",0.947610481639048,8600,860
"8929",0.948639573314351,8600,860
"8930",0.948891510022944,8600,860
"8931",0.947694519440485,8600,860
"8932",0.945163213052743,8600,860
"8933",0.943265718947424,8600,860
"8934",0.944590910217586,8600,860
"8935",0.9514183649552,8600,860
"8936",0.950656042833826,8600,860
"8937",0.943745727560738,8600,860
"8938",0.957593533912919,8600,860
"8939",0.942722294575784,8600,860
"8940",0.954831606272531,8600,860
"8941",0.944869068501533,8600,860
"8942",0.944872713252651,8600,860
"8943",0.937302864171434,8600,860
"8944",0.945746336455182,8600,860
"8945",0.949806799179015,8600,860
"8946",0.94805130775249,8600,860
"8947",0.944984221619386,8600,860
"8948",0.941012029460126,8600,860
"8949",0.943542766271997,8600,860
"8950",0.949438347546676,8600,860
"8951",0.944641404635026,8600,860
"8952",0.940271114337608,8600,860
"8953",0.954024804697153,8600,860
"8954",0.946277022006886,8600,860
"8955",0.946493334392699,8600,860
"8956",0.956472567443611,8600,860
"8957",0.952200544988741,8600,860
"8958",0.95031225407462,8600,860
"8959",0.945153996320046,8600,860
"8960",0.950404435668664,8600,860
"8961",0.952713684676401,8600,860
"8962",0.94057107254191,8600,860
"8963",0.953677078470824,8600,860
"8964",0.953805734973871,8600,860
"8965",0.952473372580121,8600,860
"8966",0.94738665230959,8600,860
"8967",0.954961350894977,8600,860
"8968",0.954881394660533,8600,860
"8969",0.943880440240405,8600,860
"8970",0.951906151359518,8600,860
"8971",0.944760790619647,8600,860
"8972",0.953244588211109,8600,860
"8973",0.953611718921243,8600,860
"8974",0.944774110687834,8600,860
"8975",0.948786942543389,8600,860
"8976",0.939573755408392,8600,860
"8977",0.957050167003858,8600,860
"8978",0.950338663185192,8600,860
"8979",0.951625528801044,8600,860
"8980",0.953175841178334,8600,860
"8981",0.948511765805034,8600,860
"8982",0.947331495536562,8600,860
"8983",0.945303217876613,8600,860
"8984",0.95065575205139,8600,860
"8985",0.952808350368464,8600,860
"8986",0.945403129370283,8600,860
"8987",0.95940618838477,8600,860
"8988",0.942524611277302,8600,860
"8989",0.94734211713083,8600,860
"8990",0.954622381008876,8600,860
"8991",0.944981725938215,8600,860
"8992",0.959298642837574,8600,860
"8993",0.947352936075512,8600,860
"8994",0.946734437576864,8600,860
"8995",0.94466672294296,8600,860
"8996",0.941454420883036,8600,860
"8997",0.95039616781637,8600,860
"8998",0.93653383568182,8600,860
"8999",0.94923564905722,8600,860
"9000",0.958218200660345,8600,860
"9001",0.957537078093281,8600,860
"9002",0.953407676457796,9100,910
"9003",0.940530563163756,9100,910
"9004",0.949576870216224,9100,910
"9005",0.954797585775875,9100,910
"9006",0.945150115922125,9100,910
"9007",0.960112598638518,9100,910
"9008",0.959460782339128,9100,910
"9009",0.959907745269994,9100,910
"9010",0.956881742774041,9100,910
"9011",0.94921731962122,9100,910
"9012",0.950830827826477,9100,910
"9013",0.94659190330586,9100,910
"9014",0.950365462739816,9100,910
"9015",0.950391480965265,9100,910
"9016",0.949026403985954,9100,910
"9017",0.95308091128929,9100,910
"9018",0.939457211364581,9100,910
"9019",0.94413755724296,9100,910
"9020",0.945127608577459,9100,910
"9021",0.954221676460837,9100,910
"9022",0.947128356685982,9100,910
"9023",0.95034995526211,9100,910
"9024",0.951607266442748,9100,910
"9025",0.946988485347453,9100,910
"9026",0.945344618910708,9100,910
"9027",0.948724483993578,9100,910
"9028",0.945233997295994,9100,910
"9029",0.946875805175379,9100,910
"9030",0.956381298682551,9100,910
"9031",0.949167346023145,9100,910
"9032",0.946757772566452,9100,910
"9033",0.949343616833195,9100,910
"9034",0.950903150350877,9100,910
"9035",0.951831378305252,9100,910
"9036",0.95844257817398,9100,910
"9037",0.950690912224795,9100,910
"9038",0.960228592990666,9100,910
"9039",0.944969391959226,9100,910
"9040",0.944630847358545,9100,910
"9041",0.948989599747917,9100,910
"9042",0.955180738502424,9100,910
"9043",0.951392765682623,9100,910
"9044",0.95084133676354,9100,910
"9045",0.950200530031804,9100,910
"9046",0.953620113346212,9100,910
"9047",0.957966373897715,9100,910
"9048",0.957809463428721,9100,910
"9049",0.941649200679305,9100,910
"9050",0.953168991293372,9100,910
"9051",0.947876997100753,9100,910
"9052",0.958601894527102,9100,910
"9053",0.959477295087089,9100,910
"9054",0.946993682726938,9100,910
"9055",0.951654736040943,9100,910
"9056",0.954595959207619,9100,910
"9057",0.955849836498141,9100,910
"9058",0.950409696615258,9100,910
"9059",0.943881986382339,9100,910
"9060",0.947646593371531,9100,910
"9061",0.949689374936504,9100,910
"9062",0.944875095854259,9100,910
"9063",0.943100195169484,9100,910
"9064",0.949162765149119,9100,910
"9065",0.948659411111729,9100,910
"9066",0.944605803391675,9100,910
"9067",0.944418944361074,9100,910
"9068",0.942322036500352,9100,910
"9069",0.956424331594527,9100,910
"9070",0.949882071629687,9100,910
"9071",0.957337140664001,9100,910
"9072",0.944332954246559,9100,910
"9073",0.946546393122144,9100,910
"9074",0.947350683702969,9100,910
"9075",0.947297863094232,9100,910
"9076",0.950408536753026,9100,910
"9077",0.954033629514165,9100,910
"9078",0.955224566811834,9100,910
"9079",0.93926966100024,9100,910
"9080",0.950547943327026,9100,910
"9081",0.944823236016952,9100,910
"9082",0.95599786761728,9100,910
"9083",0.958429232908132,9100,910
"9084",0.944747757666272,9100,910
"9085",0.953599098261262,9100,910
"9086",0.958237572940354,9100,910
"9087",0.950621628106238,9100,910
"9088",0.944418874379968,9100,910
"9089",0.95656370451978,9100,910
"9090",0.947094736223259,9100,910
"9091",0.950920246183053,9100,910
"9092",0.947560644454789,9100,910
"9093",0.945596671285016,9100,910
"9094",0.95354718966883,9100,910
"9095",0.95416473020022,9100,910
"9096",0.953430708185433,9100,910
"9097",0.949034758343766,9100,910
"9098",0.95191365189277,9100,910
"9099",0.955366446680216,9100,910
"9100",0.945950045996943,9100,910
"9101",0.954139149863677,9100,910
"9102",0.948721509722025,9100,910
"9103",0.950266051388561,9100,910
"9104",0.954412015308383,9100,910
"9105",0.95564548171634,9100,910
"9106",0.946533252686266,9100,910
"9107",0.951043431263097,9100,910
"9108",0.950893629268197,9100,910
"9109",0.940704864318391,9100,910
"9110",0.95508078720433,9100,910
"9111",0.953173967292583,9100,910
"9112",0.951145527249143,9100,910
"9113",0.960438717218227,9100,910
"9114",0.954657592410536,9100,910
"9115",0.939497545673285,9100,910
"9116",0.949076634279611,9100,910
"9117",0.950457311186805,9100,910
"9118",0.947373430123142,9100,910
"9119",0.954729793865708,9100,910
"9120",0.949072364715032,9100,910
"9121",0.947006866220884,9100,910
"9122",0.943155365007287,9100,910
"9123",0.949112119314687,9100,910
"9124",0.957358215536488,9100,910
"9125",0.950825867884613,9100,910
"9126",0.952356840318692,9100,910
"9127",0.950521492033146,9100,910
"9128",0.946873198304394,9100,910
"9129",0.946097975356365,9100,910
"9130",0.947401560405093,9100,910
"9131",0.947975003686864,9100,910
"9132",0.946818630237283,9100,910
"9133",0.944382473129029,9100,910
"9134",0.954185468978058,9100,910
"9135",0.948743817478054,9100,910
"9136",0.949776713131532,9100,910
"9137",0.948395345611788,9100,910
"9138",0.948331849232246,9100,910
"9139",0.940933088622165,9100,910
"9140",0.951539709807039,9100,910
"9141",0.952356158137551,9100,910
"9142",0.950596830243503,9100,910
"9143",0.946719599233177,9100,910
"9144",0.946293986284779,9100,910
"9145",0.956110437659651,9100,910
"9146",0.953973838872314,9100,910
"9147",0.946789386224538,9100,910
"9148",0.943925157545168,9100,910
"9149",0.947605271351948,9100,910
"9150",0.944495616383377,9100,910
"9151",0.947840764308151,9100,910
"9152",0.947878965214548,9100,910
"9153",0.956166664190337,9100,910
"9154",0.950403487759057,9100,910
"9155",0.948909691568946,9100,910
"9156",0.949924709145645,9100,910
"9157",0.94991736815586,9100,910
"9158",0.958696927612432,9100,910
"9159",0.949601617606111,9100,910
"9160",0.945736541293449,9100,910
"9161",0.959658312834756,9100,910
"9162",0.951017066678979,9100,910
"9163",0.940092728845496,9100,910
"9164",0.94450421258893,9100,910
"9165",0.956838658431074,9100,910
"9166",0.957016177821925,9100,910
"9167",0.947763242014702,9100,910
"9168",0.947369882384366,9100,910
"9169",0.952555350110065,9100,910
"9170",0.949554983767504,9100,910
"9171",0.949824565506619,9100,910
"9172",0.949695166777432,9100,910
"9173",0.949822103506378,9100,910
"9174",0.953000567518653,9100,910
"9175",0.952767682747224,9100,910
"9176",0.950541240931469,9100,910
"9177",0.947696456799741,9100,910
"9178",0.942280146387929,9100,910
"9179",0.945624930189233,9100,910
"9180",0.938561031412833,9100,910
"9181",0.944697889772455,9100,910
"9182",0.95350887668149,9100,910
"9183",0.948468196944503,9100,910
"9184",0.960963592984161,9100,910
"9185",0.952352282061128,9100,910
"9186",0.949727976376116,9100,910
"9187",0.946340509076668,9100,910
"9188",0.950301420509042,9100,910
"9189",0.95990213076166,9100,910
"9190",0.949711881057976,9100,910
"9191",0.948862867106761,9100,910
"9192",0.94954687649706,9100,910
"9193",0.956923142608212,9100,910
"9194",0.946548189129718,9100,910
"9195",0.950383451358677,9100,910
"9196",0.953043216173936,9100,910
"9197",0.959703746607027,9100,910
"9198",0.94857167058266,9100,910
"9199",0.948667841383972,9100,910
"9200",0.951157939239876,9100,910
"9201",0.952188108687051,9100,910
"9202",0.953207166204315,9100,910
"9203",0.95311741257765,9100,910
"9204",0.942393536104983,9100,910
"9205",0.943752742543267,9100,910
"9206",0.948005983947113,9100,910
"9207",0.945625528182139,9100,910
"9208",0.955978711604333,9100,910
"9209",0.963300073129512,9100,910
"9210",0.948459767063929,9100,910
"9211",0.944486142053038,9100,910
"9212",0.951727960627342,9100,910
"9213",0.951006660799179,9100,910
"9214",0.944640423961016,9100,910
"9215",0.951616199108076,9100,910
"9216",0.954377077346903,9100,910
"9217",0.95138720761389,9100,910
"9218",0.941001877741119,9100,910
"9219",0.951225629456303,9100,910
"9220",0.950122252352159,9100,910
"9221",0.952755194388723,9100,910
"9222",0.953741643736583,9100,910
"9223",0.949197814500423,9100,910
"9224",0.950964915233763,9100,910
"9225",0.95396239933927,9100,910
"9226",0.953231426836555,9100,910
"9227",0.94442297220147,9100,910
"9228",0.949823119437014,9100,910
"9229",0.949731681739597,9100,910
"9230",0.956802921042794,9100,910
"9231",0.950201251819763,9100,910
"9232",0.956646231016448,9100,910
"9233",0.948343067378503,9100,910
"9234",0.945759789782046,9100,910
"9235",0.951138302352372,9100,910
"9236",0.958424867458308,9100,910
"9237",0.943565140803994,9100,910
"9238",0.951855434386121,9100,910
"9239",0.953232167796628,9100,910
"9240",0.942248289501186,9100,910
"9241",0.94897819944437,9100,910
"9242",0.952520158832506,9100,910
"9243",0.9510472469474,9100,910
"9244",0.948906898362131,9100,910
"9245",0.954756414805847,9100,910
"9246",0.948457747364218,9100,910
"9247",0.943025809812256,9100,910
"9248",0.950591367950512,9100,910
"9249",0.959387947217653,9100,910
"9250",0.955769606817548,9100,910
"9251",0.9522152548337,9100,910
"9252",0.955040751756714,9100,910
"9253",0.941715668917539,9100,910
"9254",0.943418417398971,9100,910
"9255",0.953343250567766,9100,910
"9256",0.946089675850203,9100,910
"9257",0.948347868579451,9100,910
"9258",0.951245994725528,9100,910
"9259",0.951698404987751,9100,910
"9260",0.952760576614031,9100,910
"9261",0.952741452941542,9100,910
"9262",0.951053442168697,9100,910
"9263",0.947742670492774,9100,910
"9264",0.952472811712252,9100,910
"9265",0.950955184943437,9100,910
"9266",0.949318292684839,9100,910
"9267",0.946182746449552,9100,910
"9268",0.95059628973418,9100,910
"9269",0.941802006536803,9100,910
"9270",0.950980884273465,9100,910
"9271",0.943557549068921,9100,910
"9272",0.951616767036448,9100,910
"9273",0.95183918621261,9100,910
"9274",0.952377333796758,9100,910
"9275",0.955601295090837,9100,910
"9276",0.948162383996162,9100,910
"9277",0.951153171009413,9100,910
"9278",0.952271390268988,9100,910
"9279",0.955151087635648,9100,910
"9280",0.941993248524818,9100,910
"9281",0.946991734120744,9100,910
"9282",0.946917819713911,9100,910
"9283",0.954351913604839,9100,910
"9284",0.941685642762097,9100,910
"9285",0.955773362976577,9100,910
"9286",0.949567466268888,9100,910
"9287",0.956828404033267,9100,910
"9288",0.951355717255882,9100,910
"9289",0.949170673169802,9100,910
"9290",0.957782320831332,9100,910
"9291",0.949995911406945,9100,910
"9292",0.959319285105034,9100,910
"9293",0.947463573789279,9100,910
"9294",0.941607020621222,9100,910
"9295",0.954403366066452,9100,910
"9296",0.949815795092252,9100,910
"9297",0.954797490071893,9100,910
"9298",0.939127927759587,9100,910
"9299",0.962108389473163,9100,910
"9300",0.942298181728512,9100,910
"9301",0.952367095270879,9100,910
"9302",0.94991342713396,9100,910
"9303",0.954846712841092,9100,910
"9304",0.95212491136773,9100,910
"9305",0.945136800749413,9100,910
"9306",0.954714985628792,9100,910
"9307",0.955399386168241,9100,910
"9308",0.955026070058839,9100,910
"9309",0.946338927071642,9100,910
"9310",0.952827930267708,9100,910
"9311",0.948643719634834,9100,910
"9312",0.94764600307394,9100,910
"9313",0.946276913015022,9100,910
"9314",0.949002673786575,9100,910
"9315",0.949392164612603,9100,910
"9316",0.950076284853949,9100,910
"9317",0.950604818226295,9100,910
"9318",0.956409385794857,9100,910
"9319",0.944833047774225,9100,910
"9320",0.949840368193687,9100,910
"9321",0.948000318837519,9100,910
"9322",0.939955717747813,9100,910
"9323",0.952081071648598,9100,910
"9324",0.948779026418927,9100,910
"9325",0.948813319608081,9100,910
"9326",0.948497086597669,9100,910
"9327",0.947441363726368,9100,910
"9328",0.959924372008707,9100,910
"9329",0.953979493705048,9100,910
"9330",0.94525231212226,9100,910
"9331",0.951028905030402,9100,910
"9332",0.947555565457481,9100,910
"9333",0.953236594510145,9100,910
"9334",0.94358017226105,9100,910
"9335",0.954241514931451,9100,910
"9336",0.950312311892102,9100,910
"9337",0.951622421074895,9100,910
"9338",0.947071501173667,9100,910
"9339",0.94292454842061,9100,910
"9340",0.957970928016591,9100,910
"9341",0.947700300579007,9100,910
"9342",0.953058105875156,9100,910
"9343",0.953672436950885,9100,910
"9344",0.95452295457829,9100,910
"9345",0.945911666023429,9100,910
"9346",0.948638438891294,9100,910
"9347",0.947145444846395,9100,910
"9348",0.951337259719514,9100,910
"9349",0.953501162701324,9100,910
"9350",0.954078812527066,9100,910
"9351",0.950397140124828,9100,910
"9352",0.953956105181716,9100,910
"9353",0.953932039379902,9100,910
"9354",0.957003254624711,9100,910
"9355",0.942075207829479,9100,910
"9356",0.948238392171614,9100,910
"9357",0.953861236630924,9100,910
"9358",0.94576569049712,9100,910
"9359",0.954682164200749,9100,910
"9360",0.955777000396734,9100,910
"9361",0.957526539221377,9100,910
"9362",0.947474843436627,9100,910
"9363",0.955753057287948,9100,910
"9364",0.953035341540164,9100,910
"9365",0.950209281991313,9100,910
"9366",0.945498181042038,9100,910
"9367",0.950776360099332,9100,910
"9368",0.954729013950584,9100,910
"9369",0.947151219376154,9100,910
"9370",0.946859164175425,9100,910
"9371",0.943631579966829,9100,910
"9372",0.947609897984846,9100,910
"9373",0.950367939436753,9100,910
"9374",0.955512797852032,9100,910
"9375",0.947610322589882,9100,910
"9376",0.93881555750896,9100,910
"9377",0.953913475945439,9100,910
"9378",0.963655113192459,9100,910
"9379",0.950597586054164,9100,910
"9380",0.95109683457453,9100,910
"9381",0.9425216555296,9100,910
"9382",0.957333656671154,9100,910
"9383",0.957211567062445,9100,910
"9384",0.952187066168123,9100,910
"9385",0.950935283630014,9100,910
"9386",0.953150320263626,9100,910
"9387",0.953198052607503,9100,910
"9388",0.950680406579623,9100,910
"9389",0.953287606884942,9100,910
"9390",0.952725439541096,9100,910
"9391",0.95024257040295,9100,910
"9392",0.953532358965428,9100,910
"9393",0.950111738957671,9100,910
"9394",0.946539847066568,9100,910
"9395",0.940857673326668,9100,910
"9396",0.949285312463495,9100,910
"9397",0.944081602126912,9100,910
"9398",0.947164677723202,9100,910
"9399",0.941767376076029,9100,910
"9400",0.948625388830539,9100,910
"9401",0.953205360670294,9100,910
"9402",0.948694947134004,9100,910
"9403",0.943993325743158,9100,910
"9404",0.938441037756724,9100,910
"9405",0.945580564137447,9100,910
"9406",0.948531997586672,9100,910
"9407",0.946440454572167,9100,910
"9408",0.957063948748163,9100,910
"9409",0.948971850896501,9100,910
"9410",0.948881861603084,9100,910
"9411",0.949421675708231,9100,910
"9412",0.953211166851862,9100,910
"9413",0.954452817876455,9100,910
"9414",0.960536678791351,9100,910
"9415",0.946373015748848,9100,910
"9416",0.954600242323045,9100,910
"9417",0.9453849644512,9100,910
"9418",0.948282564522072,9100,910
"9419",0.955467098894874,9100,910
"9420",0.942988281105363,9100,910
"9421",0.951872591175048,9100,910
"9422",0.950663308522656,9100,910
"9423",0.951955849439688,9100,910
"9424",0.95820914095346,9100,910
"9425",0.954669665559724,9100,910
"9426",0.951860640022698,9100,910
"9427",0.944109205651333,9100,910
"9428",0.954215164987332,9100,910
"9429",0.942836305228747,9100,910
"9430",0.953786173033953,9100,910
"9431",0.950136351155241,9100,910
"9432",0.958830190755686,9100,910
"9433",0.945719335925879,9100,910
"9434",0.94683056689353,9100,910
"9435",0.950270708668634,9100,910
"9436",0.948192158692171,9100,910
"9437",0.952921411569901,9100,910
"9438",0.95042995836266,9100,910
"9439",0.950808927488777,9100,910
"9440",0.94195909419496,9100,910
"9441",0.943474086109334,9100,910
"9442",0.940770117298945,9100,910
"9443",0.957602066304708,9100,910
"9444",0.949851533452626,9100,910
"9445",0.949104781756457,9100,910
"9446",0.953084001373557,9100,910
"9447",0.951191801339128,9100,910
"9448",0.949992626563737,9100,910
"9449",0.956830881266972,9100,910
"9450",0.949299204837664,9100,910
"9451",0.949368635694034,9100,910
"9452",0.950235029557173,9100,910
"9453",0.958006568554173,9100,910
"9454",0.954291047284428,9100,910
"9455",0.954170066032444,9100,910
"9456",0.94600133457077,9100,910
"9457",0.95490898421347,9100,910
"9458",0.953872075994112,9100,910
"9459",0.952447295334019,9100,910
"9460",0.946323065256123,9100,910
"9461",0.9515111451669,9100,910
"9462",0.938263881252192,9100,910
"9463",0.946865462283378,9100,910
"9464",0.944915547816542,9100,910
"9465",0.947732370233614,9100,910
"9466",0.957069270935341,9100,910
"9467",0.951856579795211,9100,910
"9468",0.948563102043427,9100,910
"9469",0.951329805989351,9100,910
"9470",0.95549927356715,9100,910
"9471",0.952443672121458,9100,910
"9472",0.948144849808461,9100,910
"9473",0.955842487988112,9100,910
"9474",0.953622213294316,9100,910
"9475",0.943431065877229,9100,910
"9476",0.952400867022235,9100,910
"9477",0.954012736779264,9100,910
"9478",0.96410641382481,9100,910
"9479",0.950736030108842,9100,910
"9480",0.940522393646903,9100,910
"9481",0.944135652275719,9100,910
"9482",0.95305987814202,9100,910
"9483",0.946402693730705,9100,910
"9484",0.940437021257701,9100,910
"9485",0.952681988442002,9100,910
"9486",0.948691656594327,9100,910
"9487",0.946453264042884,9100,910
"9488",0.948629390693549,9100,910
"9489",0.943609164422832,9100,910
"9490",0.948033540815189,9100,910
"9491",0.952651357970067,9100,910
"9492",0.955577536070289,9100,910
"9493",0.958485438135112,9100,910
"9494",0.958134994931591,9100,910
"9495",0.955080225657976,9100,910
"9496",0.954730400791178,9100,910
"9497",0.945132992315843,9100,910
"9498",0.954554457391547,9100,910
"9499",0.945711514074145,9100,910
"9500",0.945715118013594,9100,910
"9501",0.945198033816037,9100,910
"9502",0.95025792645738,9600,960
"9503",0.956916619261371,9600,960
"9504",0.951403796459949,9600,960
"9505",0.947525467993797,9600,960
"9506",0.961562032021569,9600,960
"9507",0.944554176661075,9600,960
"9508",0.951608675904031,9600,960
"9509",0.947252605243787,9600,960
"9510",0.948978271748206,9600,960
"9511",0.955677010293792,9600,960
"9512",0.957199977133372,9600,960
"9513",0.953772454636263,9600,960
"9514",0.94801982322723,9600,960
"9515",0.950667348165895,9600,960
"9516",0.95306260035604,9600,960
"9517",0.958999319458656,9600,960
"9518",0.959980810551343,9600,960
"9519",0.957147104096027,9600,960
"9520",0.956081248968303,9600,960
"9521",0.949770427567946,9600,960
"9522",0.948686014083906,9600,960
"9523",0.953967193096471,9600,960
"9524",0.95725204385673,9600,960
"9525",0.955248337867782,9600,960
"9526",0.952881348720394,9600,960
"9527",0.952649732325786,9600,960
"9528",0.95621267641172,9600,960
"9529",0.957296273580406,9600,960
"9530",0.957551822078273,9600,960
"9531",0.945482104061594,9600,960
"9532",0.947871181483454,9600,960
"9533",0.947418353698332,9600,960
"9534",0.947321941085467,9600,960
"9535",0.957637154075823,9600,960
"9536",0.961589706189708,9600,960
"9537",0.955364275609062,9600,960
"9538",0.951060206221513,9600,960
"9539",0.958763497356368,9600,960
"9540",0.949403978709813,9600,960
"9541",0.960498179609002,9600,960
"9542",0.953480757817639,9600,960
"9543",0.958493759543804,9600,960
"9544",0.95385397968532,9600,960
"9545",0.954892062720951,9600,960
"9546",0.95546342723138,9600,960
"9547",0.952987083419881,9600,960
"9548",0.940154023504954,9600,960
"9549",0.952339048051984,9600,960
"9550",0.953305231406624,9600,960
"9551",0.95354113707552,9600,960
"9552",0.948637368825124,9600,960
"9553",0.946660675978284,9600,960
"9554",0.958414179480666,9600,960
"9555",0.948446110998573,9600,960
"9556",0.944003881890906,9600,960
"9557",0.944419855267182,9600,960
"9558",0.948519874100064,9600,960
"9559",0.952693324653978,9600,960
"9560",0.958963077576934,9600,960
"9561",0.948907387259991,9600,960
"9562",0.954950049940546,9600,960
"9563",0.951453106857167,9600,960
"9564",0.952046122931709,9600,960
"9565",0.945569265731508,9600,960
"9566",0.948631130592266,9600,960
"9567",0.950002236118303,9600,960
"9568",0.955234896677205,9600,960
"9569",0.94733526880891,9600,960
"9570",0.954059841130757,9600,960
"9571",0.950428052546443,9600,960
"9572",0.957294662290984,9600,960
"9573",0.942993097441826,9600,960
"9574",0.95620041755021,9600,960
"9575",0.95702800159193,9600,960
"9576",0.954375092746592,9600,960
"9577",0.953101124043207,9600,960
"9578",0.953155651243319,9600,960
"9579",0.945626597887325,9600,960
"9580",0.952746397821563,9600,960
"9581",0.960387031063546,9600,960
"9582",0.956652360252209,9600,960
"9583",0.945793682076337,9600,960
"9584",0.957135816652819,9600,960
"9585",0.951543323619196,9600,960
"9586",0.958527499463595,9600,960
"9587",0.955437239808184,9600,960
"9588",0.951631081678213,9600,960
"9589",0.955675337421624,9600,960
"9590",0.946502761339406,9600,960
"9591",0.95412209889943,9600,960
"9592",0.946080467046289,9600,960
"9593",0.951182120998181,9600,960
"9594",0.948238364406927,9600,960
"9595",0.951100961446698,9600,960
"9596",0.960215178436373,9600,960
"9597",0.951486224179998,9600,960
"9598",0.954020528241959,9600,960
"9599",0.951474147613724,9600,960
"9600",0.941711979213889,9600,960
"9601",0.95166101303752,9600,960
"9602",0.94769324262638,9600,960
"9603",0.955971734484533,9600,960
"9604",0.950245942635349,9600,960
"9605",0.948008913513499,9600,960
"9606",0.952693216835354,9600,960
"9607",0.955892658049437,9600,960
"9608",0.949896916563614,9600,960
"9609",0.957299965687072,9600,960
"9610",0.952633263868924,9600,960
"9611",0.946814651282356,9600,960
"9612",0.955322805748367,9600,960
"9613",0.947831956615792,9600,960
"9614",0.944446816328796,9600,960
"9615",0.956899550514516,9600,960
"9616",0.955233510085103,9600,960
"9617",0.950410903190586,9600,960
"9618",0.95564835558572,9600,960
"9619",0.960252608493805,9600,960
"9620",0.943647787886862,9600,960
"9621",0.95494813369773,9600,960
"9622",0.948527520355711,9600,960
"9623",0.957902356634453,9600,960
"9624",0.949933048694742,9600,960
"9625",0.953887733170999,9600,960
"9626",0.949366260459292,9600,960
"9627",0.956940543043395,9600,960
"9628",0.941352839991296,9600,960
"9629",0.953562545350377,9600,960
"9630",0.955354359022957,9600,960
"9631",0.954058329745013,9600,960
"9632",0.940351531776567,9600,960
"9633",0.962001407437919,9600,960
"9634",0.95545689640442,9600,960
"9635",0.951353517255394,9600,960
"9636",0.949499517003512,9600,960
"9637",0.959600471585451,9600,960
"9638",0.95289963746629,9600,960
"9639",0.950814828187492,9600,960
"9640",0.953749929205148,9600,960
"9641",0.954312193643971,9600,960
"9642",0.951952879280221,9600,960
"9643",0.949916616534608,9600,960
"9644",0.949619560771986,9600,960
"9645",0.952720961718513,9600,960
"9646",0.953764780293186,9600,960
"9647",0.945981876740277,9600,960
"9648",0.946372100201907,9600,960
"9649",0.945150356706064,9600,960
"9650",0.951914769153921,9600,960
"9651",0.955996382441022,9600,960
"9652",0.953249913902171,9600,960
"9653",0.959523476892612,9600,960
"9654",0.956501516507132,9600,960
"9655",0.951016367340416,9600,960
"9656",0.955731718579015,9600,960
"9657",0.950997105306251,9600,960
"9658",0.958043471196087,9600,960
"9659",0.949034427569852,9600,960
"9660",0.960864665531268,9600,960
"9661",0.952777546108653,9600,960
"9662",0.949659900147127,9600,960
"9663",0.956000168862261,9600,960
"9664",0.953325410640617,9600,960
"9665",0.953038444167445,9600,960
"9666",0.95688521032179,9600,960
"9667",0.950526759057778,9600,960
"9668",0.95492554335419,9600,960
"9669",0.947577251322484,9600,960
"9670",0.955357055606078,9600,960
"9671",0.95527986535149,9600,960
"9672",0.9522686024572,9600,960
"9673",0.953862277661997,9600,960
"9674",0.957678890579182,9600,960
"9675",0.951561838751056,9600,960
"9676",0.953833662790474,9600,960
"9677",0.951709164353182,9600,960
"9678",0.949694123160647,9600,960
"9679",0.951065712364155,9600,960
"9680",0.947956115031705,9600,960
"9681",0.956160261583854,9600,960
"9682",0.955315655111655,9600,960
"9683",0.953691024229145,9600,960
"9684",0.961145662264982,9600,960
"9685",0.958370731946768,9600,960
"9686",0.951352640664409,9600,960
"9687",0.948218604040857,9600,960
"9688",0.938724560330611,9600,960
"9689",0.953333128972034,9600,960
"9690",0.952420667624137,9600,960
"9691",0.962529824182855,9600,960
"9692",0.955665625687787,9600,960
"9693",0.95859695555423,9600,960
"9694",0.948249585295151,9600,960
"9695",0.945828889048988,9600,960
"9696",0.947280967626702,9600,960
"9697",0.94994455103502,9600,960
"9698",0.957533380447424,9600,960
"9699",0.955701616036991,9600,960
"9700",0.957379996152444,9600,960
"9701",0.953830777107716,9600,960
"9702",0.953418931954183,9600,960
"9703",0.959905047376278,9600,960
"9704",0.957274207766905,9600,960
"9705",0.955240485569639,9600,960
"9706",0.948346702022507,9600,960
"9707",0.950090779371835,9600,960
"9708",0.954435957014298,9600,960
"9709",0.95562854578377,9600,960
"9710",0.966891385342521,9600,960
"9711",0.953097617318852,9600,960
"9712",0.948052066126334,9600,960
"9713",0.950214585742017,9600,960
"9714",0.959407427052502,9600,960
"9715",0.952388179794051,9600,960
"9716",0.953731097877389,9600,960
"9717",0.949789800230886,9600,960
"9718",0.94985891227964,9600,960
"9719",0.957790418646891,9600,960
"9720",0.95463812791586,9600,960
"9721",0.946247436551182,9600,960
"9722",0.953132524290997,9600,960
"9723",0.955978115336387,9600,960
"9724",0.962094980519257,9600,960
"9725",0.95342020950508,9600,960
"9726",0.944964678878254,9600,960
"9727",0.953380142588262,9600,960
"9728",0.958604072823931,9600,960
"9729",0.957308628989805,9600,960
"9730",0.951776566352891,9600,960
"9731",0.957879688974482,9600,960
"9732",0.947069992740287,9600,960
"9733",0.95894498681519,9600,960
"9734",0.956920864833901,9600,960
"9735",0.943689387908995,9600,960
"9736",0.953999639208367,9600,960
"9737",0.949159265290756,9600,960
"9738",0.957187277266178,9600,960
"9739",0.951652253323515,9600,960
"9740",0.96484171249586,9600,960
"9741",0.958624418320085,9600,960
"9742",0.948233524037649,9600,960
"9743",0.964106298717575,9600,960
"9744",0.961601283944056,9600,960
"9745",0.956277667914642,9600,960
"9746",0.953918902994282,9600,960
"9747",0.951947577970793,9600,960
"9748",0.945249211442824,9600,960
"9749",0.954642317889759,9600,960
"9750",0.947127296664977,9600,960
"9751",0.949956911416162,9600,960
"9752",0.952083431040539,9600,960
"9753",0.960646048962118,9600,960
"9754",0.959944754087171,9600,960
"9755",0.954991352649492,9600,960
"9756",0.958875168399461,9600,960
"9757",0.949410896825688,9600,960
"9758",0.953085813030791,9600,960
"9759",0.954488489744449,9600,960
"9760",0.957133353624091,9600,960
"9761",0.943560311145336,9600,960
"9762",0.95316981911961,9600,960
"9763",0.959597066591002,9600,960
"9764",0.956064957064082,9600,960
"9765",0.951344131285834,9600,960
"9766",0.95524616223097,9600,960
"9767",0.949718199915951,9600,960
"9768",0.947231043435259,9600,960
"9769",0.950208374167444,9600,960
"9770",0.953982438966962,9600,960
"9771",0.946814357860234,9600,960
"9772",0.95488911278518,9600,960
"9773",0.958803656703524,9600,960
"9774",0.948567099484581,9600,960
"9775",0.954703311769963,9600,960
"9776",0.961201159184638,9600,960
"9777",0.952219312990532,9600,960
"9778",0.954919864561136,9600,960
"9779",0.951710029104551,9600,960
"9780",0.948968489210021,9600,960
"9781",0.942339139542983,9600,960
"9782",0.94696682124063,9600,960
"9783",0.954787391645137,9600,960
"9784",0.943898858045482,9600,960
"9785",0.95581819095306,9600,960
"9786",0.950612407594389,9600,960
"9787",0.952202958249935,9600,960
"9788",0.956209589501661,9600,960
"9789",0.961057500714351,9600,960
"9790",0.955031174629914,9600,960
"9791",0.947813017049893,9600,960
"9792",0.951811553093782,9600,960
"9793",0.952264540528378,9600,960
"9794",0.960348203493607,9600,960
"9795",0.960973737852091,9600,960
"9796",0.951953682110783,9600,960
"9797",0.953602736445065,9600,960
"9798",0.949163711851601,9600,960
"9799",0.942279577094009,9600,960
"9800",0.952894255778285,9600,960
"9801",0.958229487407236,9600,960
"9802",0.953406841954875,9600,960
"9803",0.958874140090897,9600,960
"9804",0.95093401428472,9600,960
"9805",0.946934364647218,9600,960
"9806",0.958275037145462,9600,960
"9807",0.957007674236052,9600,960
"9808",0.950944113851651,9600,960
"9809",0.956824390857256,9600,960
"9810",0.958660529589523,9600,960
"9811",0.948665964230835,9600,960
"9812",0.95699052217435,9600,960
"9813",0.956227881271036,9600,960
"9814",0.95394504780034,9600,960
"9815",0.952846117175565,9600,960
"9816",0.951130483758217,9600,960
"9817",0.951128658032473,9600,960
"9818",0.955912651703235,9600,960
"9819",0.949249518414366,9600,960
"9820",0.948632033007566,9600,960
"9821",0.965412053225415,9600,960
"9822",0.960354834173796,9600,960
"9823",0.9498518775707,9600,960
"9824",0.956295077239039,9600,960
"9825",0.95281442752577,9600,960
"9826",0.960917495805058,9600,960
"9827",0.953587213853439,9600,960
"9828",0.949767215057811,9600,960
"9829",0.948694630922036,9600,960
"9830",0.949908313660038,9600,960
"9831",0.954899531174162,9600,960
"9832",0.955911281391722,9600,960
"9833",0.954610700592466,9600,960
"9834",0.95288774119508,9600,960
"9835",0.95436247275636,9600,960
"9836",0.950734773191089,9600,960
"9837",0.954909975398208,9600,960
"9838",0.948304347322804,9600,960
"9839",0.944148552404501,9600,960
"9840",0.958457395468322,9600,960
"9841",0.946168259393334,9600,960
"9842",0.949460539292814,9600,960
"9843",0.949936813530221,9600,960
"9844",0.948855319746263,9600,960
"9845",0.961646045704513,9600,960
"9846",0.952466602789246,9600,960
"9847",0.95186448291244,9600,960
"9848",0.944626476807307,9600,960
"9849",0.957539291078043,9600,960
"9850",0.943632397649983,9600,960
"9851",0.952772408104751,9600,960
"9852",0.959106818554611,9600,960
"9853",0.956813710163368,9600,960
"9854",0.940644401052942,9600,960
"9855",0.944159583202189,9600,960
"9856",0.954892587897062,9600,960
"9857",0.959684208669324,9600,960
"9858",0.947254276676728,9600,960
"9859",0.965044065525896,9600,960
"9860",0.950129641464615,9600,960
"9861",0.95188885970906,9600,960
"9862",0.95072354225114,9600,960
"9863",0.952453590760802,9600,960
"9864",0.955245012541543,9600,960
"9865",0.957746654403115,9600,960
"9866",0.962720522683038,9600,960
"9867",0.952884959721137,9600,960
"9868",0.952729740137926,9600,960
"9869",0.948323240618211,9600,960
"9870",0.959002795988604,9600,960
"9871",0.947759651704267,9600,960
"9872",0.936965959879352,9600,960
"9873",0.949970745869275,9600,960
"9874",0.956325590191264,9600,960
"9875",0.945371165102544,9600,960
"9876",0.95128993380962,9600,960
"9877",0.955361998781378,9600,960
"9878",0.94179021244555,9600,960
"9879",0.95679826319574,9600,960
"9880",0.951595222155162,9600,960
"9881",0.958696867612586,9600,960
"9882",0.962221650914066,9600,960
"9883",0.950672157963029,9600,960
"9884",0.959412769732269,9600,960
"9885",0.956793326881149,9600,960
"9886",0.947597555768696,9600,960
"9887",0.952713271556093,9600,960
"9888",0.9438360240633,9600,960
"9889",0.949615787367906,9600,960
"9890",0.941718917872582,9600,960
"9891",0.953113721446588,9600,960
"9892",0.945205158736539,9600,960
"9893",0.961603864858981,9600,960
"9894",0.952670993645203,9600,960
"9895",0.958378562169799,9600,960
"9896",0.950373650114692,9600,960
"9897",0.954050421383422,9600,960
"9898",0.951225231157178,9600,960
"9899",0.955206270788342,9600,960
"9900",0.953194797960977,9600,960
"9901",0.956038766017781,9600,960
"9902",0.949693624283965,9600,960
"9903",0.94171098347787,9600,960
"9904",0.949916214449692,9600,960
"9905",0.953593313836328,9600,960
"9906",0.947584965203379,9600,960
"9907",0.952389809629778,9600,960
"9908",0.945667433569063,9600,960
"9909",0.952614514806009,9600,960
"9910",0.953867761154571,9600,960
"9911",0.951817587473786,9600,960
"9912",0.951814360971376,9600,960
"9913",0.952912866938447,9600,960
"9914",0.949148239809305,9600,960
"9915",0.94569809675505,9600,960
"9916",0.952848472957764,9600,960
"9917",0.956823398607197,9600,960
"9918",0.953008345834897,9600,960
"9919",0.95938637410147,9600,960
"9920",0.951623405617577,9600,960
"9921",0.956914198452296,9600,960
"9922",0.952328894526693,9600,960
"9923",0.949373186485076,9600,960
"9924",0.961823697034741,9600,960
"9925",0.944906095328444,9600,960
"9926",0.95626027140935,9600,960
"9927",0.948737638410576,9600,960
"9928",0.957958170949927,9600,960
"9929",0.94587882853435,9600,960
"9930",0.949967606160449,9600,960
"9931",0.953461016972175,9600,960
"9932",0.950268249003311,9600,960
"9933",0.949876564745963,9600,960
"9934",0.948200012543718,9600,960
"9935",0.956070468913896,9600,960
"9936",0.954886004038188,9600,960
"9937",0.946894590928535,9600,960
"9938",0.958564042383562,9600,960
"9939",0.947622324874656,9600,960
"9940",0.954678861347651,9600,960
"9941",0.954325139314174,9600,960
"9942",0.955653774898759,9600,960
"9943",0.954936521506577,9600,960
"9944",0.938369103507695,9600,960
"9945",0.949625353832635,9600,960
"9946",0.955618826598707,9600,960
"9947",0.952640520591786,9600,960
"9948",0.956592187701567,9600,960
"9949",0.955618623461087,9600,960
"9950",0.95382150079137,9600,960
"9951",0.952530768204768,9600,960
"9952",0.949750965300229,9600,960
"9953",0.953830254482987,9600,960
"9954",0.961388494624335,9600,960
"9955",0.953703872886735,9600,960
"9956",0.961444298780458,9600,960
"9957",0.950288382674122,9600,960
"9958",0.958348848153541,9600,960
"9959",0.959225300475426,9600,960
"9960",0.963512492982831,9600,960
"9961",0.947467165560302,9600,960
"9962",0.949451186689628,9600,960
"9963",0.953559587203517,9600,960
"9964",0.94948463716268,9600,960
"9965",0.960242818201365,9600,960
"9966",0.948746522267084,9600,960
"9967",0.954688640333808,9600,960
"9968",0.965590094530307,9600,960
"9969",0.956572356050832,9600,960
"9970",0.954969342410726,9600,960
"9971",0.954765042582271,9600,960
"9972",0.94782309225605,9600,960
"9973",0.951204950951077,9600,960
"9974",0.949183690293212,9600,960
"9975",0.957477025795375,9600,960
"9976",0.957515429479345,9600,960
"9977",0.952492670650012,9600,960
"9978",0.957774033467152,9600,960
"9979",0.956186652227798,9600,960
"9980",0.952702967377192,9600,960
"9981",0.951669882593657,9600,960
"9982",0.952743001813921,9600,960
"9983",0.939277918969034,9600,960
"9984",0.945040330991021,9600,960
"9985",0.962085282113125,9600,960
"9986",0.951710008417793,9600,960
"9987",0.954505640603974,9600,960
"9988",0.947678332040247,9600,960
"9989",0.943640311543441,9600,960
"9990",0.952596076528845,9600,960
"9991",0.959863546652172,9600,960
"9992",0.958266793715447,9600,960
"9993",0.951127802918199,9600,960
"9994",0.954561753521493,9600,960
"9995",0.950553183740476,9600,960
"9996",0.95234115056068,9600,960
"9997",0.95880360969593,9600,960
"9998",0.951199566884912,9600,960
"9999",0.943314271781917,9600,960
"10000",0.951497946985584,9600,960
"10001",0.960042652238362,9600,960
"10002",0.955593755393383,10100,1010
"10003",0.962456159892294,10100,1010
"10004",0.949069330557112,10100,1010
"10005",0.946968612994608,10100,1010
"10006",0.956165161455232,10100,1010
"10007",0.949879716017638,10100,1010
"10008",0.951891604439416,10100,1010
"10009",0.955328079583408,10100,1010
"10010",0.957927908996059,10100,1010
"10011",0.959077484290315,10100,1010
"10012",0.951425687833817,10100,1010
"10013",0.956081704277365,10100,1010
"10014",0.954195669914609,10100,1010
"10015",0.951771795590673,10100,1010
"10016",0.947246317693134,10100,1010
"10017",0.956693374121421,10100,1010
"10018",0.957075162156572,10100,1010
"10019",0.950204185063343,10100,1010
"10020",0.958960597075459,10100,1010
"10021",0.950709863306478,10100,1010
"10022",0.960008696925082,10100,1010
"10023",0.953283224817292,10100,1010
"10024",0.955338663987372,10100,1010
"10025",0.956034678409582,10100,1010
"10026",0.955888909658625,10100,1010
"10027",0.95014109542122,10100,1010
"10028",0.958324921386941,10100,1010
"10029",0.948005284719316,10100,1010
"10030",0.959594592741426,10100,1010
"10031",0.952972552464277,10100,1010
"10032",0.954739595630458,10100,1010
"10033",0.958991191620818,10100,1010
"10034",0.959708150732641,10100,1010
"10035",0.960703867514808,10100,1010
"10036",0.949044921408688,10100,1010
"10037",0.96378352679819,10100,1010
"10038",0.956255263321222,10100,1010
"10039",0.962905464048536,10100,1010
"10040",0.949650743125302,10100,1010
"10041",0.955772599461299,10100,1010
"10042",0.95626044741175,10100,1010
"10043",0.96119022606006,10100,1010
"10044",0.945443587788737,10100,1010
"10045",0.954172067236718,10100,1010
"10046",0.959435357551049,10100,1010
"10047",0.945006204187953,10100,1010
"10048",0.958213729165634,10100,1010
"10049",0.954926781329292,10100,1010
"10050",0.959537500652839,10100,1010
"10051",0.95404845439825,10100,1010
"10052",0.952649128680496,10100,1010
"10053",0.962362429173871,10100,1010
"10054",0.948401770964629,10100,1010
"10055",0.953862480970466,10100,1010
"10056",0.948556422902636,10100,1010
"10057",0.955790312211097,10100,1010
"10058",0.956402460079873,10100,1010
"10059",0.951198378460324,10100,1010
"10060",0.961131042650749,10100,1010
"10061",0.961382078369911,10100,1010
"10062",0.952167409228539,10100,1010
"10063",0.955947356463942,10100,1010
"10064",0.953392537759538,10100,1010
"10065",0.954064757479527,10100,1010
"10066",0.954168476820495,10100,1010
"10067",0.952292495677615,10100,1010
"10068",0.942374240981263,10100,1010
"10069",0.951095527324198,10100,1010
"10070",0.953185704610627,10100,1010
"10071",0.957074059694143,10100,1010
"10072",0.960889658463411,10100,1010
"10073",0.952547281974021,10100,1010
"10074",0.955992300674553,10100,1010
"10075",0.955852084571716,10100,1010
"10076",0.962320884529894,10100,1010
"10077",0.95607488553752,10100,1010
"10078",0.956373281299944,10100,1010
"10079",0.956833176161977,10100,1010
"10080",0.958321409397207,10100,1010
"10081",0.959379063355055,10100,1010
"10082",0.9612316993386,10100,1010
"10083",0.960018588810137,10100,1010
"10084",0.957884704821116,10100,1010
"10085",0.94477858710973,10100,1010
"10086",0.957024438701069,10100,1010
"10087",0.959284264883862,10100,1010
"10088",0.951604583780249,10100,1010
"10089",0.96242533947567,10100,1010
"10090",0.94799322822546,10100,1010
"10091",0.959114238523876,10100,1010
"10092",0.949006294114407,10100,1010
"10093",0.951721469065486,10100,1010
"10094",0.951431350423726,10100,1010
"10095",0.95146308201748,10100,1010
"10096",0.945386137092141,10100,1010
"10097",0.95926776428946,10100,1010
"10098",0.953250149741516,10100,1010
"10099",0.95542807491682,10100,1010
"10100",0.960467491851681,10100,1010
"10101",0.955541736076838,10100,1010
"10102",0.957440288138317,10100,1010
"10103",0.953380811651581,10100,1010
"10104",0.946687620834685,10100,1010
"10105",0.945428044440077,10100,1010
"10106",0.96083892281685,10100,1010
"10107",0.960793013244933,10100,1010
"10108",0.955232023407871,10100,1010
"10109",0.958064882693855,10100,1010
"10110",0.962495832556403,10100,1010
"10111",0.955266128629728,10100,1010
"10112",0.952290568482439,10100,1010
"10113",0.948947511584896,10100,1010
"10114",0.964130025104224,10100,1010
"10115",0.961679026463603,10100,1010
"10116",0.954755173832834,10100,1010
"10117",0.955455924809498,10100,1010
"10118",0.951711736076701,10100,1010
"10119",0.953194430233926,10100,1010
"10120",0.957262507481598,10100,1010
"10121",0.957790654133086,10100,1010
"10122",0.958573873380244,10100,1010
"10123",0.954862827732183,10100,1010
"10124",0.954269901833272,10100,1010
"10125",0.953761933709619,10100,1010
"10126",0.953520916022953,10100,1010
"10127",0.957908243980565,10100,1010
"10128",0.959573642149868,10100,1010
"10129",0.9514288049003,10100,1010
"10130",0.960241302691611,10100,1010
"10131",0.953185702526956,10100,1010
"10132",0.952708471957811,10100,1010
"10133",0.952080521997607,10100,1010
"10134",0.94991402329383,10100,1010
"10135",0.953963644898795,10100,1010
"10136",0.956711290918443,10100,1010
"10137",0.958351248555878,10100,1010
"10138",0.950762189315476,10100,1010
"10139",0.9549584035681,10100,1010
"10140",0.950200218018156,10100,1010
"10141",0.955289706760702,10100,1010
"10142",0.957157409923639,10100,1010
"10143",0.947927826080512,10100,1010
"10144",0.952867369914833,10100,1010
"10145",0.951232248482966,10100,1010
"10146",0.950239055250574,10100,1010
"10147",0.950623829665297,10100,1010
"10148",0.95185083895675,10100,1010
"10149",0.957156832730872,10100,1010
"10150",0.950375135515559,10100,1010
"10151",0.95412180935295,10100,1010
"10152",0.963608186846128,10100,1010
"10153",0.959610622471976,10100,1010
"10154",0.954276291439161,10100,1010
"10155",0.957811078667195,10100,1010
"10156",0.960316204407555,10100,1010
"10157",0.946460901152389,10100,1010
"10158",0.95619288333009,10100,1010
"10159",0.96067919848103,10100,1010
"10160",0.95116371308856,10100,1010
"10161",0.958258923697043,10100,1010
"10162",0.950264523533578,10100,1010
"10163",0.962723359305711,10100,1010
"10164",0.95356687679053,10100,1010
"10165",0.947074681099739,10100,1010
"10166",0.956304756832878,10100,1010
"10167",0.949001149213798,10100,1010
"10168",0.952922561297503,10100,1010
"10169",0.954596656753586,10100,1010
"10170",0.959572670748872,10100,1010
"10171",0.954630434153238,10100,1010
"10172",0.96153404643569,10100,1010
"10173",0.955956978189317,10100,1010
"10174",0.953535811970244,10100,1010
"10175",0.962399307876952,10100,1010
"10176",0.950111892174345,10100,1010
"10177",0.960071676041509,10100,1010
"10178",0.955456054801262,10100,1010
"10179",0.965754669634955,10100,1010
"10180",0.957008659045126,10100,1010
"10181",0.959805426118197,10100,1010
"10182",0.957001826441564,10100,1010
"10183",0.951188673109346,10100,1010
"10184",0.951367023236204,10100,1010
"10185",0.952156864108413,10100,1010
"10186",0.96157543207494,10100,1010
"10187",0.951605474324042,10100,1010
"10188",0.958445836340236,10100,1010
"10189",0.95911894430206,10100,1010
"10190",0.956164642695034,10100,1010
"10191",0.954098855003918,10100,1010
"10192",0.954265908539117,10100,1010
"10193",0.958109943546755,10100,1010
"10194",0.960341547070601,10100,1010
"10195",0.94700842679074,10100,1010
"10196",0.951405725079779,10100,1010
"10197",0.958667944602865,10100,1010
"10198",0.953963437060402,10100,1010
"10199",0.948186397747127,10100,1010
"10200",0.954196771699516,10100,1010
"10201",0.954859906656917,10100,1010
"10202",0.952299039987045,10100,1010
"10203",0.955625038241675,10100,1010
"10204",0.950467760366913,10100,1010
"10205",0.954191887429971,10100,1010
"10206",0.950628166286083,10100,1010
"10207",0.957611819227496,10100,1010
"10208",0.958439749361823,10100,1010
"10209",0.962311850640421,10100,1010
"10210",0.95467945542581,10100,1010
"10211",0.953214019425046,10100,1010
"10212",0.95893636187598,10100,1010
"10213",0.95907032821265,10100,1010
"10214",0.955380356861654,10100,1010
"10215",0.952188528131902,10100,1010
"10216",0.95503126430578,10100,1010
"10217",0.963585355197498,10100,1010
"10218",0.957423647906752,10100,1010
"10219",0.957124209146006,10100,1010
"10220",0.957430479129295,10100,1010
"10221",0.958309577755647,10100,1010
"10222",0.953258616671671,10100,1010
"10223",0.956055737255623,10100,1010
"10224",0.949321221254554,10100,1010
"10225",0.956016169273573,10100,1010
"10226",0.951981642795835,10100,1010
"10227",0.950449073303793,10100,1010
"10228",0.956363354368763,10100,1010
"10229",0.954230844180054,10100,1010
"10230",0.960888416054002,10100,1010
"10231",0.954804798279119,10100,1010
"10232",0.95997567488793,10100,1010
"10233",0.950006571343758,10100,1010
"10234",0.950264441208879,10100,1010
"10235",0.954060425276057,10100,1010
"10236",0.955039727406544,10100,1010
"10237",0.959510391181519,10100,1010
"10238",0.956418096889312,10100,1010
"10239",0.944785909687031,10100,1010
"10240",0.954525688914153,10100,1010
"10241",0.956645358153305,10100,1010
"10242",0.950399446441974,10100,1010
"10243",0.951830999032267,10100,1010
"10244",0.955179150085433,10100,1010
"10245",0.961654165098714,10100,1010
"10246",0.951789343999065,10100,1010
"10247",0.960694024824406,10100,1010
"10248",0.956646739037026,10100,1010
"10249",0.953684089905221,10100,1010
"10250",0.948188713088389,10100,1010
"10251",0.953515483918139,10100,1010
"10252",0.964197396115595,10100,1010
"10253",0.958644621037382,10100,1010
"10254",0.958414663774317,10100,1010
"10255",0.955436393369868,10100,1010
"10256",0.954782332564094,10100,1010
"10257",0.950028591998971,10100,1010
"10258",0.958337465120742,10100,1010
"10259",0.955771858858918,10100,1010
"10260",0.956038478388623,10100,1010
"10261",0.951399097095686,10100,1010
"10262",0.951485326383288,10100,1010
"10263",0.950055909467596,10100,1010
"10264",0.958125362642524,10100,1010
"10265",0.951937284413822,10100,1010
"10266",0.951343784402729,10100,1010
"10267",0.952036100530527,10100,1010
"10268",0.952263592651077,10100,1010
"10269",0.956032345106828,10100,1010
"10270",0.949384135461777,10100,1010
"10271",0.94869780248288,10100,1010
"10272",0.954322205566793,10100,1010
"10273",0.959041841955508,10100,1010
"10274",0.953019655743425,10100,1010
"10275",0.949931739748612,10100,1010
"10276",0.945253923194643,10100,1010
"10277",0.960359717879786,10100,1010
"10278",0.95807569172578,10100,1010
"10279",0.954629560645157,10100,1010
"10280",0.950117213167463,10100,1010
"10281",0.963961879906906,10100,1010
"10282",0.956387576984651,10100,1010
"10283",0.950676345886533,10100,1010
"10284",0.952360210679345,10100,1010
"10285",0.960122005708754,10100,1010
"10286",0.958283911991389,10100,1010
"10287",0.954508505809826,10100,1010
"10288",0.956421624843239,10100,1010
"10289",0.949019821329984,10100,1010
"10290",0.948506994092576,10100,1010
"10291",0.951690094901239,10100,1010
"10292",0.964977089230861,10100,1010
"10293",0.963304214297772,10100,1010
"10294",0.957759281261864,10100,1010
"10295",0.95181181738737,10100,1010
"10296",0.952814462100694,10100,1010
"10297",0.954111995090051,10100,1010
"10298",0.95188962454371,10100,1010
"10299",0.959747475436837,10100,1010
"10300",0.948498045514279,10100,1010
"10301",0.954792363409098,10100,1010
"10302",0.951551852340334,10100,1010
"10303",0.943456463991516,10100,1010
"10304",0.955763055837724,10100,1010
"10305",0.955290113498134,10100,1010
"10306",0.9582181372295,10100,1010
"10307",0.956570369362935,10100,1010
"10308",0.953028475320548,10100,1010
"10309",0.95332284106408,10100,1010
"10310",0.955868381803229,10100,1010
"10311",0.95421195119278,10100,1010
"10312",0.96013206102122,10100,1010
"10313",0.954971889769994,10100,1010
"10314",0.956664036320703,10100,1010
"10315",0.962967571518236,10100,1010
"10316",0.953895485594509,10100,1010
"10317",0.947729670144762,10100,1010
"10318",0.954107843694007,10100,1010
"10319",0.949322310325776,10100,1010
"10320",0.954361835719882,10100,1010
"10321",0.957581466664001,10100,1010
"10322",0.957641702770067,10100,1010
"10323",0.948481629724022,10100,1010
"10324",0.947994805451157,10100,1010
"10325",0.955107221746851,10100,1010
"10326",0.955041074566103,10100,1010
"10327",0.946816876282854,10100,1010
"10328",0.94919663133571,10100,1010
"10329",0.955944400197299,10100,1010
"10330",0.959629446616218,10100,1010
"10331",0.948290499267145,10100,1010
"10332",0.952478237777989,10100,1010
"10333",0.947969484817483,10100,1010
"10334",0.964803512815562,10100,1010
"10335",0.955055948718985,10100,1010
"10336",0.958464739547642,10100,1010
"10337",0.958665150665436,10100,1010
"10338",0.947466698258769,10100,1010
"10339",0.962718045530989,10100,1010
"10340",0.956340875595246,10100,1010
"10341",0.950389774053785,10100,1010
"10342",0.960042461454398,10100,1010
"10343",0.960479907374218,10100,1010
"10344",0.953653336026365,10100,1010
"10345",0.954844132477634,10100,1010
"10346",0.955784909536482,10100,1010
"10347",0.959914271461427,10100,1010
"10348",0.953788576878189,10100,1010
"10349",0.957639297517788,10100,1010
"10350",0.960890764764703,10100,1010
"10351",0.956717923636885,10100,1010
"10352",0.957403564853991,10100,1010
"10353",0.958292925874805,10100,1010
"10354",0.961972938749537,10100,1010
"10355",0.952652485613858,10100,1010
"10356",0.955775029376375,10100,1010
"10357",0.948081273136607,10100,1010
"10358",0.96149361069118,10100,1010
"10359",0.957570814156154,10100,1010
"10360",0.949494554479376,10100,1010
"10361",0.954615059887861,10100,1010
"10362",0.954485559258543,10100,1010
"10363",0.958228014105354,10100,1010
"10364",0.957797849630279,10100,1010
"10365",0.955182335757586,10100,1010
"10366",0.951461817489311,10100,1010
"10367",0.951831134991571,10100,1010
"10368",0.950016024817808,10100,1010
"10369",0.953881688047844,10100,1010
"10370",0.95773893418038,10100,1010
"10371",0.956758851006394,10100,1010
"10372",0.954391148296489,10100,1010
"10373",0.955960741702678,10100,1010
"10374",0.964173643946667,10100,1010
"10375",0.958170695986421,10100,1010
"10376",0.95608405884069,10100,1010
"10377",0.955352817656718,10100,1010
"10378",0.957492014449313,10100,1010
"10379",0.957485991231499,10100,1010
"10380",0.952471947389423,10100,1010
"10381",0.950720014407542,10100,1010
"10382",0.956444550616166,10100,1010
"10383",0.955998350589477,10100,1010
"10384",0.959629909634138,10100,1010
"10385",0.957307721613523,10100,1010
"10386",0.959244023158215,10100,1010
"10387",0.953493701411683,10100,1010
"10388",0.952484975399164,10100,1010
"10389",0.953549869926268,10100,1010
"10390",0.961580411907797,10100,1010
"10391",0.956757352956497,10100,1010
"10392",0.946723975852745,10100,1010
"10393",0.946815216767367,10100,1010
"10394",0.951706025940792,10100,1010
"10395",0.950088166377276,10100,1010
"10396",0.952520531298581,10100,1010
"10397",0.955296590086797,10100,1010
"10398",0.955687073550655,10100,1010
"10399",0.958348509808209,10100,1010
"10400",0.950649301625677,10100,1010
"10401",0.952171059436961,10100,1010
"10402",0.950076368578959,10100,1010
"10403",0.956653903554824,10100,1010
"10404",0.962744265347088,10100,1010
"10405",0.950031761509816,10100,1010
"10406",0.947386062291692,10100,1010
"10407",0.949048319440788,10100,1010
"10408",0.960046497929123,10100,1010
"10409",0.953169593325447,10100,1010
"10410",0.959780485819854,10100,1010
"10411",0.958198452810264,10100,1010
"10412",0.951891833131843,10100,1010
"10413",0.947194174349466,10100,1010
"10414",0.946138045029186,10100,1010
"10415",0.952337267182129,10100,1010
"10416",0.955692426300228,10100,1010
"10417",0.961489112624811,10100,1010
"10418",0.956151771268071,10100,1010
"10419",0.953862039191492,10100,1010
"10420",0.953000904294069,10100,1010
"10421",0.951907706994563,10100,1010
"10422",0.946251311329655,10100,1010
"10423",0.955409320188733,10100,1010
"10424",0.954547042921862,10100,1010
"10425",0.952982840078802,10100,1010
"10426",0.958599199839738,10100,1010
"10427",0.95525270100252,10100,1010
"10428",0.960883432740548,10100,1010
"10429",0.958925314060119,10100,1010
"10430",0.959648850646276,10100,1010
"10431",0.960369083747154,10100,1010
"10432",0.960943536683952,10100,1010
"10433",0.946473757826833,10100,1010
"10434",0.954423080643749,10100,1010
"10435",0.960518288823717,10100,1010
"10436",0.944626696441395,10100,1010
"10437",0.959474055278057,10100,1010
"10438",0.947407208854684,10100,1010
"10439",0.95116639679338,10100,1010
"10440",0.958602658766272,10100,1010
"10441",0.950859972669477,10100,1010
"10442",0.946678204166569,10100,1010
"10443",0.951870052842343,10100,1010
"10444",0.947887320447101,10100,1010
"10445",0.950742554760034,10100,1010
"10446",0.959416258835461,10100,1010
"10447",0.954285928650621,10100,1010
"10448",0.954938775343198,10100,1010
"10449",0.953329671921253,10100,1010
"10450",0.958588913125043,10100,1010
"10451",0.952026115462148,10100,1010
"10452",0.956503815671115,10100,1010
"10453",0.958936174508429,10100,1010
"10454",0.962692093269406,10100,1010
"10455",0.958648969282965,10100,1010
"10456",0.958435887080322,10100,1010
"10457",0.950135961429961,10100,1010
"10458",0.955574970258074,10100,1010
"10459",0.950018650694056,10100,1010
"10460",0.954587647538298,10100,1010
"10461",0.961745567170274,10100,1010
"10462",0.957968311874808,10100,1010
"10463",0.959822547759817,10100,1010
"10464",0.957304166224551,10100,1010
"10465",0.957738323499562,10100,1010
"10466",0.949855793922844,10100,1010
"10467",0.950697092152652,10100,1010
"10468",0.962011636011736,10100,1010
"10469",0.947013376149434,10100,1010
"10470",0.95577876255423,10100,1010
"10471",0.956241102409847,10100,1010
"10472",0.955557967782011,10100,1010
"10473",0.948856869610038,10100,1010
"10474",0.945036893693274,10100,1010
"10475",0.953870820789919,10100,1010
"10476",0.950509541820651,10100,1010
"10477",0.952530166557738,10100,1010
"10478",0.951381736339785,10100,1010
"10479",0.952704459380402,10100,1010
"10480",0.949654183769828,10100,1010
"10481",0.953757646794304,10100,1010
"10482",0.952646628327265,10100,1010
"10483",0.955510499291639,10100,1010
"10484",0.957435323656356,10100,1010
"10485",0.952461089449341,10100,1010
"10486",0.958089611308156,10100,1010
"10487",0.957728724907602,10100,1010
"10488",0.94734046582469,10100,1010
"10489",0.950655749033561,10100,1010
"10490",0.953375263210555,10100,1010
"10491",0.957469208139452,10100,1010
"10492",0.955331076982882,10100,1010
"10493",0.950233334923579,10100,1010
"10494",0.958898000578178,10100,1010
"10495",0.95314437449704,10100,1010
"10496",0.953572041494825,10100,1010
"10497",0.951086559088819,10100,1010
"10498",0.94899542693863,10100,1010
"10499",0.947328237025505,10100,1010
"10500",0.947036116838865,10100,1010
"10501",0.954083623124789,10100,1010
"10502",0.954927714017148,10600,1060
"10503",0.953474181593499,10600,1060
"10504",0.95606445404421,10600,1060
"10505",0.957253011295331,10600,1060
"10506",0.963331707247936,10600,1060
"10507",0.955915425854581,10600,1060
"10508",0.960246780734804,10600,1060
"10509",0.958323003383634,10600,1060
"10510",0.958796600290034,10600,1060
"10511",0.954195953176888,10600,1060
"10512",0.956118909588555,10600,1060
"10513",0.95399679607273,10600,1060
"10514",0.950948476754952,10600,1060
"10515",0.95383282125556,10600,1060
"10516",0.950847831083318,10600,1060
"10517",0.958719762542857,10600,1060
"10518",0.964652487375432,10600,1060
"10519",0.956675477791314,10600,1060
"10520",0.953744989570947,10600,1060
"10521",0.959884350208046,10600,1060
"10522",0.9609083536876,10600,1060
"10523",0.954497117655982,10600,1060
"10524",0.960195198573275,10600,1060
"10525",0.960315340250345,10600,1060
"10526",0.952019950366882,10600,1060
"10527",0.960712018179522,10600,1060
"10528",0.962223909373263,10600,1060
"10529",0.960043437206688,10600,1060
"10530",0.954209206944253,10600,1060
"10531",0.955434723319239,10600,1060
"10532",0.957452565707142,10600,1060
"10533",0.961691042856764,10600,1060
"10534",0.955928945965481,10600,1060
"10535",0.95395902340611,10600,1060
"10536",0.96320686018969,10600,1060
"10537",0.955955257976264,10600,1060
"10538",0.960418481158047,10600,1060
"10539",0.9512983673291,10600,1060
"10540",0.960320332694932,10600,1060
"10541",0.953423778772997,10600,1060
"10542",0.953613223093354,10600,1060
"10543",0.956915440661144,10600,1060
"10544",0.964908768830855,10600,1060
"10545",0.953705307373579,10600,1060
"10546",0.951356956366776,10600,1060
"10547",0.963912777981142,10600,1060
"10548",0.963828618545778,10600,1060
"10549",0.961558511807838,10600,1060
"10550",0.958035332964466,10600,1060
"10551",0.943863189294436,10600,1060
"10552",0.959584164466045,10600,1060
"10553",0.957030070974472,10600,1060
"10554",0.955265576091535,10600,1060
"10555",0.95406285051301,10600,1060
"10556",0.959601216585513,10600,1060
"10557",0.955964540130696,10600,1060
"10558",0.953530651312462,10600,1060
"10559",0.966619172811409,10600,1060
"10560",0.95187477188101,10600,1060
"10561",0.950208787812179,10600,1060
"10562",0.952765576693258,10600,1060
"10563",0.959512111263849,10600,1060
"10564",0.962569152463735,10600,1060
"10565",0.950419121414949,10600,1060
"10566",0.953654068602901,10600,1060
"10567",0.963505577652793,10600,1060
"10568",0.96663189186047,10600,1060
"10569",0.95915389746068,10600,1060
"10570",0.962032588404058,10600,1060
"10571",0.950203021351697,10600,1060
"10572",0.958972506840285,10600,1060
"10573",0.961983856821595,10600,1060
"10574",0.951969095419781,10600,1060
"10575",0.962077982940292,10600,1060
"10576",0.954509971924476,10600,1060
"10577",0.956629845633353,10600,1060
"10578",0.960471581710778,10600,1060
"10579",0.955159892432613,10600,1060
"10580",0.959879769308903,10600,1060
"10581",0.958274632379239,10600,1060
"10582",0.946931622147869,10600,1060
"10583",0.959940600128462,10600,1060
"10584",0.954046808270005,10600,1060
"10585",0.957536642212673,10600,1060
"10586",0.960300890126524,10600,1060
"10587",0.960917413820296,10600,1060
"10588",0.963349452533166,10600,1060
"10589",0.947339123141367,10600,1060
"10590",0.959166457863579,10600,1060
"10591",0.9571667887723,10600,1060
"10592",0.949389822807303,10600,1060
"10593",0.953189721619151,10600,1060
"10594",0.96025114163057,10600,1060
"10595",0.960212847945342,10600,1060
"10596",0.952957647728302,10600,1060
"10597",0.950268355049806,10600,1060
"10598",0.952330919558902,10600,1060
"10599",0.952427507924359,10600,1060
"10600",0.947105298760801,10600,1060
"10601",0.952479145074752,10600,1060
"10602",0.946453302503084,10600,1060
"10603",0.95331675057685,10600,1060
"10604",0.959165189032927,10600,1060
"10605",0.94564036828561,10600,1060
"10606",0.955968589612294,10600,1060
"10607",0.958195128379745,10600,1060
"10608",0.954727962436487,10600,1060
"10609",0.949508600719621,10600,1060
"10610",0.962950871850591,10600,1060
"10611",0.953737287540176,10600,1060
"10612",0.956863477886138,10600,1060
"10613",0.950546742293194,10600,1060
"10614",0.95579614443069,10600,1060
"10615",0.9564059179117,10600,1060
"10616",0.949430389557706,10600,1060
"10617",0.958894220375566,10600,1060
"10618",0.955223762141804,10600,1060
"10619",0.960736839437217,10600,1060
"10620",0.965145711059026,10600,1060
"10621",0.952424771826446,10600,1060
"10622",0.960410258096947,10600,1060
"10623",0.966743688023813,10600,1060
"10624",0.953214745957311,10600,1060
"10625",0.954021130848279,10600,1060
"10626",0.957330207274817,10600,1060
"10627",0.954422604827126,10600,1060
"10628",0.948946072804986,10600,1060
"10629",0.956412942931215,10600,1060
"10630",0.952442213499224,10600,1060
"10631",0.954202313974682,10600,1060
"10632",0.953315833566234,10600,1060
"10633",0.962173786072074,10600,1060
"10634",0.961059849723337,10600,1060
"10635",0.955045264676806,10600,1060
"10636",0.959074405746793,10600,1060
"10637",0.961865132649483,10600,1060
"10638",0.956110397171409,10600,1060
"10639",0.950827253411343,10600,1060
"10640",0.958792418660766,10600,1060
"10641",0.950452715109602,10600,1060
"10642",0.960361697687174,10600,1060
"10643",0.95991429299269,10600,1060
"10644",0.953984135105372,10600,1060
"10645",0.952904975415197,10600,1060
"10646",0.953941134275831,10600,1060
"10647",0.955900564584628,10600,1060
"10648",0.957824613078076,10600,1060
"10649",0.955508645166048,10600,1060
"10650",0.955929195487448,10600,1060
"10651",0.95500030188213,10600,1060
"10652",0.960353928359195,10600,1060
"10653",0.957018528318299,10600,1060
"10654",0.958481836917908,10600,1060
"10655",0.966420848190054,10600,1060
"10656",0.961926027171422,10600,1060
"10657",0.956652789786467,10600,1060
"10658",0.955314237461019,10600,1060
"10659",0.953912121170399,10600,1060
"10660",0.954932918451636,10600,1060
"10661",0.956340683256515,10600,1060
"10662",0.955740800245397,10600,1060
"10663",0.95988942525725,10600,1060
"10664",0.954547968301523,10600,1060
"10665",0.948913754232355,10600,1060
"10666",0.954487456471059,10600,1060
"10667",0.960041388440096,10600,1060
"10668",0.955670985076941,10600,1060
"10669",0.955942075908898,10600,1060
"10670",0.954550050515216,10600,1060
"10671",0.94924034725251,10600,1060
"10672",0.959326319688534,10600,1060
"10673",0.95870262191408,10600,1060
"10674",0.955741339940947,10600,1060
"10675",0.962072678795436,10600,1060
"10676",0.954872107272106,10600,1060
"10677",0.962833487912769,10600,1060
"10678",0.958648439654124,10600,1060
"10679",0.952563828191788,10600,1060
"10680",0.960957967033444,10600,1060
"10681",0.95020403096024,10600,1060
"10682",0.951790966095732,10600,1060
"10683",0.956195901457421,10600,1060
"10684",0.951431320817032,10600,1060
"10685",0.96654123441157,10600,1060
"10686",0.967714997229271,10600,1060
"10687",0.962610447808401,10600,1060
"10688",0.9557808366206,10600,1060
"10689",0.947063596302855,10600,1060
"10690",0.955817854028891,10600,1060
"10691",0.961903276787731,10600,1060
"10692",0.957296930368959,10600,1060
"10693",0.95279797153688,10600,1060
"10694",0.954978090240471,10600,1060
"10695",0.959078539026315,10600,1060
"10696",0.959208155487573,10600,1060
"10697",0.961854203644195,10600,1060
"10698",0.956055492876763,10600,1060
"10699",0.961242699223665,10600,1060
"10700",0.952105945254176,10600,1060
"10701",0.956996030802261,10600,1060
"10702",0.963202925695169,10600,1060
"10703",0.969689854302291,10600,1060
"10704",0.953922339962242,10600,1060
"10705",0.950488258145645,10600,1060
"10706",0.964088507407518,10600,1060
"10707",0.95394636663898,10600,1060
"10708",0.951465161702892,10600,1060
"10709",0.949552751708378,10600,1060
"10710",0.956942007500591,10600,1060
"10711",0.964307201448836,10600,1060
"10712",0.961576948447284,10600,1060
"10713",0.960943288234509,10600,1060
"10714",0.961259367029005,10600,1060
"10715",0.965721960168096,10600,1060
"10716",0.95400306750939,10600,1060
"10717",0.957810134259757,10600,1060
"10718",0.957525859414974,10600,1060
"10719",0.960393763133036,10600,1060
"10720",0.955021815601025,10600,1060
"10721",0.957827517279892,10600,1060
"10722",0.962355709187442,10600,1060
"10723",0.965299825649055,10600,1060
"10724",0.96393561046472,10600,1060
"10725",0.950764220537245,10600,1060
"10726",0.954065143101107,10600,1060
"10727",0.95150115387655,10600,1060
"10728",0.955368501955681,10600,1060
"10729",0.959337345959513,10600,1060
"10730",0.960180841034797,10600,1060
"10731",0.955458711707615,10600,1060
"10732",0.957323537943444,10600,1060
"10733",0.955019139427608,10600,1060
"10734",0.959895639801225,10600,1060
"10735",0.960999506732039,10600,1060
"10736",0.959023616011594,10600,1060
"10737",0.961899160961925,10600,1060
"10738",0.959220636366433,10600,1060
"10739",0.959811605162247,10600,1060
"10740",0.964232308914081,10600,1060
"10741",0.94842008552685,10600,1060
"10742",0.962006495729127,10600,1060
"10743",0.951435249344394,10600,1060
"10744",0.95261924106662,10600,1060
"10745",0.952516886800035,10600,1060
"10746",0.959529126979789,10600,1060
"10747",0.955389907173744,10600,1060
"10748",0.948302562358183,10600,1060
"10749",0.966045921167815,10600,1060
"10750",0.95206848818403,10600,1060
"10751",0.958994658988149,10600,1060
"10752",0.951389622992982,10600,1060
"10753",0.965276767543446,10600,1060
"10754",0.955411220860639,10600,1060
"10755",0.959836473611625,10600,1060
"10756",0.959888951825589,10600,1060
"10757",0.957232561956731,10600,1060
"10758",0.954953354854667,10600,1060
"10759",0.958607820933717,10600,1060
"10760",0.955148175193137,10600,1060
"10761",0.960476216603423,10600,1060
"10762",0.948511353253172,10600,1060
"10763",0.96011568468509,10600,1060
"10764",0.949349795715907,10600,1060
"10765",0.957340577558111,10600,1060
"10766",0.955658162520304,10600,1060
"10767",0.963597622013336,10600,1060
"10768",0.952538270438752,10600,1060
"10769",0.956131015027416,10600,1060
"10770",0.952288635799846,10600,1060
"10771",0.963948814618444,10600,1060
"10772",0.957285337454448,10600,1060
"10773",0.956807893403692,10600,1060
"10774",0.951729333647293,10600,1060
"10775",0.959158069870932,10600,1060
"10776",0.950915470835435,10600,1060
"10777",0.956860283044261,10600,1060
"10778",0.947943012378288,10600,1060
"10779",0.953517613813613,10600,1060
"10780",0.95756861334868,10600,1060
"10781",0.950971416710155,10600,1060
"10782",0.953790633207253,10600,1060
"10783",0.956761304604277,10600,1060
"10784",0.953017556348678,10600,1060
"10785",0.957691617345041,10600,1060
"10786",0.963792055969506,10600,1060
"10787",0.959318532133502,10600,1060
"10788",0.956335135864837,10600,1060
"10789",0.95614135187031,10600,1060
"10790",0.959376588693362,10600,1060
"10791",0.954162378469752,10600,1060
"10792",0.953476468441519,10600,1060
"10793",0.962948998624844,10600,1060
"10794",0.9585773389768,10600,1060
"10795",0.965896692963693,10600,1060
"10796",0.957294151429889,10600,1060
"10797",0.959587343382593,10600,1060
"10798",0.952591564351225,10600,1060
"10799",0.955446742599755,10600,1060
"10800",0.962239165198432,10600,1060
"10801",0.965235721020033,10600,1060
"10802",0.959877956698309,10600,1060
"10803",0.958769572054321,10600,1060
"10804",0.955570790758265,10600,1060
"10805",0.966477826786034,10600,1060
"10806",0.961514765338828,10600,1060
"10807",0.959523717058734,10600,1060
"10808",0.94851036542945,10600,1060
"10809",0.960902357862915,10600,1060
"10810",0.954751100253687,10600,1060
"10811",0.960999813682397,10600,1060
"10812",0.956884437661693,10600,1060
"10813",0.950172957590117,10600,1060
"10814",0.959128293546651,10600,1060
"10815",0.958971735519254,10600,1060
"10816",0.952853906482016,10600,1060
"10817",0.954060791578631,10600,1060
"10818",0.946424878799501,10600,1060
"10819",0.947639064096997,10600,1060
"10820",0.963853975619914,10600,1060
"10821",0.961280981897741,10600,1060
"10822",0.954507866380306,10600,1060
"10823",0.95763878071141,10600,1060
"10824",0.956132170576566,10600,1060
"10825",0.962408418565685,10600,1060
"10826",0.956337935836627,10600,1060
"10827",0.961251587766287,10600,1060
"10828",0.950258954988067,10600,1060
"10829",0.96090267299657,10600,1060
"10830",0.955838927840637,10600,1060
"10831",0.954650663414645,10600,1060
"10832",0.957001890413167,10600,1060
"10833",0.954430799103465,10600,1060
"10834",0.956314361721279,10600,1060
"10835",0.96359570352926,10600,1060
"10836",0.956326676348799,10600,1060
"10837",0.956334070560821,10600,1060
"10838",0.945569188437024,10600,1060
"10839",0.958690138661868,10600,1060
"10840",0.95231533849127,10600,1060
"10841",0.954922876517523,10600,1060
"10842",0.945641196128955,10600,1060
"10843",0.956516580277139,10600,1060
"10844",0.956576956808583,10600,1060
"10845",0.957104689795775,10600,1060
"10846",0.956463898814929,10600,1060
"10847",0.95930531291465,10600,1060
"10848",0.956394339423887,10600,1060
"10849",0.947992113339929,10600,1060
"10850",0.951504041868329,10600,1060
"10851",0.961078065023268,10600,1060
"10852",0.956388365488827,10600,1060
"10853",0.953283060215134,10600,1060
"10854",0.959666013425164,10600,1060
"10855",0.951522550694993,10600,1060
"10856",0.949960544106039,10600,1060
"10857",0.957476935611691,10600,1060
"10858",0.962568232201411,10600,1060
"10859",0.963133088205709,10600,1060
"10860",0.957212226652243,10600,1060
"10861",0.957941790321075,10600,1060
"10862",0.959299803367123,10600,1060
"10863",0.952451998962828,10600,1060
"10864",0.948889389810212,10600,1060
"10865",0.958491504078783,10600,1060
"10866",0.954848885994685,10600,1060
"10867",0.954826373983102,10600,1060
"10868",0.950083661948163,10600,1060
"10869",0.952718311878982,10600,1060
"10870",0.955938821049156,10600,1060
"10871",0.954851863502064,10600,1060
"10872",0.966172359529412,10600,1060
"10873",0.955677598917203,10600,1060
"10874",0.954391415853852,10600,1060
"10875",0.957774582449484,10600,1060
"10876",0.961241833425634,10600,1060
"10877",0.952050177757588,10600,1060
"10878",0.96223263641657,10600,1060
"10879",0.951652646796343,10600,1060
"10880",0.960419449084263,10600,1060
"10881",0.952999696641394,10600,1060
"10882",0.954163691283294,10600,1060
"10883",0.956435839112865,10600,1060
"10884",0.948653134103081,10600,1060
"10885",0.952447011730643,10600,1060
"10886",0.964885581630825,10600,1060
"10887",0.957135339460919,10600,1060
"10888",0.962579240507985,10600,1060
"10889",0.958290186781421,10600,1060
"10890",0.960931310967328,10600,1060
"10891",0.957048047383445,10600,1060
"10892",0.958314135313888,10600,1060
"10893",0.958216529883703,10600,1060
"10894",0.960884066742469,10600,1060
"10895",0.962000385765275,10600,1060
"10896",0.952925913367847,10600,1060
"10897",0.95102933105867,10600,1060
"10898",0.959024300485577,10600,1060
"10899",0.958205953106822,10600,1060
"10900",0.949679842792862,10600,1060
"10901",0.956938547012994,10600,1060
"10902",0.961681219905354,10600,1060
"10903",0.952760021542366,10600,1060
"10904",0.95308729839407,10600,1060
"10905",0.958052355757588,10600,1060
"10906",0.963278480076677,10600,1060
"10907",0.960005506562654,10600,1060
"10908",0.962488084849154,10600,1060
"10909",0.953645868409031,10600,1060
"10910",0.962114580055579,10600,1060
"10911",0.95405769669339,10600,1060
"10912",0.956875076300865,10600,1060
"10913",0.959969458186641,10600,1060
"10914",0.958191224586853,10600,1060
"10915",0.961984029622628,10600,1060
"10916",0.968271692078576,10600,1060
"10917",0.962810829566434,10600,1060
"10918",0.956595571402159,10600,1060
"10919",0.951004802921081,10600,1060
"10920",0.95559116332099,10600,1060
"10921",0.958761953521775,10600,1060
"10922",0.955364884080559,10600,1060
"10923",0.959060390847972,10600,1060
"10924",0.961359074290483,10600,1060
"10925",0.953492872034761,10600,1060
"10926",0.959554323347742,10600,1060
"10927",0.957160080765803,10600,1060
"10928",0.952429440751556,10600,1060
"10929",0.955120880468588,10600,1060
"10930",0.96093020411762,10600,1060
"10931",0.952466378940768,10600,1060
"10932",0.962243948307626,10600,1060
"10933",0.960323223971023,10600,1060
"10934",0.958158201495248,10600,1060
"10935",0.949107762145113,10600,1060
"10936",0.961738798865597,10600,1060
"10937",0.962896307629805,10600,1060
"10938",0.957768217584544,10600,1060
"10939",0.951469544994162,10600,1060
"10940",0.950274523715888,10600,1060
"10941",0.958940041951247,10600,1060
"10942",0.955422883126887,10600,1060
"10943",0.956614811308562,10600,1060
"10944",0.960812026241568,10600,1060
"10945",0.955754115170877,10600,1060
"10946",0.947043534831247,10600,1060
"10947",0.960103145054094,10600,1060
"10948",0.955510854094687,10600,1060
"10949",0.956570182093469,10600,1060
"10950",0.959810328467261,10600,1060
"10951",0.958797089668992,10600,1060
"10952",0.953013287723061,10600,1060
"10953",0.945125675250422,10600,1060
"10954",0.957601056329721,10600,1060
"10955",0.960335475999528,10600,1060
"10956",0.955997500459746,10600,1060
"10957",0.956535906113886,10600,1060
"10958",0.949311828861367,10600,1060
"10959",0.95492577935596,10600,1060
"10960",0.953593883000162,10600,1060
"10961",0.952702409913102,10600,1060
"10962",0.954835178100634,10600,1060
"10963",0.952823188275402,10600,1060
"10964",0.955729012636117,10600,1060
"10965",0.957699385597058,10600,1060
"10966",0.956917951873325,10600,1060
"10967",0.964447044095988,10600,1060
"10968",0.955104513317969,10600,1060
"10969",0.957908529978926,10600,1060
"10970",0.953479952975518,10600,1060
"10971",0.96669959807003,10600,1060
"10972",0.958873328241346,10600,1060
"10973",0.960630143554155,10600,1060
"10974",0.951242104871081,10600,1060
"10975",0.961154474486383,10600,1060
"10976",0.948746166571183,10600,1060
"10977",0.964084167282598,10600,1060
"10978",0.962238911941314,10600,1060
"10979",0.96494326944641,10600,1060
"10980",0.958536100730722,10600,1060
"10981",0.952476749972718,10600,1060
"10982",0.9583643364846,10600,1060
"10983",0.960257873602686,10600,1060
"10984",0.960534355455794,10600,1060
"10985",0.950017023811728,10600,1060
"10986",0.953112168446092,10600,1060
"10987",0.962405788288033,10600,1060
"10988",0.961502915583075,10600,1060
"10989",0.951201338390539,10600,1060
"10990",0.95897032620768,10600,1060
"10991",0.955018989463847,10600,1060
"10992",0.955224166541494,10600,1060
"10993",0.959374154375929,10600,1060
"10994",0.956576033568396,10600,1060
"10995",0.948846814860034,10600,1060
"10996",0.952207873898497,10600,1060
"10997",0.955350666839856,10600,1060
"10998",0.959245926907283,10600,1060
"10999",0.963433925004375,10600,1060
"11000",0.961293672778542,10600,1060
"11001",0.954298603188029,10600,1060
"11002",0.962267122710604,11100,1110
"11003",0.958220260615785,11100,1110
"11004",0.955886196722785,11100,1110
"11005",0.961842593273528,11100,1110
"11006",0.959481659734565,11100,1110
"11007",0.959107089428036,11100,1110
"11008",0.960592842137115,11100,1110
"11009",0.959765234115156,11100,1110
"11010",0.951921416683408,11100,1110
"11011",0.958942618969966,11100,1110
"11012",0.959082170853913,11100,1110
"11013",0.961754281972872,11100,1110
"11014",0.95856781344065,11100,1110
"11015",0.969439072754725,11100,1110
"11016",0.954866331370454,11100,1110
"11017",0.961870349562472,11100,1110
"11018",0.955444703134646,11100,1110
"11019",0.964114461423589,11100,1110
"11020",0.964754924096223,11100,1110
"11021",0.969213680195579,11100,1110
"11022",0.961765782481033,11100,1110
"11023",0.960412288487474,11100,1110
"11024",0.959336636515872,11100,1110
"11025",0.955905713536932,11100,1110
"11026",0.96610224191122,11100,1110
"11027",0.962365243894026,11100,1110
"11028",0.96119880982473,11100,1110
"11029",0.960822017856086,11100,1110
"11030",0.956720943011656,11100,1110
"11031",0.956293147766418,11100,1110
"11032",0.953947019434014,11100,1110
"11033",0.957719577422457,11100,1110
"11034",0.959472642650916,11100,1110
"11035",0.949860112192137,11100,1110
"11036",0.959318841332225,11100,1110
"11037",0.959900243177378,11100,1110
"11038",0.961762446613164,11100,1110
"11039",0.948584876834575,11100,1110
"11040",0.961034338757992,11100,1110
"11041",0.957655755857788,11100,1110
"11042",0.957234813018625,11100,1110
"11043",0.96146283671459,11100,1110
"11044",0.95996894605405,11100,1110
"11045",0.960137198334564,11100,1110
"11046",0.948279706514253,11100,1110
"11047",0.958374172215516,11100,1110
"11048",0.9608638105522,11100,1110
"11049",0.957360006068479,11100,1110
"11050",0.963478125491986,11100,1110
"11051",0.957145381425355,11100,1110
"11052",0.961448965956659,11100,1110
"11053",0.959926340756681,11100,1110
"11054",0.955196223162856,11100,1110
"11055",0.966106790046907,11100,1110
"11056",0.962786426594502,11100,1110
"11057",0.9647342749433,11100,1110
"11058",0.956792608049671,11100,1110
"11059",0.96131596341411,11100,1110
"11060",0.955898355501484,11100,1110
"11061",0.966341947606045,11100,1110
"11062",0.956219119796612,11100,1110
"11063",0.95813541889108,11100,1110
"11064",0.953133601832335,11100,1110
"11065",0.956628700595534,11100,1110
"11066",0.954871670938857,11100,1110
"11067",0.963655145327623,11100,1110
"11068",0.957337403240687,11100,1110
"11069",0.963823694077116,11100,1110
"11070",0.960243982905667,11100,1110
"11071",0.961468167872582,11100,1110
"11072",0.954871576454508,11100,1110
"11073",0.958685379907442,11100,1110
"11074",0.959258053281874,11100,1110
"11075",0.954722866570673,11100,1110
"11076",0.951479525738389,11100,1110
"11077",0.964211000354262,11100,1110
"11078",0.956907607203599,11100,1110
"11079",0.960140648592822,11100,1110
"11080",0.958623397938039,11100,1110
"11081",0.960448566201034,11100,1110
"11082",0.968095204693565,11100,1110
"11083",0.952790112451068,11100,1110
"11084",0.951411427574296,11100,1110
"11085",0.955264109310251,11100,1110
"11086",0.959429328847855,11100,1110
"11087",0.953809094893299,11100,1110
"11088",0.959223807441061,11100,1110
"11089",0.961249840335852,11100,1110
"11090",0.958110084094309,11100,1110
"11091",0.961596681290635,11100,1110
"11092",0.958581887712943,11100,1110
"11093",0.96182517669437,11100,1110
"11094",0.951284576419015,11100,1110
"11095",0.949896571406924,11100,1110
"11096",0.953043419916672,11100,1110
"11097",0.962811291425903,11100,1110
"11098",0.95359268314691,11100,1110
"11099",0.955411547564317,11100,1110
"11100",0.953537337749065,11100,1110
"11101",0.954383086025216,11100,1110
"11102",0.957181606062967,11100,1110
"11103",0.960577162469856,11100,1110
"11104",0.95375834221054,11100,1110
"11105",0.961049517690415,11100,1110
"11106",0.962470369802756,11100,1110
"11107",0.959705005695408,11100,1110
"11108",0.956214284133343,11100,1110
"11109",0.958106002109607,11100,1110
"11110",0.958537487646313,11100,1110
"11111",0.9623264489897,11100,1110
"11112",0.957675174149701,11100,1110
"11113",0.95281528976756,11100,1110
"11114",0.955781695040828,11100,1110
"11115",0.960262095789612,11100,1110
"11116",0.957685807349475,11100,1110
"11117",0.964838868109246,11100,1110
"11118",0.953209159624447,11100,1110
"11119",0.952273564109531,11100,1110
"11120",0.955244167699897,11100,1110
"11121",0.961960231759832,11100,1110
"11122",0.967361555159249,11100,1110
"11123",0.95425414359032,11100,1110
"11124",0.957771598825152,11100,1110
"11125",0.960718738919461,11100,1110
"11126",0.957460266564138,11100,1110
"11127",0.960595429535357,11100,1110
"11128",0.963129094857231,11100,1110
"11129",0.955347681457592,11100,1110
"11130",0.949731961588382,11100,1110
"11131",0.962062310601048,11100,1110
"11132",0.956342754374593,11100,1110
"11133",0.957944624950779,11100,1110
"11134",0.960147725514065,11100,1110
"11135",0.959380818274014,11100,1110
"11136",0.958549400259634,11100,1110
"11137",0.95484224469453,11100,1110
"11138",0.958662095186888,11100,1110
"11139",0.95890656077921,11100,1110
"11140",0.959538322346652,11100,1110
"11141",0.950785457175393,11100,1110
"11142",0.956685399946374,11100,1110
"11143",0.955720060845719,11100,1110
"11144",0.957995368744369,11100,1110
"11145",0.95660978872121,11100,1110
"11146",0.956148253459863,11100,1110
"11147",0.963086018666863,11100,1110
"11148",0.960920558415362,11100,1110
"11149",0.960004500821079,11100,1110
"11150",0.962269062261076,11100,1110
"11151",0.964233106929888,11100,1110
"11152",0.960085416974429,11100,1110
"11153",0.959021299571192,11100,1110
"11154",0.962201420232371,11100,1110
"11155",0.959047623214472,11100,1110
"11156",0.956475375850055,11100,1110
"11157",0.950345722476919,11100,1110
"11158",0.957354427324082,11100,1110
"11159",0.958528691170601,11100,1110
"11160",0.955888472070439,11100,1110
"11161",0.956218768404409,11100,1110
"11162",0.961118132516085,11100,1110
"11163",0.956008526179868,11100,1110
"11164",0.952974086127241,11100,1110
"11165",0.953917231304738,11100,1110
"11166",0.955175144311165,11100,1110
"11167",0.954900510655552,11100,1110
"11168",0.954198335583707,11100,1110
"11169",0.956315043833895,11100,1110
"11170",0.953912779440802,11100,1110
"11171",0.959782393237019,11100,1110
"11172",0.953315848649972,11100,1110
"11173",0.956182284588094,11100,1110
"11174",0.960744068288912,11100,1110
"11175",0.957556782263146,11100,1110
"11176",0.957931842400672,11100,1110
"11177",0.956502872241778,11100,1110
"11178",0.960568707708369,11100,1110
"11179",0.953188591916862,11100,1110
"11180",0.95417671221643,11100,1110
"11181",0.960579389082926,11100,1110
"11182",0.956392150072274,11100,1110
"11183",0.955655100258149,11100,1110
"11184",0.96127433189622,11100,1110
"11185",0.960736544188942,11100,1110
"11186",0.963359433549111,11100,1110
"11187",0.959771971090066,11100,1110
"11188",0.964884740529311,11100,1110
"11189",0.965509028759291,11100,1110
"11190",0.957648197923747,11100,1110
"11191",0.95342159879775,11100,1110
"11192",0.969343036647765,11100,1110
"11193",0.950244251457792,11100,1110
"11194",0.963368888214271,11100,1110
"11195",0.965131455375738,11100,1110
"11196",0.958070168227893,11100,1110
"11197",0.95693482390434,11100,1110
"11198",0.965706535927304,11100,1110
"11199",0.960973209506912,11100,1110
"11200",0.961291979422909,11100,1110
"11201",0.95818277550116,11100,1110
"11202",0.954733717635102,11100,1110
"11203",0.962445145128078,11100,1110
"11204",0.951345159716667,11100,1110
"11205",0.94660427054201,11100,1110
"11206",0.964908517409058,11100,1110
"11207",0.967719975947791,11100,1110
"11208",0.958805375830065,11100,1110
"11209",0.949360852397854,11100,1110
"11210",0.961940258469891,11100,1110
"11211",0.956795893197751,11100,1110
"11212",0.969084514349104,11100,1110
"11213",0.959037360883811,11100,1110
"11214",0.956397583018658,11100,1110
"11215",0.955359924909345,11100,1110
"11216",0.959627188257021,11100,1110
"11217",0.959355345096249,11100,1110
"11218",0.962532391951359,11100,1110
"11219",0.958135466294719,11100,1110
"11220",0.957042460310821,11100,1110
"11221",0.960555095852569,11100,1110
"11222",0.95967332908151,11100,1110
"11223",0.961395026069225,11100,1110
"11224",0.95865166410279,11100,1110
"11225",0.958397439860424,11100,1110
"11226",0.95947534451469,11100,1110
"11227",0.956664903438365,11100,1110
"11228",0.960255075884427,11100,1110
"11229",0.954734375109436,11100,1110
"11230",0.959330349233075,11100,1110
"11231",0.952448465602421,11100,1110
"11232",0.952425488360415,11100,1110
"11233",0.954906612103167,11100,1110
"11234",0.956140131324883,11100,1110
"11235",0.96067268124435,11100,1110
"11236",0.958294550493692,11100,1110
"11237",0.957488910763932,11100,1110
"11238",0.956037606137107,11100,1110
"11239",0.9621028333216,11100,1110
"11240",0.954469688038076,11100,1110
"11241",0.960731337854805,11100,1110
"11242",0.96075130918634,11100,1110
"11243",0.955620706019061,11100,1110
"11244",0.959406845427735,11100,1110
"11245",0.964661065118227,11100,1110
"11246",0.953384234038806,11100,1110
"11247",0.954098564801224,11100,1110
"11248",0.965521536602193,11100,1110
"11249",0.964452124367257,11100,1110
"11250",0.965609888088655,11100,1110
"11251",0.965724975523374,11100,1110
"11252",0.960847833125608,11100,1110
"11253",0.95214400049265,11100,1110
"11254",0.965265639407934,11100,1110
"11255",0.960820024829819,11100,1110
"11256",0.958474966088988,11100,1110
"11257",0.969397833977887,11100,1110
"11258",0.964699658255655,11100,1110
"11259",0.959471936725283,11100,1110
"11260",0.961868612869032,11100,1110
"11261",0.956720967757877,11100,1110
"11262",0.96173709637124,11100,1110
"11263",0.955560929833326,11100,1110
"11264",0.952686536638597,11100,1110
"11265",0.958488969547285,11100,1110
"11266",0.964528116128651,11100,1110
"11267",0.957842743572382,11100,1110
"11268",0.95512563514313,11100,1110
"11269",0.959325386908219,11100,1110
"11270",0.951044907990783,11100,1110
"11271",0.961394960694341,11100,1110
"11272",0.95951833153952,11100,1110
"11273",0.952315555391884,11100,1110
"11274",0.955269090866239,11100,1110
"11275",0.956567735084221,11100,1110
"11276",0.955967134641022,11100,1110
"11277",0.960060732113558,11100,1110
"11278",0.960946264801061,11100,1110
"11279",0.9615081245147,11100,1110
"11280",0.95237217329129,11100,1110
"11281",0.961154873159822,11100,1110
"11282",0.957114061407127,11100,1110
"11283",0.962780391136822,11100,1110
"11284",0.960493395480618,11100,1110
"11285",0.96109055909256,11100,1110
"11286",0.954867436160234,11100,1110
"11287",0.96130116020997,11100,1110
"11288",0.959353645463962,11100,1110
"11289",0.967892347460394,11100,1110
"11290",0.959328356166811,11100,1110
"11291",0.957915138197162,11100,1110
"11292",0.955562180716817,11100,1110
"11293",0.962990709818181,11100,1110
"11294",0.952313536705224,11100,1110
"11295",0.962934399786593,11100,1110
"11296",0.95645992434466,11100,1110
"11297",0.955804874229893,11100,1110
"11298",0.961327401893701,11100,1110
"11299",0.954511652164303,11100,1110
"11300",0.964033554411876,11100,1110
"11301",0.963693144756747,11100,1110
"11302",0.959413078767023,11100,1110
"11303",0.959280886382974,11100,1110
"11304",0.960301618804611,11100,1110
"11305",0.964658293524466,11100,1110
"11306",0.964111991471944,11100,1110
"11307",0.958669042427168,11100,1110
"11308",0.964449370166146,11100,1110
"11309",0.962288321825227,11100,1110
"11310",0.963451495111193,11100,1110
"11311",0.961399722838412,11100,1110
"11312",0.960286420700239,11100,1110
"11313",0.9621034688311,11100,1110
"11314",0.963496635233409,11100,1110
"11315",0.957447969504792,11100,1110
"11316",0.954250069946892,11100,1110
"11317",0.960091784914103,11100,1110
"11318",0.961639522892583,11100,1110
"11319",0.957110840894241,11100,1110
"11320",0.956383077865935,11100,1110
"11321",0.95535735682065,11100,1110
"11322",0.955788506807132,11100,1110
"11323",0.960666516564333,11100,1110
"11324",0.958879851995651,11100,1110
"11325",0.969328699330618,11100,1110
"11326",0.963583267725324,11100,1110
"11327",0.955346055748109,11100,1110
"11328",0.958678511650166,11100,1110
"11329",0.958393340341077,11100,1110
"11330",0.96024405416827,11100,1110
"11331",0.957467070048248,11100,1110
"11332",0.959144132142404,11100,1110
"11333",0.962991800589991,11100,1110
"11334",0.95380716812574,11100,1110
"11335",0.965175520638413,11100,1110
"11336",0.956042387028095,11100,1110
"11337",0.963036147138789,11100,1110
"11338",0.964492198037544,11100,1110
"11339",0.95796007783108,11100,1110
"11340",0.958020603645108,11100,1110
"11341",0.955615950763388,11100,1110
"11342",0.95064306621767,11100,1110
"11343",0.956726753572754,11100,1110
"11344",0.970137674731757,11100,1110
"11345",0.960412960353572,11100,1110
"11346",0.960763485162255,11100,1110
"11347",0.950674295338481,11100,1110
"11348",0.960286744490777,11100,1110
"11349",0.963139143283816,11100,1110
"11350",0.961686885724737,11100,1110
"11351",0.960612503545288,11100,1110
"11352",0.956795398065517,11100,1110
"11353",0.949582999932995,11100,1110
"11354",0.966773860134919,11100,1110
"11355",0.95078430974133,11100,1110
"11356",0.958571939187037,11100,1110
"11357",0.966217293002563,11100,1110
"11358",0.966423879088133,11100,1110
"11359",0.955883646193292,11100,1110
"11360",0.959238414034118,11100,1110
"11361",0.96165700596562,11100,1110
"11362",0.963977448760012,11100,1110
"11363",0.952591957311593,11100,1110
"11364",0.950904924002433,11100,1110
"11365",0.952210174770933,11100,1110
"11366",0.95862889228364,11100,1110
"11367",0.956081277382371,11100,1110
"11368",0.951323533122919,11100,1110
"11369",0.95389365857144,11100,1110
"11370",0.961263387323104,11100,1110
"11371",0.958614015983618,11100,1110
"11372",0.958190228068908,11100,1110
"11373",0.951695927348295,11100,1110
"11374",0.955677196605048,11100,1110
"11375",0.958624035578531,11100,1110
"11376",0.958371916451534,11100,1110
"11377",0.957567294312218,11100,1110
"11378",0.960597378099407,11100,1110
"11379",0.958626837848535,11100,1110
"11380",0.960975678878985,11100,1110
"11381",0.959847527028315,11100,1110
"11382",0.953402078533272,11100,1110
"11383",0.951427989490535,11100,1110
"11384",0.960023492882119,11100,1110
"11385",0.9567058611649,11100,1110
"11386",0.963138941067132,11100,1110
"11387",0.961326841970188,11100,1110
"11388",0.959168071793111,11100,1110
"11389",0.953292290739069,11100,1110
"11390",0.954176867424166,11100,1110
"11391",0.958914098302696,11100,1110
"11392",0.958033207231699,11100,1110
"11393",0.957235641213063,11100,1110
"11394",0.953043856057335,11100,1110
"11395",0.950140759086267,11100,1110
"11396",0.964061768535312,11100,1110
"11397",0.956639931563391,11100,1110
"11398",0.960407186779926,11100,1110
"11399",0.957275789512791,11100,1110
"11400",0.958598381097249,11100,1110
"11401",0.959068201658673,11100,1110
"11402",0.963242392204857,11100,1110
"11403",0.958729005245157,11100,1110
"11404",0.953668923069996,11100,1110
"11405",0.95910928082435,11100,1110
"11406",0.964840535240187,11100,1110
"11407",0.953937826288739,11100,1110
"11408",0.962544487848167,11100,1110
"11409",0.957654310644575,11100,1110
"11410",0.959181468101865,11100,1110
"11411",0.962020637885797,11100,1110
"11412",0.956972513012031,11100,1110
"11413",0.966557676509003,11100,1110
"11414",0.960214944363776,11100,1110
"11415",0.959779937393566,11100,1110
"11416",0.964110864974631,11100,1110
"11417",0.959802102389156,11100,1110
"11418",0.95296251219,11100,1110
"11419",0.95181792700425,11100,1110
"11420",0.956234442454639,11100,1110
"11421",0.961026222203772,11100,1110
"11422",0.963670362696018,11100,1110
"11423",0.953777806934618,11100,1110
"11424",0.955013962026667,11100,1110
"11425",0.955471309651189,11100,1110
"11426",0.961550805466138,11100,1110
"11427",0.964047025522332,11100,1110
"11428",0.957296935912052,11100,1110
"11429",0.964660114714106,11100,1110
"11430",0.958477032027468,11100,1110
"11431",0.961880563613011,11100,1110
"11432",0.951139285570768,11100,1110
"11433",0.960764805714039,11100,1110
"11434",0.956014191298461,11100,1110
"11435",0.962502309862723,11100,1110
"11436",0.953158787082548,11100,1110
"11437",0.966926727834919,11100,1110
"11438",0.955484168791228,11100,1110
"11439",0.953656133866304,11100,1110
"11440",0.961786101693438,11100,1110
"11441",0.953727822519747,11100,1110
"11442",0.957035213608131,11100,1110
"11443",0.956616431382217,11100,1110
"11444",0.957884620264153,11100,1110
"11445",0.953927989701056,11100,1110
"11446",0.957602872023707,11100,1110
"11447",0.948053770818231,11100,1110
"11448",0.948553612333168,11100,1110
"11449",0.957552218152548,11100,1110
"11450",0.954724975439002,11100,1110
"11451",0.950007692994213,11100,1110
"11452",0.962136986424736,11100,1110
"11453",0.956123026090251,11100,1110
"11454",0.955831421250553,11100,1110
"11455",0.955603647943389,11100,1110
"11456",0.957107686360382,11100,1110
"11457",0.959838808419981,11100,1110
"11458",0.956141488219527,11100,1110
"11459",0.957545697113394,11100,1110
"11460",0.958634451354687,11100,1110
"11461",0.960774601597883,11100,1110
"11462",0.96650321666267,11100,1110
"11463",0.962504431991736,11100,1110
"11464",0.959264278312392,11100,1110
"11465",0.952016152155397,11100,1110
"11466",0.955519157062738,11100,1110
"11467",0.958949731149283,11100,1110
"11468",0.962864664530285,11100,1110
"11469",0.966522970794575,11100,1110
"11470",0.969196980765864,11100,1110
"11471",0.956774690811338,11100,1110
"11472",0.965034710075945,11100,1110
"11473",0.95696363059191,11100,1110
"11474",0.953883679570503,11100,1110
"11475",0.958838804172909,11100,1110
"11476",0.955277201864547,11100,1110
"11477",0.95839752424684,11100,1110
"11478",0.954943844047592,11100,1110
"11479",0.959169658628677,11100,1110
"11480",0.96149210706163,11100,1110
"11481",0.952663833028827,11100,1110
"11482",0.955884157568801,11100,1110
"11483",0.95971195021632,11100,1110
"11484",0.956142410673549,11100,1110
"11485",0.955918491445877,11100,1110
"11486",0.947716557171503,11100,1110
"11487",0.962017752715677,11100,1110
"11488",0.958392883942701,11100,1110
"11489",0.963156859337199,11100,1110
"11490",0.96091911795681,11100,1110
"11491",0.956483965263478,11100,1110
"11492",0.953697439654238,11100,1110
"11493",0.959944201824028,11100,1110
"11494",0.956574981185911,11100,1110
"11495",0.960890890338822,11100,1110
"11496",0.950278804270861,11100,1110
"11497",0.956513603077883,11100,1110
"11498",0.957607553976672,11100,1110
"11499",0.960363287142513,11100,1110
"11500",0.961742375556578,11100,1110
"11501",0.965053767728774,11100,1110
"11502",0.957574173620421,11600,1160
"11503",0.954643253482699,11600,1160
"11504",0.957948317249464,11600,1160
"11505",0.961244123286279,11600,1160
"11506",0.955478649702091,11600,1160
"11507",0.95633879482442,11600,1160
"11508",0.961437127647116,11600,1160
"11509",0.953663171832293,11600,1160
"11510",0.961852573440405,11600,1160
"11511",0.962765502995088,11600,1160
"11512",0.965682871657711,11600,1160
"11513",0.963799003111154,11600,1160
"11514",0.960997696577836,11600,1160
"11515",0.958482319465127,11600,1160
"11516",0.959693789407651,11600,1160
"11517",0.956154481634725,11600,1160
"11518",0.956737403361752,11600,1160
"11519",0.970034976899212,11600,1160
"11520",0.96472592974421,11600,1160
"11521",0.964550433990118,11600,1160
"11522",0.961056745217683,11600,1160
"11523",0.961492898617953,11600,1160
"11524",0.964495262432649,11600,1160
"11525",0.958682412698619,11600,1160
"11526",0.962649072919625,11600,1160
"11527",0.951937928382264,11600,1160
"11528",0.963552101144847,11600,1160
"11529",0.956578531282259,11600,1160
"11530",0.960107413732056,11600,1160
"11531",0.950316875013956,11600,1160
"11532",0.956408475477816,11600,1160
"11533",0.95464544991016,11600,1160
"11534",0.956509678669301,11600,1160
"11535",0.954143228276805,11600,1160
"11536",0.955790319728922,11600,1160
"11537",0.958068698688042,11600,1160
"11538",0.962169410715054,11600,1160
"11539",0.964740597074964,11600,1160
"11540",0.96307521212381,11600,1160
"11541",0.953163930036856,11600,1160
"11542",0.960340514740415,11600,1160
"11543",0.960643981868069,11600,1160
"11544",0.961739902603929,11600,1160
"11545",0.956019325537645,11600,1160
"11546",0.965797668219227,11600,1160
"11547",0.957447212804877,11600,1160
"11548",0.959653100981402,11600,1160
"11549",0.959694263578419,11600,1160
"11550",0.963250573552092,11600,1160
"11551",0.962632985716773,11600,1160
"11552",0.958843530965524,11600,1160
"11553",0.964295733260311,11600,1160
"11554",0.953709546782125,11600,1160
"11555",0.956149945021397,11600,1160
"11556",0.961178351338289,11600,1160
"11557",0.95752049098877,11600,1160
"11558",0.961857052713808,11600,1160
"11559",0.958405837875025,11600,1160
"11560",0.959206184015601,11600,1160
"11561",0.948548295384462,11600,1160
"11562",0.964040612677594,11600,1160
"11563",0.968015704865599,11600,1160
"11564",0.967792359364795,11600,1160
"11565",0.964910285810719,11600,1160
"11566",0.961064658037789,11600,1160
"11567",0.962410067032808,11600,1160
"11568",0.962999707158857,11600,1160
"11569",0.960835887056994,11600,1160
"11570",0.95845790752585,11600,1160
"11571",0.962074471011791,11600,1160
"11572",0.958170321369772,11600,1160
"11573",0.963267218202097,11600,1160
"11574",0.967125735084785,11600,1160
"11575",0.955559266166195,11600,1160
"11576",0.968209001153605,11600,1160
"11577",0.964442801464889,11600,1160
"11578",0.961435395207593,11600,1160
"11579",0.960522483626674,11600,1160
"11580",0.955661893212043,11600,1160
"11581",0.95932242120537,11600,1160
"11582",0.960108128043543,11600,1160
"11583",0.956842043796785,11600,1160
"11584",0.962944501618679,11600,1160
"11585",0.969203462802793,11600,1160
"11586",0.958867639277119,11600,1160
"11587",0.957565870049509,11600,1160
"11588",0.959681293591026,11600,1160
"11589",0.949938225971622,11600,1160
"11590",0.961384060885588,11600,1160
"11591",0.969041920405192,11600,1160
"11592",0.963102472317348,11600,1160
"11593",0.958969481117116,11600,1160
"11594",0.962081987600065,11600,1160
"11595",0.961701197946684,11600,1160
"11596",0.9642215798796,11600,1160
"11597",0.960764665867138,11600,1160
"11598",0.948207987278324,11600,1160
"11599",0.966729362376591,11600,1160
"11600",0.959058181331783,11600,1160
"11601",0.954480048276519,11600,1160
"11602",0.959252392572753,11600,1160
"11603",0.961325417686479,11600,1160
"11604",0.961508788715314,11600,1160
"11605",0.954992586334013,11600,1160
"11606",0.960996877582471,11600,1160
"11607",0.961715652078664,11600,1160
"11608",0.956879197615442,11600,1160
"11609",0.956766976916725,11600,1160
"11610",0.961359180947412,11600,1160
"11611",0.961423404862875,11600,1160
"11612",0.963597629209024,11600,1160
"11613",0.960093003195281,11600,1160
"11614",0.958157255650582,11600,1160
"11615",0.96161652399868,11600,1160
"11616",0.968102906725855,11600,1160
"11617",0.957415921305371,11600,1160
"11618",0.961265479343206,11600,1160
"11619",0.961024579259676,11600,1160
"11620",0.960192182357345,11600,1160
"11621",0.969222172502154,11600,1160
"11622",0.962642451414774,11600,1160
"11623",0.961217912817603,11600,1160
"11624",0.959634512964918,11600,1160
"11625",0.959927271244738,11600,1160
"11626",0.9628083115699,11600,1160
"11627",0.959223148083969,11600,1160
"11628",0.965283136485915,11600,1160
"11629",0.966618505169721,11600,1160
"11630",0.961887146812787,11600,1160
"11631",0.958933806228743,11600,1160
"11632",0.955551541470434,11600,1160
"11633",0.951711154689004,11600,1160
"11634",0.963950806589573,11600,1160
"11635",0.95468270268674,11600,1160
"11636",0.958556135574972,11600,1160
"11637",0.958049485326113,11600,1160
"11638",0.95941353575406,11600,1160
"11639",0.95987257835176,11600,1160
"11640",0.956077578354547,11600,1160
"11641",0.958569847804985,11600,1160
"11642",0.958661923152513,11600,1160
"11643",0.960987442716775,11600,1160
"11644",0.959036510448723,11600,1160
"11645",0.960439312439072,11600,1160
"11646",0.955532483409505,11600,1160
"11647",0.953495945154016,11600,1160
"11648",0.957797345029193,11600,1160
"11649",0.971722658355466,11600,1160
"11650",0.956918866119665,11600,1160
"11651",0.952759611647276,11600,1160
"11652",0.961397389246329,11600,1160
"11653",0.957925849744929,11600,1160
"11654",0.963652848308028,11600,1160
"11655",0.96093162233386,11600,1160
"11656",0.95806836466685,11600,1160
"11657",0.964189347305933,11600,1160
"11658",0.95865796964822,11600,1160
"11659",0.959148154942777,11600,1160
"11660",0.964005611523395,11600,1160
"11661",0.959363171493939,11600,1160
"11662",0.961277685531954,11600,1160
"11663",0.956261047267885,11600,1160
"11664",0.95738338414802,11600,1160
"11665",0.960680958326019,11600,1160
"11666",0.946813873873358,11600,1160
"11667",0.960675877494291,11600,1160
"11668",0.961251529645929,11600,1160
"11669",0.96182721217955,11600,1160
"11670",0.958621853702578,11600,1160
"11671",0.958248802301983,11600,1160
"11672",0.965992210028424,11600,1160
"11673",0.962701647613017,11600,1160
"11674",0.955599358444418,11600,1160
"11675",0.954980399252236,11600,1160
"11676",0.963351400687773,11600,1160
"11677",0.961217565850735,11600,1160
"11678",0.95540845459998,11600,1160
"11679",0.957957968216258,11600,1160
"11680",0.961777984559321,11600,1160
"11681",0.961528776361412,11600,1160
"11682",0.951246632653908,11600,1160
"11683",0.957163512596934,11600,1160
"11684",0.963538972349136,11600,1160
"11685",0.960929967972764,11600,1160
"11686",0.962488763199367,11600,1160
"11687",0.956034098779544,11600,1160
"11688",0.95969361573454,11600,1160
"11689",0.951983940127566,11600,1160
"11690",0.961359783687897,11600,1160
"11691",0.960011194624451,11600,1160
"11692",0.952446760184867,11600,1160
"11693",0.959018961300245,11600,1160
"11694",0.96220827032337,11600,1160
"11695",0.962661869613121,11600,1160
"11696",0.960699936590412,11600,1160
"11697",0.961402296035409,11600,1160
"11698",0.964042641926122,11600,1160
"11699",0.960833420977182,11600,1160
"11700",0.960045272714085,11600,1160
"11701",0.961260128620483,11600,1160
"11702",0.96354426647468,11600,1160
"11703",0.958398432103884,11600,1160
"11704",0.964391105713746,11600,1160
"11705",0.960484808747048,11600,1160
"11706",0.955869047434114,11600,1160
"11707",0.962738894842882,11600,1160
"11708",0.947408876250941,11600,1160
"11709",0.951046872486661,11600,1160
"11710",0.960673319141429,11600,1160
"11711",0.964670909703024,11600,1160
"11712",0.963785888024221,11600,1160
"11713",0.961842093171399,11600,1160
"11714",0.96186333919974,11600,1160
"11715",0.964461409675016,11600,1160
"11716",0.961654195453466,11600,1160
"11717",0.965481535729526,11600,1160
"11718",0.957527882767293,11600,1160
"11719",0.960639247610223,11600,1160
"11720",0.959257445128797,11600,1160
"11721",0.959601335944023,11600,1160
"11722",0.961561297732105,11600,1160
"11723",0.969471597821096,11600,1160
"11724",0.955607681998715,11600,1160
"11725",0.962169884651949,11600,1160
"11726",0.96199537758755,11600,1160
"11727",0.959272795954827,11600,1160
"11728",0.952066650542667,11600,1160
"11729",0.956102224375967,11600,1160
"11730",0.959196321799692,11600,1160
"11731",0.960228483949347,11600,1160
"11732",0.955822048466554,11600,1160
"11733",0.952025246347281,11600,1160
"11734",0.966961595141533,11600,1160
"11735",0.958521174667926,11600,1160
"11736",0.958605238250146,11600,1160
"11737",0.960203979730255,11600,1160
"11738",0.962268656147298,11600,1160
"11739",0.959905804666128,11600,1160
"11740",0.960115695720618,11600,1160
"11741",0.957737266208386,11600,1160
"11742",0.962754646425619,11600,1160
"11743",0.957807610727033,11600,1160
"11744",0.953846233186202,11600,1160
"11745",0.960472829614863,11600,1160
"11746",0.958927925810228,11600,1160
"11747",0.962763185710226,11600,1160
"11748",0.956415448522664,11600,1160
"11749",0.954652551451707,11600,1160
"11750",0.956085179417546,11600,1160
"11751",0.9605854098496,11600,1160
"11752",0.959266761336204,11600,1160
"11753",0.957770079439239,11600,1160
"11754",0.965729944882388,11600,1160
"11755",0.955938382615483,11600,1160
"11756",0.958950953857483,11600,1160
"11757",0.951558730786633,11600,1160
"11758",0.959554391547111,11600,1160
"11759",0.961651150604936,11600,1160
"11760",0.951537712942569,11600,1160
"11761",0.962199190498589,11600,1160
"11762",0.955494134145128,11600,1160
"11763",0.963754797114585,11600,1160
"11764",0.95940092798183,11600,1160
"11765",0.959271309733468,11600,1160
"11766",0.958001027202909,11600,1160
"11767",0.955812758979185,11600,1160
"11768",0.95966062257506,11600,1160
"11769",0.95944580688427,11600,1160
"11770",0.965947539699872,11600,1160
"11771",0.965356995506584,11600,1160
"11772",0.956574322865914,11600,1160
"11773",0.965334386779055,11600,1160
"11774",0.960504371898789,11600,1160
"11775",0.960616358843528,11600,1160
"11776",0.96181200642413,11600,1160
"11777",0.959696235327195,11600,1160
"11778",0.955638076814564,11600,1160
"11779",0.959927307760209,11600,1160
"11780",0.958186744129161,11600,1160
"11781",0.962377625873529,11600,1160
"11782",0.962058808065343,11600,1160
"11783",0.958865929039913,11600,1160
"11784",0.962303394227664,11600,1160
"11785",0.967898545674703,11600,1160
"11786",0.968896993881881,11600,1160
"11787",0.953777368958217,11600,1160
"11788",0.962259859485001,11600,1160
"11789",0.968278983766718,11600,1160
"11790",0.95971265624024,11600,1160
"11791",0.957349718239346,11600,1160
"11792",0.9649496614333,11600,1160
"11793",0.958747497336916,11600,1160
"11794",0.962601044932545,11600,1160
"11795",0.960628671988865,11600,1160
"11796",0.957623734773523,11600,1160
"11797",0.961357552721174,11600,1160
"11798",0.959670637469838,11600,1160
"11799",0.962548661099261,11600,1160
"11800",0.959687508687345,11600,1160
"11801",0.962660945131828,11600,1160
"11802",0.963619827199642,11600,1160
"11803",0.965271057126532,11600,1160
"11804",0.955621525942477,11600,1160
"11805",0.965156384916112,11600,1160
"11806",0.961289054411709,11600,1160
"11807",0.961058823491637,11600,1160
"11808",0.959220807910581,11600,1160
"11809",0.957267531784979,11600,1160
"11810",0.9456158282454,11600,1160
"11811",0.957246563375437,11600,1160
"11812",0.955868646495687,11600,1160
"11813",0.96043982280873,11600,1160
"11814",0.970745955173529,11600,1160
"11815",0.967373749686274,11600,1160
"11816",0.962919634584718,11600,1160
"11817",0.967209253383571,11600,1160
"11818",0.965575306672627,11600,1160
"11819",0.952790131754105,11600,1160
"11820",0.964035145660581,11600,1160
"11821",0.952396248932267,11600,1160
"11822",0.953295889260928,11600,1160
"11823",0.964025650940715,11600,1160
"11824",0.956427718267754,11600,1160
"11825",0.95841374438095,11600,1160
"11826",0.958154453333411,11600,1160
"11827",0.956366166218306,11600,1160
"11828",0.95640219692909,11600,1160
"11829",0.949614138021842,11600,1160
"11830",0.952658337542611,11600,1160
"11831",0.961072266886964,11600,1160
"11832",0.956375744443652,11600,1160
"11833",0.96819780171109,11600,1160
"11834",0.956109152980751,11600,1160
"11835",0.964536080394065,11600,1160
"11836",0.96162672321218,11600,1160
"11837",0.960605638460118,11600,1160
"11838",0.959059416236095,11600,1160
"11839",0.955596920091645,11600,1160
"11840",0.95716957041664,11600,1160
"11841",0.953406398591661,11600,1160
"11842",0.959224188843209,11600,1160
"11843",0.960379176222484,11600,1160
"11844",0.966661675959218,11600,1160
"11845",0.959388198968416,11600,1160
"11846",0.952450300659117,11600,1160
"11847",0.949491012014413,11600,1160
"11848",0.964865091788219,11600,1160
"11849",0.950701912492336,11600,1160
"11850",0.957045586719881,11600,1160
"11851",0.963131344503815,11600,1160
"11852",0.952582037255401,11600,1160
"11853",0.96386418676221,11600,1160
"11854",0.959922233154798,11600,1160
"11855",0.961267675846188,11600,1160
"11856",0.959433301253861,11600,1160
"11857",0.958552692942746,11600,1160
"11858",0.957307484268923,11600,1160
"11859",0.960242806550754,11600,1160
"11860",0.961239022985982,11600,1160
"11861",0.961463521151058,11600,1160
"11862",0.962864435205923,11600,1160
"11863",0.958469014982183,11600,1160
"11864",0.962851677965265,11600,1160
"11865",0.959167954133302,11600,1160
"11866",0.958098364926388,11600,1160
"11867",0.958727660972835,11600,1160
"11868",0.95951760091065,11600,1160
"11869",0.961594823232282,11600,1160
"11870",0.967843772314121,11600,1160
"11871",0.962821305341391,11600,1160
"11872",0.953393429077011,11600,1160
"11873",0.956813507648883,11600,1160
"11874",0.957892859560562,11600,1160
"11875",0.965209863979014,11600,1160
"11876",0.960620569877716,11600,1160
"11877",0.962843676228478,11600,1160
"11878",0.957619195301329,11600,1160
"11879",0.962759269284501,11600,1160
"11880",0.956161718531427,11600,1160
"11881",0.961086928191055,11600,1160
"11882",0.965598554523975,11600,1160
"11883",0.969156956761118,11600,1160
"11884",0.959417116164305,11600,1160
"11885",0.961594912326731,11600,1160
"11886",0.951958955782074,11600,1160
"11887",0.964217254322056,11600,1160
"11888",0.96369231207535,11600,1160
"11889",0.958571237113254,11600,1160
"11890",0.960438456629842,11600,1160
"11891",0.955008886277595,11600,1160
"11892",0.961078139198516,11600,1160
"11893",0.961107791751368,11600,1160
"11894",0.957181905124635,11600,1160
"11895",0.95810551616724,11600,1160
"11896",0.952171353707588,11600,1160
"11897",0.960006754061118,11600,1160
"11898",0.958503801840311,11600,1160
"11899",0.956286614824847,11600,1160
"11900",0.959785934856396,11600,1160
"11901",0.968599294010373,11600,1160
"11902",0.960535584950358,11600,1160
"11903",0.953662939259961,11600,1160
"11904",0.961366719260901,11600,1160
"11905",0.954027069713132,11600,1160
"11906",0.965345527804125,11600,1160
"11907",0.963415331283007,11600,1160
"11908",0.965126470203047,11600,1160
"11909",0.963527110179884,11600,1160
"11910",0.955940676919061,11600,1160
"11911",0.96236187128002,11600,1160
"11912",0.964459690827498,11600,1160
"11913",0.963064800523986,11600,1160
"11914",0.963046139840421,11600,1160
"11915",0.952238573231685,11600,1160
"11916",0.957957147951799,11600,1160
"11917",0.949974656215105,11600,1160
"11918",0.960024197643697,11600,1160
"11919",0.961234926073036,11600,1160
"11920",0.961943611571383,11600,1160
"11921",0.958618506126471,11600,1160
"11922",0.956578013698897,11600,1160
"11923",0.965493942065606,11600,1160
"11924",0.956608090720639,11600,1160
"11925",0.956182699430428,11600,1160
"11926",0.955033328424963,11600,1160
"11927",0.957092482245137,11600,1160
"11928",0.962329067331457,11600,1160
"11929",0.963722828454324,11600,1160
"11930",0.964921772589704,11600,1160
"11931",0.962386611647516,11600,1160
"11932",0.951022222160888,11600,1160
"11933",0.959026887424662,11600,1160
"11934",0.95943828876493,11600,1160
"11935",0.961553180707096,11600,1160
"11936",0.962049014216494,11600,1160
"11937",0.965052596436993,11600,1160
"11938",0.96159650267549,11600,1160
"11939",0.954897650148027,11600,1160
"11940",0.963962704740944,11600,1160
"11941",0.963008223233929,11600,1160
"11942",0.966898344411656,11600,1160
"11943",0.964819808912464,11600,1160
"11944",0.955051767383112,11600,1160
"11945",0.955142089157574,11600,1160
"11946",0.947198416150183,11600,1160
"11947",0.957264629905094,11600,1160
"11948",0.951323981781493,11600,1160
"11949",0.967619841036247,11600,1160
"11950",0.954950823637535,11600,1160
"11951",0.958080536644154,11600,1160
"11952",0.960885060221148,11600,1160
"11953",0.961037021414818,11600,1160
"11954",0.962868508187972,11600,1160
"11955",0.967785497277855,11600,1160
"11956",0.956999209490445,11600,1160
"11957",0.9633571228266,11600,1160
"11958",0.961334196875176,11600,1160
"11959",0.956272940382612,11600,1160
"11960",0.962707734415204,11600,1160
"11961",0.964513229101384,11600,1160
"11962",0.955923925845329,11600,1160
"11963",0.956004680534731,11600,1160
"11964",0.965994310717721,11600,1160
"11965",0.956473006219707,11600,1160
"11966",0.956877052659416,11600,1160
"11967",0.963438093665424,11600,1160
"11968",0.959083675113094,11600,1160
"11969",0.958415009068984,11600,1160
"11970",0.960193671262585,11600,1160
"11971",0.958550566711768,11600,1160
"11972",0.962699969621405,11600,1160
"11973",0.96101761644917,11600,1160
"11974",0.963159757137783,11600,1160
"11975",0.957595875132136,11600,1160
"11976",0.968402491821241,11600,1160
"11977",0.954029092776854,11600,1160
"11978",0.954902552776706,11600,1160
"11979",0.960511752158452,11600,1160
"11980",0.95623758042158,11600,1160
"11981",0.960144629336718,11600,1160
"11982",0.960801374495609,11600,1160
"11983",0.95522505678016,11600,1160
"11984",0.963935276088621,11600,1160
"11985",0.958992652195963,11600,1160
"11986",0.963903112958112,11600,1160
"11987",0.9633178807312,11600,1160
"11988",0.961945081583494,11600,1160
"11989",0.96081949482776,11600,1160
"11990",0.962449002306333,11600,1160
"11991",0.958233478118679,11600,1160
"11992",0.961561192721345,11600,1160
"11993",0.952387581468846,11600,1160
"11994",0.967121577571915,11600,1160
"11995",0.957124077204768,11600,1160
"11996",0.962546840061355,11600,1160
"11997",0.964071092607662,11600,1160
"11998",0.965443989924167,11600,1160
"11999",0.959201152970073,11600,1160
"12000",0.952966781365715,11600,1160
"12001",0.96113335471986,11600,1160
"12002",0.958874160967687,12100,1210
"12003",0.963165325237452,12100,1210
"12004",0.965536240588736,12100,1210
"12005",0.961614786975847,12100,1210
"12006",0.952693518290472,12100,1210
"12007",0.960112273523265,12100,1210
"12008",0.9624568326451,12100,1210
"12009",0.960139304527605,12100,1210
"12010",0.959287413733495,12100,1210
"12011",0.964491653017521,12100,1210
"12012",0.962797942798798,12100,1210
"12013",0.959773966734549,12100,1210
"12014",0.960608008028724,12100,1210
"12015",0.958878099742446,12100,1210
"12016",0.967474821743417,12100,1210
"12017",0.959628233927807,12100,1210
"12018",0.96211452351403,12100,1210
"12019",0.968638840582829,12100,1210
"12020",0.954581226888056,12100,1210
"12021",0.950376549206135,12100,1210
"12022",0.965579965858674,12100,1210
"12023",0.966691531586005,12100,1210
"12024",0.966143351696448,12100,1210
"12025",0.959203762159347,12100,1210
"12026",0.955911710069227,12100,1210
"12027",0.962255017487695,12100,1210
"12028",0.962466689837783,12100,1210
"12029",0.962936988866204,12100,1210
"12030",0.962484251178166,12100,1210
"12031",0.958986747995905,12100,1210
"12032",0.961286512284786,12100,1210
"12033",0.964734259653389,12100,1210
"12034",0.956856493238235,12100,1210
"12035",0.959066600016819,12100,1210
"12036",0.952457243395303,12100,1210
"12037",0.958433355745397,12100,1210
"12038",0.961019972263454,12100,1210
"12039",0.956164652382305,12100,1210
"12040",0.964832316953179,12100,1210
"12041",0.96144840498278,12100,1210
"12042",0.959430423077155,12100,1210
"12043",0.960203659799774,12100,1210
"12044",0.958213221649007,12100,1210
"12045",0.965346643873838,12100,1210
"12046",0.958136353076107,12100,1210
"12047",0.959241767211216,12100,1210
"12048",0.968101836382337,12100,1210
"12049",0.959281012925329,12100,1210
"12050",0.960774337870589,12100,1210
"12051",0.960922278639487,12100,1210
"12052",0.962486912823946,12100,1210
"12053",0.962409598049073,12100,1210
"12054",0.968654769647404,12100,1210
"12055",0.959422741042318,12100,1210
"12056",0.961241201228807,12100,1210
"12057",0.962555904410122,12100,1210
"12058",0.958630861380499,12100,1210
"12059",0.96411090938416,12100,1210
"12060",0.956077349233614,12100,1210
"12061",0.962514030028888,12100,1210
"12062",0.961404009669354,12100,1210
"12063",0.956516536494569,12100,1210
"12064",0.957930138863168,12100,1210
"12065",0.960764285948629,12100,1210
"12066",0.965805852721411,12100,1210
"12067",0.957307948648546,12100,1210
"12068",0.95601812185857,12100,1210
"12069",0.965100522787576,12100,1210
"12070",0.960966414446785,12100,1210
"12071",0.962808900558432,12100,1210
"12072",0.965219675911986,12100,1210
"12073",0.961890804949008,12100,1210
"12074",0.957803112425056,12100,1210
"12075",0.96639628445483,12100,1210
"12076",0.9593994076047,12100,1210
"12077",0.959236421997864,12100,1210
"12078",0.965407816252931,12100,1210
"12079",0.963238233921522,12100,1210
"12080",0.96176923651437,12100,1210
"12081",0.957499944250239,12100,1210
"12082",0.963883624702842,12100,1210
"12083",0.964038871969896,12100,1210
"12084",0.957215088762478,12100,1210
"12085",0.950856208838919,12100,1210
"12086",0.963380994798538,12100,1210
"12087",0.960530317100784,12100,1210
"12088",0.961946554026491,12100,1210
"12089",0.957443514986393,12100,1210
"12090",0.956688498907488,12100,1210
"12091",0.95477308851212,12100,1210
"12092",0.959757496606173,12100,1210
"12093",0.964265758854839,12100,1210
"12094",0.959393165262498,12100,1210
"12095",0.961735235156608,12100,1210
"12096",0.962655533158747,12100,1210
"12097",0.960441592578325,12100,1210
"12098",0.961752308728135,12100,1210
"12099",0.961406904724073,12100,1210
"12100",0.963938655794019,12100,1210
"12101",0.960565829538053,12100,1210
"12102",0.952131440556666,12100,1210
"12103",0.962205555940224,12100,1210
"12104",0.955728165661457,12100,1210
"12105",0.9590680623403,12100,1210
"12106",0.966540571309702,12100,1210
"12107",0.963915624282371,12100,1210
"12108",0.966251674976888,12100,1210
"12109",0.960419630495585,12100,1210
"12110",0.963839423417943,12100,1210
"12111",0.967249904554121,12100,1210
"12112",0.963521076974304,12100,1210
"12113",0.96158744930174,12100,1210
"12114",0.957278453907284,12100,1210
"12115",0.967590863336254,12100,1210
"12116",0.957061559104334,12100,1210
"12117",0.959578939540947,12100,1210
"12118",0.966202566000082,12100,1210
"12119",0.95930253937698,12100,1210
"12120",0.96188769889431,12100,1210
"12121",0.96673231879946,12100,1210
"12122",0.963052691282619,12100,1210
"12123",0.952142246025494,12100,1210
"12124",0.963492638185676,12100,1210
"12125",0.96620500686678,12100,1210
"12126",0.959954076221422,12100,1210
"12127",0.959607658361332,12100,1210
"12128",0.96151656332244,12100,1210
"12129",0.957722227460471,12100,1210
"12130",0.96548137478173,12100,1210
"12131",0.956411862217479,12100,1210
"12132",0.956427815513029,12100,1210
"12133",0.962548991739074,12100,1210
"12134",0.958649726592384,12100,1210
"12135",0.969056302483804,12100,1210
"12136",0.961847377921888,12100,1210
"12137",0.967237221504044,12100,1210
"12138",0.959278354219144,12100,1210
"12139",0.956533993911864,12100,1210
"12140",0.964943318258535,12100,1210
"12141",0.961402464565664,12100,1210
"12142",0.961015679687958,12100,1210
"12143",0.961687464859179,12100,1210
"12144",0.964132755070192,12100,1210
"12145",0.968333100133125,12100,1210
"12146",0.958988976008219,12100,1210
"12147",0.959543155026479,12100,1210
"12148",0.964901079492753,12100,1210
"12149",0.958206449793868,12100,1210
"12150",0.961304704033583,12100,1210
"12151",0.964433945200795,12100,1210
"12152",0.954960556373951,12100,1210
"12153",0.961576776846733,12100,1210
"12154",0.96526498966636,12100,1210
"12155",0.95886512421743,12100,1210
"12156",0.965782990158742,12100,1210
"12157",0.959533676231793,12100,1210
"12158",0.963221403143198,12100,1210
"12159",0.962670927893973,12100,1210
"12160",0.95764814316726,12100,1210
"12161",0.966386312451354,12100,1210
"12162",0.970253169201864,12100,1210
"12163",0.9661525035193,12100,1210
"12164",0.952594158066184,12100,1210
"12165",0.967811791236851,12100,1210
"12166",0.962271742212274,12100,1210
"12167",0.958393096989821,12100,1210
"12168",0.96529580141432,12100,1210
"12169",0.966193834431205,12100,1210
"12170",0.963114340458361,12100,1210
"12171",0.965219344948352,12100,1210
"12172",0.962393403409933,12100,1210
"12173",0.966892737069937,12100,1210
"12174",0.95993694681978,12100,1210
"12175",0.962667272951636,12100,1210
"12176",0.961893947773351,12100,1210
"12177",0.963366099105345,12100,1210
"12178",0.95639792550583,12100,1210
"12179",0.962048231203715,12100,1210
"12180",0.952916967398537,12100,1210
"12181",0.969350474879619,12100,1210
"12182",0.964818985122168,12100,1210
"12183",0.953695636261747,12100,1210
"12184",0.959626415642154,12100,1210
"12185",0.958052874589186,12100,1210
"12186",0.961066148180015,12100,1210
"12187",0.956987779374683,12100,1210
"12188",0.964241560660622,12100,1210
"12189",0.959470964315338,12100,1210
"12190",0.959554950980549,12100,1210
"12191",0.962765740267075,12100,1210
"12192",0.957900244592609,12100,1210
"12193",0.96693557113817,12100,1210
"12194",0.959370118307021,12100,1210
"12195",0.961750837878753,12100,1210
"12196",0.9636661969743,12100,1210
"12197",0.958300761639349,12100,1210
"12198",0.957007324425258,12100,1210
"12199",0.966623395206381,12100,1210
"12200",0.962304583898329,12100,1210
"12201",0.972068727221645,12100,1210
"12202",0.957574995013902,12100,1210
"12203",0.953219866070492,12100,1210
"12204",0.968033213795889,12100,1210
"12205",0.968126161428511,12100,1210
"12206",0.957753136194213,12100,1210
"12207",0.958952708186429,12100,1210
"12208",0.965978025324749,12100,1210
"12209",0.96361123587199,12100,1210
"12210",0.964891353335866,12100,1210
"12211",0.959509672078409,12100,1210
"12212",0.966072643167057,12100,1210
"12213",0.958041279710415,12100,1210
"12214",0.95628665288689,12100,1210
"12215",0.963833101073894,12100,1210
"12216",0.959749867887141,12100,1210
"12217",0.960269850573483,12100,1210
"12218",0.967843786906017,12100,1210
"12219",0.959773508546168,12100,1210
"12220",0.956545942081006,12100,1210
"12221",0.962034527847367,12100,1210
"12222",0.955578775344034,12100,1210
"12223",0.961961658275946,12100,1210
"12224",0.955765297327247,12100,1210
"12225",0.956028889629606,12100,1210
"12226",0.958487364922483,12100,1210
"12227",0.959126289955684,12100,1210
"12228",0.956313776884007,12100,1210
"12229",0.956633702072955,12100,1210
"12230",0.963837652391032,12100,1210
"12231",0.963238251406805,12100,1210
"12232",0.962349883505332,12100,1210
"12233",0.961032643375777,12100,1210
"12234",0.963800988982865,12100,1210
"12235",0.962908037413891,12100,1210
"12236",0.957256368801748,12100,1210
"12237",0.963744298608955,12100,1210
"12238",0.96267998107363,12100,1210
"12239",0.966357084906269,12100,1210
"12240",0.959112683434221,12100,1210
"12241",0.956878498789839,12100,1210
"12242",0.959202786779729,12100,1210
"12243",0.959875515675018,12100,1210
"12244",0.970283164484475,12100,1210
"12245",0.960241906095169,12100,1210
"12246",0.96203085770627,12100,1210
"12247",0.956336341801938,12100,1210
"12248",0.959521448232774,12100,1210
"12249",0.968086771324048,12100,1210
"12250",0.956788911658675,12100,1210
"12251",0.967558941840661,12100,1210
"12252",0.964346743245802,12100,1210
"12253",0.956415053042584,12100,1210
"12254",0.955758516426994,12100,1210
"12255",0.958926106933676,12100,1210
"12256",0.966834664349092,12100,1210
"12257",0.963382518380779,12100,1210
"12258",0.964122500281045,12100,1210
"12259",0.958847901426975,12100,1210
"12260",0.965619791627486,12100,1210
"12261",0.953720424282995,12100,1210
"12262",0.956732622442816,12100,1210
"12263",0.966963260390165,12100,1210
"12264",0.966042160323701,12100,1210
"12265",0.957673652097239,12100,1210
"12266",0.963259226875649,12100,1210
"12267",0.965265635920696,12100,1210
"12268",0.95995284241266,12100,1210
"12269",0.962065562049124,12100,1210
"12270",0.96515349427181,12100,1210
"12271",0.964230250383335,12100,1210
"12272",0.964318855165203,12100,1210
"12273",0.958123368622149,12100,1210
"12274",0.962694299465254,12100,1210
"12275",0.963239505336095,12100,1210
"12276",0.957704474524687,12100,1210
"12277",0.965520917441321,12100,1210
"12278",0.964524960689897,12100,1210
"12279",0.962413314078461,12100,1210
"12280",0.958271290251015,12100,1210
"12281",0.965100798828177,12100,1210
"12282",0.963280986410541,12100,1210
"12283",0.962165343151232,12100,1210
"12284",0.959993578887887,12100,1210
"12285",0.959406010543466,12100,1210
"12286",0.9593903213354,12100,1210
"12287",0.960228031069407,12100,1210
"12288",0.959810788006134,12100,1210
"12289",0.960499454486582,12100,1210
"12290",0.955877009806989,12100,1210
"12291",0.966631231216441,12100,1210
"12292",0.954760050925038,12100,1210
"12293",0.955698598615735,12100,1210
"12294",0.962441770182552,12100,1210
"12295",0.963906816655311,12100,1210
"12296",0.96292042075847,12100,1210
"12297",0.959122764684509,12100,1210
"12298",0.959292514547784,12100,1210
"12299",0.958869934955686,12100,1210
"12300",0.954128189264542,12100,1210
"12301",0.963491375605699,12100,1210
"12302",0.959930851889059,12100,1210
"12303",0.960021804828456,12100,1210
"12304",0.963422697527038,12100,1210
"12305",0.962674760139046,12100,1210
"12306",0.95896529494196,12100,1210
"12307",0.958560967658296,12100,1210
"12308",0.966934393343159,12100,1210
"12309",0.958256362355596,12100,1210
"12310",0.959547013441312,12100,1210
"12311",0.960081491153374,12100,1210
"12312",0.95317643848562,12100,1210
"12313",0.962885920747257,12100,1210
"12314",0.961350066646491,12100,1210
"12315",0.954497829661467,12100,1210
"12316",0.958576818322401,12100,1210
"12317",0.956500703290152,12100,1210
"12318",0.962599427778295,12100,1210
"12319",0.96332799832098,12100,1210
"12320",0.965575116157555,12100,1210
"12321",0.958927799745431,12100,1210
"12322",0.959335320936003,12100,1210
"12323",0.963443533153346,12100,1210
"12324",0.965318687431913,12100,1210
"12325",0.957043551396215,12100,1210
"12326",0.963364070589062,12100,1210
"12327",0.956052492151043,12100,1210
"12328",0.960172203626355,12100,1210
"12329",0.961423243917777,12100,1210
"12330",0.954855677533887,12100,1210
"12331",0.955949691242986,12100,1210
"12332",0.960992282557815,12100,1210
"12333",0.958008745315444,12100,1210
"12334",0.959067571495713,12100,1210
"12335",0.96360360444746,12100,1210
"12336",0.962159340113912,12100,1210
"12337",0.960319816457284,12100,1210
"12338",0.962969198071252,12100,1210
"12339",0.963016422430968,12100,1210
"12340",0.958377710932394,12100,1210
"12341",0.96283142950954,12100,1210
"12342",0.964340064396699,12100,1210
"12343",0.957874696496273,12100,1210
"12344",0.966781181312802,12100,1210
"12345",0.961438922063519,12100,1210
"12346",0.966957575309573,12100,1210
"12347",0.962896779842933,12100,1210
"12348",0.963876794274401,12100,1210
"12349",0.969749333360894,12100,1210
"12350",0.96739942294552,12100,1210
"12351",0.961939255171655,12100,1210
"12352",0.954816421504202,12100,1210
"12353",0.96795718489445,12100,1210
"12354",0.96722278110099,12100,1210
"12355",0.963862203282168,12100,1210
"12356",0.963517122460281,12100,1210
"12357",0.959433916593205,12100,1210
"12358",0.960038686224322,12100,1210
"12359",0.954563780953041,12100,1210
"12360",0.96350697045843,12100,1210
"12361",0.96125571992408,12100,1210
"12362",0.95799027442566,12100,1210
"12363",0.957298280701169,12100,1210
"12364",0.955792964467259,12100,1210
"12365",0.959382164235361,12100,1210
"12366",0.961083523610705,12100,1210
"12367",0.959833297962088,12100,1210
"12368",0.962322077151733,12100,1210
"12369",0.95704102824466,12100,1210
"12370",0.959506952949154,12100,1210
"12371",0.957867661246025,12100,1210
"12372",0.960885881353971,12100,1210
"12373",0.964011258775815,12100,1210
"12374",0.960961316612652,12100,1210
"12375",0.963012167415156,12100,1210
"12376",0.954866459290218,12100,1210
"12377",0.963892090793562,12100,1210
"12378",0.960356721742857,12100,1210
"12379",0.956863832888156,12100,1210
"12380",0.959081238544902,12100,1210
"12381",0.961035255676721,12100,1210
"12382",0.96059231709072,12100,1210
"12383",0.964514828136692,12100,1210
"12384",0.956629719554158,12100,1210
"12385",0.959238294114387,12100,1210
"12386",0.970002610203564,12100,1210
"12387",0.961469849237458,12100,1210
"12388",0.964996835056674,12100,1210
"12389",0.960182703120998,12100,1210
"12390",0.95893433710222,12100,1210
"12391",0.962426139215837,12100,1210
"12392",0.968740954482961,12100,1210
"12393",0.95611643595601,12100,1210
"12394",0.955744476998746,12100,1210
"12395",0.960409766125399,12100,1210
"12396",0.961136152764977,12100,1210
"12397",0.965552279920203,12100,1210
"12398",0.96689588623695,12100,1210
"12399",0.96416619518345,12100,1210
"12400",0.968090469155109,12100,1210
"12401",0.967067728378821,12100,1210
"12402",0.960952761794399,12100,1210
"12403",0.966492186048114,12100,1210
"12404",0.959688407366266,12100,1210
"12405",0.9596299003588,12100,1210
"12406",0.962197424951995,12100,1210
"12407",0.957027056220098,12100,1210
"12408",0.962713789212604,12100,1210
"12409",0.96663785884981,12100,1210
"12410",0.959119013163026,12100,1210
"12411",0.956923512598452,12100,1210
"12412",0.964954734733866,12100,1210
"12413",0.954095384855706,12100,1210
"12414",0.961242223444105,12100,1210
"12415",0.962410577787286,12100,1210
"12416",0.961903732602603,12100,1210
"12417",0.966211253395138,12100,1210
"12418",0.958579972669164,12100,1210
"12419",0.962350971911833,12100,1210
"12420",0.960462837670615,12100,1210
"12421",0.958957686390801,12100,1210
"12422",0.96079979926324,12100,1210
"12423",0.959438216176913,12100,1210
"12424",0.966700567807476,12100,1210
"12425",0.965613549853964,12100,1210
"12426",0.964812268832403,12100,1210
"12427",0.958511655492856,12100,1210
"12428",0.964985772552737,12100,1210
"12429",0.964597086467852,12100,1210
"12430",0.962328182075518,12100,1210
"12431",0.964374839531139,12100,1210
"12432",0.961524123461575,12100,1210
"12433",0.955171025952228,12100,1210
"12434",0.962008565094461,12100,1210
"12435",0.962646220221054,12100,1210
"12436",0.960167280063247,12100,1210
"12437",0.961052136964939,12100,1210
"12438",0.958072176194794,12100,1210
"12439",0.953566870336508,12100,1210
"12440",0.965833719388372,12100,1210
"12441",0.963090647744692,12100,1210
"12442",0.961567206685769,12100,1210
"12443",0.963716943434022,12100,1210
"12444",0.963737512991264,12100,1210
"12445",0.95931951272097,12100,1210
"12446",0.965090309815426,12100,1210
"12447",0.957098660377221,12100,1210
"12448",0.96166755095012,12100,1210
"12449",0.958498321745435,12100,1210
"12450",0.958776199898533,12100,1210
"12451",0.960388057626104,12100,1210
"12452",0.959860555866524,12100,1210
"12453",0.967774856166512,12100,1210
"12454",0.968174977193637,12100,1210
"12455",0.966934620898809,12100,1210
"12456",0.957402715095308,12100,1210
"12457",0.957309967455225,12100,1210
"12458",0.965050821775741,12100,1210
"12459",0.949768780314562,12100,1210
"12460",0.959512824973782,12100,1210
"12461",0.955942151391873,12100,1210
"12462",0.963228616779768,12100,1210
"12463",0.959105397529537,12100,1210
"12464",0.959437995042595,12100,1210
"12465",0.958920358107731,12100,1210
"12466",0.959956141068496,12100,1210
"12467",0.960002799700281,12100,1210
"12468",0.963693569528029,12100,1210
"12469",0.965335165807671,12100,1210
"12470",0.954837960873621,12100,1210
"12471",0.963416080440322,12100,1210
"12472",0.968001261014303,12100,1210
"12473",0.962415760338095,12100,1210
"12474",0.973894005724777,12100,1210
"12475",0.958992837521818,12100,1210
"12476",0.959701950402394,12100,1210
"12477",0.970877860160543,12100,1210
"12478",0.964712062360748,12100,1210
"12479",0.960065476481838,12100,1210
"12480",0.959600995676581,12100,1210
"12481",0.958087060013367,12100,1210
"12482",0.96186099120164,12100,1210
"12483",0.957929462945058,12100,1210
"12484",0.96101524146004,12100,1210
"12485",0.966586959848341,12100,1210
"12486",0.957132324630706,12100,1210
"12487",0.957135824348483,12100,1210
"12488",0.96004363907262,12100,1210
"12489",0.962988194958216,12100,1210
"12490",0.960425178253172,12100,1210
"12491",0.960532630975639,12100,1210
"12492",0.962758436569497,12100,1210
"12493",0.958344028819597,12100,1210
"12494",0.958611506190593,12100,1210
"12495",0.961922524323753,12100,1210
"12496",0.959831111053969,12100,1210
"12497",0.966970658397099,12100,1210
"12498",0.959136233350047,12100,1210
"12499",0.956471283179053,12100,1210
"12500",0.968788660748175,12100,1210
"12501",0.962358723074763,12100,1210
"12502",0.956507398781126,12600,1260
"12503",0.963534686505887,12600,1260
"12504",0.966724188135147,12600,1260
"12505",0.962414065107573,12600,1260
"12506",0.962953498823141,12600,1260
"12507",0.968897885478412,12600,1260
"12508",0.967808403023163,12600,1260
"12509",0.959600602661535,12600,1260
"12510",0.961519692251093,12600,1260
"12511",0.95925578024808,12600,1260
"12512",0.963490165627197,12600,1260
"12513",0.966181892298218,12600,1260
"12514",0.963294666634202,12600,1260
"12515",0.957907588039687,12600,1260
"12516",0.962648520458107,12600,1260
"12517",0.963612917508663,12600,1260
"12518",0.966120781437136,12600,1260
"12519",0.962372627506389,12600,1260
"12520",0.960950469499243,12600,1260
"12521",0.961856031382087,12600,1260
"12522",0.963167743196689,12600,1260
"12523",0.96397461155345,12600,1260
"12524",0.965908862606529,12600,1260
"12525",0.962950746168681,12600,1260
"12526",0.963917078158069,12600,1260
"12527",0.96002502952167,12600,1260
"12528",0.959181008138002,12600,1260
"12529",0.968203961657695,12600,1260
"12530",0.95888301255918,12600,1260
"12531",0.958167551040074,12600,1260
"12532",0.963000462392833,12600,1260
"12533",0.960462020038873,12600,1260
"12534",0.964955093038232,12600,1260
"12535",0.964306458891378,12600,1260
"12536",0.952752571511446,12600,1260
"12537",0.958732806452906,12600,1260
"12538",0.964566002507486,12600,1260
"12539",0.966438773617115,12600,1260
"12540",0.967273598054835,12600,1260
"12541",0.95522597356297,12600,1260
"12542",0.959727010806304,12600,1260
"12543",0.967216768365129,12600,1260
"12544",0.961446849814667,12600,1260
"12545",0.957153902522244,12600,1260
"12546",0.956931092613804,12600,1260
"12547",0.96524488911818,12600,1260
"12548",0.955107231641155,12600,1260
"12549",0.962787908843891,12600,1260
"12550",0.960123415793193,12600,1260
"12551",0.958202275313717,12600,1260
"12552",0.965620804809993,12600,1260
"12553",0.969123842683361,12600,1260
"12554",0.961901690894693,12600,1260
"12555",0.95984432302395,12600,1260
"12556",0.959700711515902,12600,1260
"12557",0.968010787541232,12600,1260
"12558",0.960317520469372,12600,1260
"12559",0.964914780244227,12600,1260
"12560",0.96496430591126,12600,1260
"12561",0.96897563837464,12600,1260
"12562",0.962223196629473,12600,1260
"12563",0.963343359278284,12600,1260
"12564",0.959141254572497,12600,1260
"12565",0.961578835952905,12600,1260
"12566",0.967329432674571,12600,1260
"12567",0.966915024484891,12600,1260
"12568",0.963888321840888,12600,1260
"12569",0.963714057199915,12600,1260
"12570",0.966159193878295,12600,1260
"12571",0.965468044707565,12600,1260
"12572",0.963297397238303,12600,1260
"12573",0.958410657304992,12600,1260
"12574",0.958602032890777,12600,1260
"12575",0.969332353335144,12600,1260
"12576",0.967635759283218,12600,1260
"12577",0.960790332698979,12600,1260
"12578",0.965222348110607,12600,1260
"12579",0.956120933051267,12600,1260
"12580",0.9645414667893,12600,1260
"12581",0.966669114204666,12600,1260
"12582",0.962216534128361,12600,1260
"12583",0.96046070640832,12600,1260
"12584",0.953890853020241,12600,1260
"12585",0.965127106053091,12600,1260
"12586",0.965470791835574,12600,1260
"12587",0.962596488631822,12600,1260
"12588",0.965316351905261,12600,1260
"12589",0.970416228818693,12600,1260
"12590",0.963099965424771,12600,1260
"12591",0.966082558659199,12600,1260
"12592",0.965324139286366,12600,1260
"12593",0.965787640346117,12600,1260
"12594",0.963506688864114,12600,1260
"12595",0.961919722265558,12600,1260
"12596",0.959409513211196,12600,1260
"12597",0.969420097093583,12600,1260
"12598",0.96552123970365,12600,1260
"12599",0.961913667854256,12600,1260
"12600",0.965677170236994,12600,1260
"12601",0.969299054966876,12600,1260
"12602",0.957064034995808,12600,1260
"12603",0.962878207362893,12600,1260
"12604",0.965820870574024,12600,1260
"12605",0.964221829235237,12600,1260
"12606",0.963788731627305,12600,1260
"12607",0.955956364886219,12600,1260
"12608",0.967629705084948,12600,1260
"12609",0.961916441872723,12600,1260
"12610",0.964550215756248,12600,1260
"12611",0.970923689258773,12600,1260
"12612",0.967242519726021,12600,1260
"12613",0.959297610600436,12600,1260
"12614",0.966708425062929,12600,1260
"12615",0.959090303758288,12600,1260
"12616",0.953212234486954,12600,1260
"12617",0.966453553589149,12600,1260
"12618",0.969758338606148,12600,1260
"12619",0.961091967842426,12600,1260
"12620",0.966061291451524,12600,1260
"12621",0.967767742696058,12600,1260
"12622",0.959826314153046,12600,1260
"12623",0.9682376178932,12600,1260
"12624",0.967446163881847,12600,1260
"12625",0.963470454525281,12600,1260
"12626",0.96471912963106,12600,1260
"12627",0.967122187951725,12600,1260
"12628",0.9666526560437,12600,1260
"12629",0.962038617927378,12600,1260
"12630",0.964030836039993,12600,1260
"12631",0.961421514911425,12600,1260
"12632",0.96179061866395,12600,1260
"12633",0.961888413797504,12600,1260
"12634",0.963260629100854,12600,1260
"12635",0.968366601566006,12600,1260
"12636",0.963325731220938,12600,1260
"12637",0.965575193278464,12600,1260
"12638",0.962356941227546,12600,1260
"12639",0.965300089837354,12600,1260
"12640",0.967851097792783,12600,1260
"12641",0.964632907897269,12600,1260
"12642",0.964446114119273,12600,1260
"12643",0.962165556950431,12600,1260
"12644",0.966712270878547,12600,1260
"12645",0.963989467495014,12600,1260
"12646",0.967173684713333,12600,1260
"12647",0.962463939867828,12600,1260
"12648",0.96104817866077,12600,1260
"12649",0.966114083881723,12600,1260
"12650",0.959146803240629,12600,1260
"12651",0.96786466904439,12600,1260
"12652",0.957391860354127,12600,1260
"12653",0.968200849954155,12600,1260
"12654",0.959328414390027,12600,1260
"12655",0.962080791395173,12600,1260
"12656",0.964273701694781,12600,1260
"12657",0.964184653518214,12600,1260
"12658",0.967299482840767,12600,1260
"12659",0.965377986463197,12600,1260
"12660",0.962613678283124,12600,1260
"12661",0.96254519872346,12600,1260
"12662",0.959899574645113,12600,1260
"12663",0.964831305538331,12600,1260
"12664",0.962786903923035,12600,1260
"12665",0.96403966449964,12600,1260
"12666",0.964278114645349,12600,1260
"12667",0.965110069777332,12600,1260
"12668",0.955385960186574,12600,1260
"12669",0.959729997199172,12600,1260
"12670",0.963898796626634,12600,1260
"12671",0.96390061063902,12600,1260
"12672",0.968344833299712,12600,1260
"12673",0.962170595632934,12600,1260
"12674",0.968467787763739,12600,1260
"12675",0.96386585054266,12600,1260
"12676",0.965886548651264,12600,1260
"12677",0.959496955597999,12600,1260
"12678",0.962012788553209,12600,1260
"12679",0.95560248370895,12600,1260
"12680",0.964796284916263,12600,1260
"12681",0.963121836863908,12600,1260
"12682",0.962907363028099,12600,1260
"12683",0.965567801292799,12600,1260
"12684",0.964889474269185,12600,1260
"12685",0.960439542281433,12600,1260
"12686",0.959094165618772,12600,1260
"12687",0.961377872141464,12600,1260
"12688",0.972631130459555,12600,1260
"12689",0.963727387191029,12600,1260
"12690",0.961579024593417,12600,1260
"12691",0.968888980171021,12600,1260
"12692",0.965647867072258,12600,1260
"12693",0.958298612323762,12600,1260
"12694",0.965426588514545,12600,1260
"12695",0.962898053908694,12600,1260
"12696",0.967940161747194,12600,1260
"12697",0.966741239271605,12600,1260
"12698",0.960289105126022,12600,1260
"12699",0.971508959348799,12600,1260
"12700",0.955898836000643,12600,1260
"12701",0.956282573904138,12600,1260
"12702",0.958177111458294,12600,1260
"12703",0.965324377835353,12600,1260
"12704",0.964684091791107,12600,1260
"12705",0.959082500620745,12600,1260
"12706",0.963595277630784,12600,1260
"12707",0.965343230550056,12600,1260
"12708",0.962049570605363,12600,1260
"12709",0.963389324937963,12600,1260
"12710",0.971951148865577,12600,1260
"12711",0.95979942460774,12600,1260
"12712",0.967143661029744,12600,1260
"12713",0.970292619142329,12600,1260
"12714",0.95672787912719,12600,1260
"12715",0.970273430970026,12600,1260
"12716",0.968100489286539,12600,1260
"12717",0.963092952923448,12600,1260
"12718",0.960100114027106,12600,1260
"12719",0.960255993281515,12600,1260
"12720",0.956150510060369,12600,1260
"12721",0.958120951558957,12600,1260
"12722",0.961360196697752,12600,1260
"12723",0.956888932482444,12600,1260
"12724",0.967547431157212,12600,1260
"12725",0.962061414490476,12600,1260
"12726",0.961638780543587,12600,1260
"12727",0.961666809524154,12600,1260
"12728",0.953476832948842,12600,1260
"12729",0.957358635478779,12600,1260
"12730",0.962533097884276,12600,1260
"12731",0.961632577668888,12600,1260
"12732",0.963775435898476,12600,1260
"12733",0.956712725257659,12600,1260
"12734",0.964304137418437,12600,1260
"12735",0.962523531175899,12600,1260
"12736",0.964748494732554,12600,1260
"12737",0.963145934271219,12600,1260
"12738",0.955498361927531,12600,1260
"12739",0.963741922093045,12600,1260
"12740",0.968042432654297,12600,1260
"12741",0.951471921566045,12600,1260
"12742",0.964962627508038,12600,1260
"12743",0.963466443462054,12600,1260
"12744",0.958501142131834,12600,1260
"12745",0.971906378598424,12600,1260
"12746",0.96809611271697,12600,1260
"12747",0.955220443379501,12600,1260
"12748",0.964741130639807,12600,1260
"12749",0.958622415138327,12600,1260
"12750",0.961060493655595,12600,1260
"12751",0.958364952208174,12600,1260
"12752",0.967488983291673,12600,1260
"12753",0.967125785982686,12600,1260
"12754",0.96569343087,12600,1260
"12755",0.968506348284106,12600,1260
"12756",0.96854988127556,12600,1260
"12757",0.963489759063007,12600,1260
"12758",0.963598565158917,12600,1260
"12759",0.959536399678927,12600,1260
"12760",0.970187751155493,12600,1260
"12761",0.961504230248079,12600,1260
"12762",0.959558511773094,12600,1260
"12763",0.957051335352621,12600,1260
"12764",0.963775493341358,12600,1260
"12765",0.965228576355855,12600,1260
"12766",0.969071947024348,12600,1260
"12767",0.96514885790536,12600,1260
"12768",0.968069183754915,12600,1260
"12769",0.960870938062461,12600,1260
"12770",0.9567669712407,12600,1260
"12771",0.968442378990175,12600,1260
"12772",0.963415061011311,12600,1260
"12773",0.970642847368755,12600,1260
"12774",0.965764360726917,12600,1260
"12775",0.96125631443845,12600,1260
"12776",0.968005830932384,12600,1260
"12777",0.967952115253808,12600,1260
"12778",0.969730804165965,12600,1260
"12779",0.966792139099516,12600,1260
"12780",0.964452382265812,12600,1260
"12781",0.960559083931675,12600,1260
"12782",0.964461884974202,12600,1260
"12783",0.965230194987367,12600,1260
"12784",0.960804292566552,12600,1260
"12785",0.963925537668658,12600,1260
"12786",0.964720716873386,12600,1260
"12787",0.959598023083943,12600,1260
"12788",0.969505368459714,12600,1260
"12789",0.962195035183023,12600,1260
"12790",0.964221324480036,12600,1260
"12791",0.968599637651784,12600,1260
"12792",0.95776009731851,12600,1260
"12793",0.965730012027221,12600,1260
"12794",0.954558199767018,12600,1260
"12795",0.964267122456107,12600,1260
"12796",0.961084695607418,12600,1260
"12797",0.958293322385234,12600,1260
"12798",0.961105707430718,12600,1260
"12799",0.95767245579742,12600,1260
"12800",0.957050932562837,12600,1260
"12801",0.964685008197686,12600,1260
"12802",0.965430660093525,12600,1260
"12803",0.965742690947779,12600,1260
"12804",0.964487710137292,12600,1260
"12805",0.954639835777605,12600,1260
"12806",0.967802699012971,12600,1260
"12807",0.963416761158443,12600,1260
"12808",0.965593335647836,12600,1260
"12809",0.956384600966415,12600,1260
"12810",0.967723435206564,12600,1260
"12811",0.96233198184357,12600,1260
"12812",0.967253138985327,12600,1260
"12813",0.963874078268448,12600,1260
"12814",0.967003716599938,12600,1260
"12815",0.967467726121143,12600,1260
"12816",0.966782584560104,12600,1260
"12817",0.964416349475584,12600,1260
"12818",0.958663344703944,12600,1260
"12819",0.962454585068083,12600,1260
"12820",0.964396824487242,12600,1260
"12821",0.959474094113462,12600,1260
"12822",0.964718715143159,12600,1260
"12823",0.958300815555065,12600,1260
"12824",0.964720261293098,12600,1260
"12825",0.954958408803519,12600,1260
"12826",0.963117161830993,12600,1260
"12827",0.965270111740788,12600,1260
"12828",0.961184291805027,12600,1260
"12829",0.958311622276224,12600,1260
"12830",0.955513853630788,12600,1260
"12831",0.960813281139272,12600,1260
"12832",0.960502372223628,12600,1260
"12833",0.965419862803704,12600,1260
"12834",0.955506238991275,12600,1260
"12835",0.964534518676365,12600,1260
"12836",0.96148351728823,12600,1260
"12837",0.961521383050221,12600,1260
"12838",0.95145686802269,12600,1260
"12839",0.960483069597372,12600,1260
"12840",0.964921980600395,12600,1260
"12841",0.959629580429825,12600,1260
"12842",0.971320419285652,12600,1260
"12843",0.961858611333791,12600,1260
"12844",0.964846147425273,12600,1260
"12845",0.96024839982279,12600,1260
"12846",0.966981339278309,12600,1260
"12847",0.96878222399045,12600,1260
"12848",0.964256456976506,12600,1260
"12849",0.961439264161453,12600,1260
"12850",0.963469968763359,12600,1260
"12851",0.965551927951702,12600,1260
"12852",0.961673231984389,12600,1260
"12853",0.962565442738241,12600,1260
"12854",0.967080622525135,12600,1260
"12855",0.962385123118567,12600,1260
"12856",0.960949743923079,12600,1260
"12857",0.970263632353869,12600,1260
"12858",0.962872387670108,12600,1260
"12859",0.964974513307204,12600,1260
"12860",0.96008850384383,12600,1260
"12861",0.964344101407534,12600,1260
"12862",0.962827023453484,12600,1260
"12863",0.958541970879291,12600,1260
"12864",0.95927430011827,12600,1260
"12865",0.95577448688918,12600,1260
"12866",0.964514295427617,12600,1260
"12867",0.96225687396092,12600,1260
"12868",0.957748999644781,12600,1260
"12869",0.955371260857623,12600,1260
"12870",0.959778750738471,12600,1260
"12871",0.964460140743589,12600,1260
"12872",0.958174484195527,12600,1260
"12873",0.969168626489056,12600,1260
"12874",0.960003701815321,12600,1260
"12875",0.966719128369745,12600,1260
"12876",0.959477711396467,12600,1260
"12877",0.957397975890464,12600,1260
"12878",0.962292101638475,12600,1260
"12879",0.961859230433543,12600,1260
"12880",0.961794583271926,12600,1260
"12881",0.959979188543111,12600,1260
"12882",0.964196372457929,12600,1260
"12883",0.959518640761142,12600,1260
"12884",0.963482858621198,12600,1260
"12885",0.95983398452287,12600,1260
"12886",0.961837832845897,12600,1260
"12887",0.964240857674546,12600,1260
"12888",0.965067927996188,12600,1260
"12889",0.958765814071339,12600,1260
"12890",0.965079278743004,12600,1260
"12891",0.958920895554519,12600,1260
"12892",0.960875642694284,12600,1260
"12893",0.968789948254648,12600,1260
"12894",0.956097943752465,12600,1260
"12895",0.964623299049157,12600,1260
"12896",0.964249854242649,12600,1260
"12897",0.963993934174117,12600,1260
"12898",0.966321816173517,12600,1260
"12899",0.959899275936823,12600,1260
"12900",0.958813851523719,12600,1260
"12901",0.956802540920003,12600,1260
"12902",0.962553386606435,12600,1260
"12903",0.963864467633738,12600,1260
"12904",0.966812633685294,12600,1260
"12905",0.965581545480267,12600,1260
"12906",0.955225631507114,12600,1260
"12907",0.955831296655577,12600,1260
"12908",0.962038012044176,12600,1260
"12909",0.963093740463443,12600,1260
"12910",0.961136638307213,12600,1260
"12911",0.962732374710811,12600,1260
"12912",0.9646634957748,12600,1260
"12913",0.96595446654286,12600,1260
"12914",0.963893230144408,12600,1260
"12915",0.955593112776236,12600,1260
"12916",0.961416654737592,12600,1260
"12917",0.957454702786985,12600,1260
"12918",0.962993902043374,12600,1260
"12919",0.962435288324633,12600,1260
"12920",0.958659794816409,12600,1260
"12921",0.962740931577074,12600,1260
"12922",0.968318267376127,12600,1260
"12923",0.963802010611984,12600,1260
"12924",0.97189890076188,12600,1260
"12925",0.971200742048967,12600,1260
"12926",0.962942403135512,12600,1260
"12927",0.959608086726544,12600,1260
"12928",0.96001190715962,12600,1260
"12929",0.959950783547339,12600,1260
"12930",0.956532968104008,12600,1260
"12931",0.961056000648475,12600,1260
"12932",0.957762159016192,12600,1260
"12933",0.965049088968234,12600,1260
"12934",0.966417913119133,12600,1260
"12935",0.965900695870793,12600,1260
"12936",0.965346407060974,12600,1260
"12937",0.962286273258242,12600,1260
"12938",0.954410033720882,12600,1260
"12939",0.963935525899371,12600,1260
"12940",0.961967385992256,12600,1260
"12941",0.963702838192735,12600,1260
"12942",0.963757559523196,12600,1260
"12943",0.958577143607779,12600,1260
"12944",0.964700510358121,12600,1260
"12945",0.964531522833164,12600,1260
"12946",0.963058462345759,12600,1260
"12947",0.958642129982651,12600,1260
"12948",0.96884267060996,12600,1260
"12949",0.961537264129364,12600,1260
"12950",0.961078393148771,12600,1260
"12951",0.960508908862044,12600,1260
"12952",0.969751458070355,12600,1260
"12953",0.966626288260007,12600,1260
"12954",0.967106210818261,12600,1260
"12955",0.964507427159964,12600,1260
"12956",0.959126393644666,12600,1260
"12957",0.968364486505623,12600,1260
"12958",0.968195279397097,12600,1260
"12959",0.962207745684829,12600,1260
"12960",0.964512346451141,12600,1260
"12961",0.961158566689886,12600,1260
"12962",0.960847688826251,12600,1260
"12963",0.963542219686082,12600,1260
"12964",0.960817760509677,12600,1260
"12965",0.962641891402691,12600,1260
"12966",0.962928665332018,12600,1260
"12967",0.962376221533212,12600,1260
"12968",0.963969126044604,12600,1260
"12969",0.966123100466159,12600,1260
"12970",0.958448703990148,12600,1260
"12971",0.96354440500477,12600,1260
"12972",0.95908646189401,12600,1260
"12973",0.962444680451281,12600,1260
"12974",0.961117922378491,12600,1260
"12975",0.961698685800581,12600,1260
"12976",0.961854986237631,12600,1260
"12977",0.959075842341026,12600,1260
"12978",0.963536720538696,12600,1260
"12979",0.961832536793545,12600,1260
"12980",0.970137260549528,12600,1260
"12981",0.962939959597172,12600,1260
"12982",0.96785759438588,12600,1260
"12983",0.964689308688095,12600,1260
"12984",0.964970873819256,12600,1260
"12985",0.959286116333049,12600,1260
"12986",0.959278749368986,12600,1260
"12987",0.967615535578136,12600,1260
"12988",0.961871853277331,12600,1260
"12989",0.967062476911492,12600,1260
"12990",0.967832663129398,12600,1260
"12991",0.963909539814933,12600,1260
"12992",0.962792158929199,12600,1260
"12993",0.963418801491115,12600,1260
"12994",0.967572499434737,12600,1260
"12995",0.964717016185039,12600,1260
"12996",0.960194402025266,12600,1260
"12997",0.960586506806756,12600,1260
"12998",0.965680639691434,12600,1260
"12999",0.966430662452636,12600,1260
"13000",0.961458923956625,12600,1260
"13001",0.961239409810979,12600,1260
"13002",0.968847987063668,13100,1310
"13003",0.959922949871392,13100,1310
"13004",0.960732046556157,13100,1310
"13005",0.967786824280363,13100,1310
"13006",0.958707908641871,13100,1310
"13007",0.96583918407762,13100,1310
"13008",0.966100538649219,13100,1310
"13009",0.966495200606614,13100,1310
"13010",0.96876809369372,13100,1310
"13011",0.961971924537755,13100,1310
"13012",0.966583615117873,13100,1310
"13013",0.97395539917033,13100,1310
"13014",0.965356025640635,13100,1310
"13015",0.966424372410714,13100,1310
"13016",0.967708800701604,13100,1310
"13017",0.965415124977944,13100,1310
"13018",0.964676398783698,13100,1310
"13019",0.966913884511626,13100,1310
"13020",0.967334717732605,13100,1310
"13021",0.968582900220211,13100,1310
"13022",0.964619000810967,13100,1310
"13023",0.969153396778904,13100,1310
"13024",0.964455095995446,13100,1310
"13025",0.96323008914383,13100,1310
"13026",0.966695590762305,13100,1310
"13027",0.96503561682223,13100,1310
"13028",0.960572135623863,13100,1310
"13029",0.964461625041279,13100,1310
"13030",0.97312457242858,13100,1310
"13031",0.959559308766531,13100,1310
"13032",0.974603379375619,13100,1310
"13033",0.966623487522282,13100,1310
"13034",0.961167286843192,13100,1310
"13035",0.963516443409905,13100,1310
"13036",0.961820566143376,13100,1310
"13037",0.962771571617372,13100,1310
"13038",0.965238964051049,13100,1310
"13039",0.967526362951932,13100,1310
"13040",0.960650489045619,13100,1310
"13041",0.963493471380549,13100,1310
"13042",0.966738517559792,13100,1310
"13043",0.95590124564976,13100,1310
"13044",0.957623023832751,13100,1310
"13045",0.966037290746289,13100,1310
"13046",0.96574923391913,13100,1310
"13047",0.963647436323019,13100,1310
"13048",0.966158649111386,13100,1310
"13049",0.961245284516528,13100,1310
"13050",0.96321358515102,13100,1310
"13051",0.969918418935277,13100,1310
"13052",0.970400368837779,13100,1310
"13053",0.960704108700325,13100,1310
"13054",0.962470081855383,13100,1310
"13055",0.960231900093136,13100,1310
"13056",0.964188660781769,13100,1310
"13057",0.968340307376875,13100,1310
"13058",0.968951886966841,13100,1310
"13059",0.966066591294941,13100,1310
"13060",0.959216309834731,13100,1310
"13061",0.965546878274574,13100,1310
"13062",0.965894681088661,13100,1310
"13063",0.96358408712077,13100,1310
"13064",0.966091142740338,13100,1310
"13065",0.964821747250869,13100,1310
"13066",0.968837687355186,13100,1310
"13067",0.965773623682828,13100,1310
"13068",0.962261426724358,13100,1310
"13069",0.966072655937087,13100,1310
"13070",0.965701736170756,13100,1310
"13071",0.963730636421673,13100,1310
"13072",0.963871985611527,13100,1310
"13073",0.969738075914615,13100,1310
"13074",0.966434159411342,13100,1310
"13075",0.966855725011774,13100,1310
"13076",0.969278297211047,13100,1310
"13077",0.963790296293276,13100,1310
"13078",0.962581427122351,13100,1310
"13079",0.96412039514818,13100,1310
"13080",0.964332701977365,13100,1310
"13081",0.967403064138316,13100,1310
"13082",0.966261880822888,13100,1310
"13083",0.965786945652851,13100,1310
"13084",0.964441849495837,13100,1310
"13085",0.96170301536658,13100,1310
"13086",0.967687755045821,13100,1310
"13087",0.9646547037213,13100,1310
"13088",0.968332269537627,13100,1310
"13089",0.969512550832372,13100,1310
"13090",0.962617062835973,13100,1310
"13091",0.976009872986737,13100,1310
"13092",0.965318021754874,13100,1310
"13093",0.964284963483756,13100,1310
"13094",0.96819048345934,13100,1310
"13095",0.965305821240759,13100,1310
"13096",0.961176362756128,13100,1310
"13097",0.968274711656707,13100,1310
"13098",0.964326484562559,13100,1310
"13099",0.962256353342637,13100,1310
"13100",0.968857043128452,13100,1310
"13101",0.972221749829741,13100,1310
"13102",0.971609800257971,13100,1310
"13103",0.968467928315279,13100,1310
"13104",0.966832889728576,13100,1310
"13105",0.96316527322378,13100,1310
"13106",0.963534468956831,13100,1310
"13107",0.963570392348164,13100,1310
"13108",0.962184834999256,13100,1310
"13109",0.964502011584218,13100,1310
"13110",0.967421906930796,13100,1310
"13111",0.96590156203268,13100,1310
"13112",0.967906033070709,13100,1310
"13113",0.967726947049069,13100,1310
"13114",0.967159530184017,13100,1310
"13115",0.960041817479262,13100,1310
"13116",0.965454090054897,13100,1310
"13117",0.966461202531528,13100,1310
"13118",0.96477104995805,13100,1310
"13119",0.967103895768139,13100,1310
"13120",0.958014520079402,13100,1310
"13121",0.959471902105596,13100,1310
"13122",0.965282461382456,13100,1310
"13123",0.961905946402037,13100,1310
"13124",0.966528852880032,13100,1310
"13125",0.961948859518557,13100,1310
"13126",0.956943119621945,13100,1310
"13127",0.956870376347156,13100,1310
"13128",0.966848094187603,13100,1310
"13129",0.963009827209984,13100,1310
"13130",0.958185634291358,13100,1310
"13131",0.971802879649316,13100,1310
"13132",0.963819914223081,13100,1310
"13133",0.967740784086554,13100,1310
"13134",0.960616595990534,13100,1310
"13135",0.962128414015374,13100,1310
"13136",0.96460868410103,13100,1310
"13137",0.968756379555413,13100,1310
"13138",0.964811225628168,13100,1310
"13139",0.960519708946203,13100,1310
"13140",0.963314820915345,13100,1310
"13141",0.967394212578635,13100,1310
"13142",0.968407831838842,13100,1310
"13143",0.970973537169513,13100,1310
"13144",0.970910707865279,13100,1310
"13145",0.967371110442834,13100,1310
"13146",0.966565820243567,13100,1310
"13147",0.97085880157106,13100,1310
"13148",0.964574507256721,13100,1310
"13149",0.963576241129855,13100,1310
"13150",0.961975965694359,13100,1310
"13151",0.95727893070567,13100,1310
"13152",0.97012548658752,13100,1310
"13153",0.963593227232857,13100,1310
"13154",0.967547972916377,13100,1310
"13155",0.967373185198862,13100,1310
"13156",0.966525495097054,13100,1310
"13157",0.962165783191378,13100,1310
"13158",0.961996853475581,13100,1310
"13159",0.968500892152423,13100,1310
"13160",0.96059668784435,13100,1310
"13161",0.965001677435641,13100,1310
"13162",0.962586362769937,13100,1310
"13163",0.967651564533312,13100,1310
"13164",0.972931786014491,13100,1310
"13165",0.96100000267216,13100,1310
"13166",0.961193714756858,13100,1310
"13167",0.965709520810655,13100,1310
"13168",0.96331628070791,13100,1310
"13169",0.965857714705708,13100,1310
"13170",0.969269363593231,13100,1310
"13171",0.970683980877881,13100,1310
"13172",0.960400320932245,13100,1310
"13173",0.96693602256714,13100,1310
"13174",0.9599511386921,13100,1310
"13175",0.966584644481792,13100,1310
"13176",0.96715623760206,13100,1310
"13177",0.962452378200849,13100,1310
"13178",0.966693997414889,13100,1310
"13179",0.966570423070183,13100,1310
"13180",0.965411067976426,13100,1310
"13181",0.961037815750717,13100,1310
"13182",0.965838368251556,13100,1310
"13183",0.965992306920659,13100,1310
"13184",0.972834712004968,13100,1310
"13185",0.96634267299396,13100,1310
"13186",0.962371539204837,13100,1310
"13187",0.964556792368025,13100,1310
"13188",0.967059300417203,13100,1310
"13189",0.963233860561329,13100,1310
"13190",0.964679591793522,13100,1310
"13191",0.962686370512647,13100,1310
"13192",0.965594405356677,13100,1310
"13193",0.960688419998454,13100,1310
"13194",0.971795089027089,13100,1310
"13195",0.966989028627685,13100,1310
"13196",0.959519880554824,13100,1310
"13197",0.959419515122858,13100,1310
"13198",0.962313692350718,13100,1310
"13199",0.964927013104284,13100,1310
"13200",0.965506905846589,13100,1310
"13201",0.968107710941617,13100,1310
"13202",0.966208703428403,13100,1310
"13203",0.966319712839012,13100,1310
"13204",0.963585432454067,13100,1310
"13205",0.970775098536393,13100,1310
"13206",0.967757408588117,13100,1310
"13207",0.971822245759907,13100,1310
"13208",0.96008602285886,13100,1310
"13209",0.963523950981382,13100,1310
"13210",0.963113138752325,13100,1310
"13211",0.96602943279255,13100,1310
"13212",0.966792905325312,13100,1310
"13213",0.966761026547528,13100,1310
"13214",0.964472974832091,13100,1310
"13215",0.962089585289265,13100,1310
"13216",0.969992492172722,13100,1310
"13217",0.966030110563539,13100,1310
"13218",0.965004312203345,13100,1310
"13219",0.970535312424325,13100,1310
"13220",0.962358506852733,13100,1310
"13221",0.961768130707241,13100,1310
"13222",0.967588205902045,13100,1310
"13223",0.96444986446385,13100,1310
"13224",0.964930434225767,13100,1310
"13225",0.96301704250819,13100,1310
"13226",0.968028954294617,13100,1310
"13227",0.966581847753457,13100,1310
"13228",0.965982022414005,13100,1310
"13229",0.962961439050844,13100,1310
"13230",0.965469840017134,13100,1310
"13231",0.96713861702063,13100,1310
"13232",0.962236505957149,13100,1310
"13233",0.965128718933122,13100,1310
"13234",0.971991359691619,13100,1310
"13235",0.95944453866008,13100,1310
"13236",0.963624477274063,13100,1310
"13237",0.96544394755001,13100,1310
"13238",0.963873677064056,13100,1310
"13239",0.965319212156025,13100,1310
"13240",0.967176671187553,13100,1310
"13241",0.965009464909848,13100,1310
"13242",0.960995795496881,13100,1310
"13243",0.956663941332644,13100,1310
"13244",0.969051924398882,13100,1310
"13245",0.956780182326775,13100,1310
"13246",0.965401675972012,13100,1310
"13247",0.962047332226545,13100,1310
"13248",0.961644201476628,13100,1310
"13249",0.960242921838826,13100,1310
"13250",0.960668236498841,13100,1310
"13251",0.963930858711783,13100,1310
"13252",0.961903179428001,13100,1310
"13253",0.967709796880391,13100,1310
"13254",0.964125303504135,13100,1310
"13255",0.96767805996999,13100,1310
"13256",0.962724705662678,13100,1310
"13257",0.963977556245283,13100,1310
"13258",0.967495706012162,13100,1310
"13259",0.963699754806636,13100,1310
"13260",0.960682608848978,13100,1310
"13261",0.970022141464541,13100,1310
"13262",0.964229660115015,13100,1310
"13263",0.967489052247223,13100,1310
"13264",0.972247601339403,13100,1310
"13265",0.964091431292843,13100,1310
"13266",0.960750075144467,13100,1310
"13267",0.961956926829769,13100,1310
"13268",0.962937313281071,13100,1310
"13269",0.966830199640841,13100,1310
"13270",0.966903996665358,13100,1310
"13271",0.968432688247902,13100,1310
"13272",0.963459522919429,13100,1310
"13273",0.965676276797934,13100,1310
"13274",0.967623649346594,13100,1310
"13275",0.967146463340487,13100,1310
"13276",0.962062695452077,13100,1310
"13277",0.963796772890713,13100,1310
"13278",0.961137143511833,13100,1310
"13279",0.967450739808171,13100,1310
"13280",0.968403709093486,13100,1310
"13281",0.963803479298317,13100,1310
"13282",0.968624208327959,13100,1310
"13283",0.969015302904114,13100,1310
"13284",0.963318120406317,13100,1310
"13285",0.965438793838484,13100,1310
"13286",0.968304151313011,13100,1310
"13287",0.971157256097816,13100,1310
"13288",0.972091127808382,13100,1310
"13289",0.965896905324846,13100,1310
"13290",0.961574695753063,13100,1310
"13291",0.965975687458429,13100,1310
"13292",0.968851842318031,13100,1310
"13293",0.962357768693918,13100,1310
"13294",0.962516610150784,13100,1310
"13295",0.966026213339344,13100,1310
"13296",0.969306945131608,13100,1310
"13297",0.969672132708877,13100,1310
"13298",0.967845381260362,13100,1310
"13299",0.967011713431948,13100,1310
"13300",0.962570407813906,13100,1310
"13301",0.966218852255344,13100,1310
"13302",0.961749189211476,13100,1310
"13303",0.963742193646771,13100,1310
"13304",0.961791470629332,13100,1310
"13305",0.956053804328819,13100,1310
"13306",0.962457615411172,13100,1310
"13307",0.966024954899607,13100,1310
"13308",0.969543894805402,13100,1310
"13309",0.962167609615912,13100,1310
"13310",0.968466238698323,13100,1310
"13311",0.965592552852297,13100,1310
"13312",0.96352116949882,13100,1310
"13313",0.965557055654424,13100,1310
"13314",0.95982373686026,13100,1310
"13315",0.962375920327059,13100,1310
"13316",0.962241758593973,13100,1310
"13317",0.962554610405433,13100,1310
"13318",0.97095014560851,13100,1310
"13319",0.96391081225336,13100,1310
"13320",0.967158364861775,13100,1310
"13321",0.967373224381363,13100,1310
"13322",0.966707565669405,13100,1310
"13323",0.96202724671444,13100,1310
"13324",0.966602290132606,13100,1310
"13325",0.966221967181069,13100,1310
"13326",0.961917749472093,13100,1310
"13327",0.964657711386117,13100,1310
"13328",0.968022620361876,13100,1310
"13329",0.965223765004974,13100,1310
"13330",0.965777355247422,13100,1310
"13331",0.964035567886814,13100,1310
"13332",0.966261890245675,13100,1310
"13333",0.963844808319873,13100,1310
"13334",0.962338240270314,13100,1310
"13335",0.961035012542394,13100,1310
"13336",0.965560075352121,13100,1310
"13337",0.958669902947363,13100,1310
"13338",0.95899190094709,13100,1310
"13339",0.969948854975257,13100,1310
"13340",0.96034855560304,13100,1310
"13341",0.962595020078301,13100,1310
"13342",0.959282344303333,13100,1310
"13343",0.96357326312015,13100,1310
"13344",0.965457715062269,13100,1310
"13345",0.966383538612004,13100,1310
"13346",0.969620840815859,13100,1310
"13347",0.96475625219367,13100,1310
"13348",0.961711369935339,13100,1310
"13349",0.955713132186626,13100,1310
"13350",0.963640572239052,13100,1310
"13351",0.967191418984164,13100,1310
"13352",0.962232554035368,13100,1310
"13353",0.962552990636732,13100,1310
"13354",0.962583755430513,13100,1310
"13355",0.965642153679607,13100,1310
"13356",0.964879976956891,13100,1310
"13357",0.964009407568472,13100,1310
"13358",0.968982041496741,13100,1310
"13359",0.961806893162091,13100,1310
"13360",0.967274261942257,13100,1310
"13361",0.956342451388015,13100,1310
"13362",0.966513259393136,13100,1310
"13363",0.964199619902075,13100,1310
"13364",0.968145687058253,13100,1310
"13365",0.967097774867387,13100,1310
"13366",0.958195751672677,13100,1310
"13367",0.965815625937291,13100,1310
"13368",0.965564626478398,13100,1310
"13369",0.965129835887739,13100,1310
"13370",0.958370512053368,13100,1310
"13371",0.967514663894692,13100,1310
"13372",0.96124548709561,13100,1310
"13373",0.968365987782142,13100,1310
"13374",0.956544076902324,13100,1310
"13375",0.967049173684698,13100,1310
"13376",0.963180547345854,13100,1310
"13377",0.969131311732574,13100,1310
"13378",0.957599008293033,13100,1310
"13379",0.963622543141353,13100,1310
"13380",0.963726298864416,13100,1310
"13381",0.966675300406061,13100,1310
"13382",0.968172232591213,13100,1310
"13383",0.964449997544989,13100,1310
"13384",0.964108962399535,13100,1310
"13385",0.971324851603251,13100,1310
"13386",0.959402106496427,13100,1310
"13387",0.962890940593313,13100,1310
"13388",0.968042938816605,13100,1310
"13389",0.956772809261281,13100,1310
"13390",0.967748315280366,13100,1310
"13391",0.968985135616962,13100,1310
"13392",0.964848290477521,13100,1310
"13393",0.968010116311453,13100,1310
"13394",0.964995536468686,13100,1310
"13395",0.957587870058601,13100,1310
"13396",0.963648616625542,13100,1310
"13397",0.959817401608679,13100,1310
"13398",0.970286117692253,13100,1310
"13399",0.965768583912935,13100,1310
"13400",0.959317047435863,13100,1310
"13401",0.963043570945749,13100,1310
"13402",0.959817325865685,13100,1310
"13403",0.970515749643916,13100,1310
"13404",0.959039225458592,13100,1310
"13405",0.96218850177488,13100,1310
"13406",0.957467641779187,13100,1310
"13407",0.968920091760185,13100,1310
"13408",0.957047283230263,13100,1310
"13409",0.959397049696851,13100,1310
"13410",0.962225807478555,13100,1310
"13411",0.960972300130281,13100,1310
"13412",0.965946168558813,13100,1310
"13413",0.965455779660269,13100,1310
"13414",0.965180186167135,13100,1310
"13415",0.957572905893713,13100,1310
"13416",0.96362542091129,13100,1310
"13417",0.962761126956343,13100,1310
"13418",0.962145968335286,13100,1310
"13419",0.96268804364423,13100,1310
"13420",0.969758610338737,13100,1310
"13421",0.969246596397602,13100,1310
"13422",0.963971802372178,13100,1310
"13423",0.961623282057645,13100,1310
"13424",0.964844236290983,13100,1310
"13425",0.968500429794018,13100,1310
"13426",0.963814389521424,13100,1310
"13427",0.969901189817361,13100,1310
"13428",0.963550688838717,13100,1310
"13429",0.965349479524335,13100,1310
"13430",0.958197448954656,13100,1310
"13431",0.965579591682303,13100,1310
"13432",0.96798421734002,13100,1310
"13433",0.968304152320999,13100,1310
"13434",0.965126594653185,13100,1310
"13435",0.964651926239658,13100,1310
"13436",0.964771785948399,13100,1310
"13437",0.963124633052159,13100,1310
"13438",0.963572008115252,13100,1310
"13439",0.963053916043588,13100,1310
"13440",0.970758084180217,13100,1310
"13441",0.963811370291887,13100,1310
"13442",0.963662290953408,13100,1310
"13443",0.966742012213875,13100,1310
"13444",0.965497986631973,13100,1310
"13445",0.966659500980146,13100,1310
"13446",0.958834219945294,13100,1310
"13447",0.970928444276766,13100,1310
"13448",0.968283087747693,13100,1310
"13449",0.965509282192197,13100,1310
"13450",0.9739317899413,13100,1310
"13451",0.964800549668828,13100,1310
"13452",0.971802053315127,13100,1310
"13453",0.962803837979721,13100,1310
"13454",0.970307645645496,13100,1310
"13455",0.968560398592586,13100,1310
"13456",0.970536793905568,13100,1310
"13457",0.968163581856946,13100,1310
"13458",0.969671164666096,13100,1310
"13459",0.960694834767635,13100,1310
"13460",0.960869395404236,13100,1310
"13461",0.964474428895866,13100,1310
"13462",0.970204468605816,13100,1310
"13463",0.966282569745449,13100,1310
"13464",0.969219967511644,13100,1310
"13465",0.967799995734462,13100,1310
"13466",0.963594456853981,13100,1310
"13467",0.972715126784355,13100,1310
"13468",0.956400037473938,13100,1310
"13469",0.966823066561536,13100,1310
"13470",0.964583626155264,13100,1310
"13471",0.968010197013735,13100,1310
"13472",0.961030482520281,13100,1310
"13473",0.960760406940126,13100,1310
"13474",0.958890124014523,13100,1310
"13475",0.968609426967188,13100,1310
"13476",0.958083001945013,13100,1310
"13477",0.969270764695153,13100,1310
"13478",0.959652966872091,13100,1310
"13479",0.971246672207425,13100,1310
"13480",0.966630799674263,13100,1310
"13481",0.957451702391737,13100,1310
"13482",0.970268533998168,13100,1310
"13483",0.969340606002852,13100,1310
"13484",0.968518127613628,13100,1310
"13485",0.965747279652065,13100,1310
"13486",0.966281145089888,13100,1310
"13487",0.964769495120519,13100,1310
"13488",0.967184820118819,13100,1310
"13489",0.964066079248923,13100,1310
"13490",0.964771296970464,13100,1310
"13491",0.965821145973131,13100,1310
"13492",0.964413879226564,13100,1310
"13493",0.962176128715073,13100,1310
"13494",0.96410580092099,13100,1310
"13495",0.967085223816806,13100,1310
"13496",0.958492518909907,13100,1310
"13497",0.966918628259563,13100,1310
"13498",0.967178980210584,13100,1310
"13499",0.969851168346123,13100,1310
"13500",0.963108839504092,13100,1310
"13501",0.971397288573127,13100,1310
"13502",0.966839639360198,13600,1360
"13503",0.962712501839647,13600,1360
"13504",0.960892741622843,13600,1360
"13505",0.965845591412732,13600,1360
"13506",0.958446260948012,13600,1360
"13507",0.961560255519612,13600,1360
"13508",0.962402926835811,13600,1360
"13509",0.965803256966787,13600,1360
"13510",0.968251953165143,13600,1360
"13511",0.966786718927914,13600,1360
"13512",0.966363880353183,13600,1360
"13513",0.970170381608284,13600,1360
"13514",0.967236751262486,13600,1360
"13515",0.965612233186717,13600,1360
"13516",0.969504683675331,13600,1360
"13517",0.971035074538445,13600,1360
"13518",0.96522029419193,13600,1360
"13519",0.971522660398606,13600,1360
"13520",0.958646656595785,13600,1360
"13521",0.969572043091597,13600,1360
"13522",0.968336356048264,13600,1360
"13523",0.959855656280826,13600,1360
"13524",0.964036655756661,13600,1360
"13525",0.965010756048646,13600,1360
"13526",0.962105925392398,13600,1360
"13527",0.966590758132433,13600,1360
"13528",0.964480704469202,13600,1360
"13529",0.969171357456274,13600,1360
"13530",0.968836258524133,13600,1360
"13531",0.962722099831803,13600,1360
"13532",0.962911053606083,13600,1360
"13533",0.967563214397626,13600,1360
"13534",0.96524766227701,13600,1360
"13535",0.962839575524932,13600,1360
"13536",0.967930663460312,13600,1360
"13537",0.964464455802987,13600,1360
"13538",0.964706159530195,13600,1360
"13539",0.960200910449154,13600,1360
"13540",0.966590132354768,13600,1360
"13541",0.96517695660679,13600,1360
"13542",0.96070162495381,13600,1360
"13543",0.966499058308967,13600,1360
"13544",0.966007555039255,13600,1360
"13545",0.967418854528778,13600,1360
"13546",0.964612774257949,13600,1360
"13547",0.964478829472151,13600,1360
"13548",0.965899054920281,13600,1360
"13549",0.971370949148414,13600,1360
"13550",0.966713936338633,13600,1360
"13551",0.968555869972924,13600,1360
"13552",0.960670837840772,13600,1360
"13553",0.966655334588576,13600,1360
"13554",0.963607679539968,13600,1360
"13555",0.966035074095946,13600,1360
"13556",0.965813540721226,13600,1360
"13557",0.969882355923147,13600,1360
"13558",0.964681321149489,13600,1360
"13559",0.95731627121761,13600,1360
"13560",0.96316577805303,13600,1360
"13561",0.967849921568916,13600,1360
"13562",0.958580718861502,13600,1360
"13563",0.963371118616101,13600,1360
"13564",0.960995514998057,13600,1360
"13565",0.968895447507809,13600,1360
"13566",0.971419402888572,13600,1360
"13567",0.963492854971143,13600,1360
"13568",0.967288365649493,13600,1360
"13569",0.962653378494871,13600,1360
"13570",0.964940259361034,13600,1360
"13571",0.963920489348763,13600,1360
"13572",0.966213320410356,13600,1360
"13573",0.967122901334894,13600,1360
"13574",0.968338171539829,13600,1360
"13575",0.964306717815989,13600,1360
"13576",0.962640862808664,13600,1360
"13577",0.967925090043827,13600,1360
"13578",0.963657784158544,13600,1360
"13579",0.966656465882459,13600,1360
"13580",0.963156147673433,13600,1360
"13581",0.963009831810348,13600,1360
"13582",0.968307820849365,13600,1360
"13583",0.965412210863147,13600,1360
"13584",0.9683658853471,13600,1360
"13585",0.965702126190656,13600,1360
"13586",0.958474312768938,13600,1360
"13587",0.966891392190209,13600,1360
"13588",0.966980384248035,13600,1360
"13589",0.962948646429003,13600,1360
"13590",0.970836435788237,13600,1360
"13591",0.970111975096016,13600,1360
"13592",0.962772981005309,13600,1360
"13593",0.969265065110336,13600,1360
"13594",0.959152641990495,13600,1360
"13595",0.964370816630173,13600,1360
"13596",0.96868870215728,13600,1360
"13597",0.966234902296269,13600,1360
"13598",0.963518195465644,13600,1360
"13599",0.970378710682743,13600,1360
"13600",0.962158372715599,13600,1360
"13601",0.9612513650083,13600,1360
"13602",0.970723553266814,13600,1360
"13603",0.971673520858111,13600,1360
"13604",0.963716073870668,13600,1360
"13605",0.963330722487131,13600,1360
"13606",0.960414630889182,13600,1360
"13607",0.964064985042328,13600,1360
"13608",0.962243702760494,13600,1360
"13609",0.967168637674271,13600,1360
"13610",0.967472240714871,13600,1360
"13611",0.966028901633992,13600,1360
"13612",0.961743743048261,13600,1360
"13613",0.96335018705837,13600,1360
"13614",0.96357423254123,13600,1360
"13615",0.971379864867814,13600,1360
"13616",0.964759336363445,13600,1360
"13617",0.961997207229013,13600,1360
"13618",0.967584680039029,13600,1360
"13619",0.962298098429783,13600,1360
"13620",0.969800374904316,13600,1360
"13621",0.955608543725042,13600,1360
"13622",0.963002973508033,13600,1360
"13623",0.966507003442163,13600,1360
"13624",0.965949601200515,13600,1360
"13625",0.96147460957571,13600,1360
"13626",0.970853878004441,13600,1360
"13627",0.962757529004467,13600,1360
"13628",0.962694141707875,13600,1360
"13629",0.965909940217879,13600,1360
"13630",0.971131756004843,13600,1360
"13631",0.962500814890849,13600,1360
"13632",0.964726884560458,13600,1360
"13633",0.964803670848086,13600,1360
"13634",0.96280003154762,13600,1360
"13635",0.959007178535743,13600,1360
"13636",0.964257813120336,13600,1360
"13637",0.972586753095306,13600,1360
"13638",0.963223874188408,13600,1360
"13639",0.962316836562942,13600,1360
"13640",0.971420492767921,13600,1360
"13641",0.96867911904761,13600,1360
"13642",0.965546979732436,13600,1360
"13643",0.969305713722766,13600,1360
"13644",0.965544758896603,13600,1360
"13645",0.969116818709339,13600,1360
"13646",0.966819230250967,13600,1360
"13647",0.964138561819379,13600,1360
"13648",0.971947817238091,13600,1360
"13649",0.969635833474412,13600,1360
"13650",0.961422014803244,13600,1360
"13651",0.966373933209138,13600,1360
"13652",0.965915195128659,13600,1360
"13653",0.966307685537827,13600,1360
"13654",0.971919684168063,13600,1360
"13655",0.961986916319895,13600,1360
"13656",0.961628147959156,13600,1360
"13657",0.964275631163383,13600,1360
"13658",0.964525582384099,13600,1360
"13659",0.962687168406469,13600,1360
"13660",0.966157634151024,13600,1360
"13661",0.962814854373292,13600,1360
"13662",0.969351894962155,13600,1360
"13663",0.966410569747708,13600,1360
"13664",0.963690315177884,13600,1360
"13665",0.962429413839507,13600,1360
"13666",0.95919277188562,13600,1360
"13667",0.967242875354187,13600,1360
"13668",0.96591181933737,13600,1360
"13669",0.963084688217341,13600,1360
"13670",0.973681438867877,13600,1360
"13671",0.964695593131104,13600,1360
"13672",0.973481300189916,13600,1360
"13673",0.970579154414712,13600,1360
"13674",0.96846857435661,13600,1360
"13675",0.968390180027901,13600,1360
"13676",0.967519298357724,13600,1360
"13677",0.969608376800306,13600,1360
"13678",0.957086754832694,13600,1360
"13679",0.966209068456313,13600,1360
"13680",0.964856943364113,13600,1360
"13681",0.971389054218534,13600,1360
"13682",0.969833856631071,13600,1360
"13683",0.959567682866147,13600,1360
"13684",0.970871152217742,13600,1360
"13685",0.967283803933186,13600,1360
"13686",0.969533462838346,13600,1360
"13687",0.970240671447097,13600,1360
"13688",0.955907542750411,13600,1360
"13689",0.971396585153169,13600,1360
"13690",0.965322324307258,13600,1360
"13691",0.962977790276898,13600,1360
"13692",0.968347661364922,13600,1360
"13693",0.967204057751869,13600,1360
"13694",0.960998137780925,13600,1360
"13695",0.968391488667072,13600,1360
"13696",0.967567655285328,13600,1360
"13697",0.965588977668972,13600,1360
"13698",0.967890479718917,13600,1360
"13699",0.963911125593857,13600,1360
"13700",0.96170277404218,13600,1360
"13701",0.956547240565736,13600,1360
"13702",0.970561784086066,13600,1360
"13703",0.973063289994473,13600,1360
"13704",0.965361293002834,13600,1360
"13705",0.961727032282526,13600,1360
"13706",0.963826581150563,13600,1360
"13707",0.969066202359404,13600,1360
"13708",0.964889310150813,13600,1360
"13709",0.966720407745895,13600,1360
"13710",0.965663505284044,13600,1360
"13711",0.968244655889771,13600,1360
"13712",0.961024873122712,13600,1360
"13713",0.963217194145682,13600,1360
"13714",0.967190782176318,13600,1360
"13715",0.96722721647498,13600,1360
"13716",0.967325365252603,13600,1360
"13717",0.965542051720867,13600,1360
"13718",0.969236012522953,13600,1360
"13719",0.962158069618055,13600,1360
"13720",0.968375865792303,13600,1360
"13721",0.965283104528808,13600,1360
"13722",0.965351167933859,13600,1360
"13723",0.969424508951171,13600,1360
"13724",0.964970725267909,13600,1360
"13725",0.9614097809455,13600,1360
"13726",0.969269573924196,13600,1360
"13727",0.964666838086483,13600,1360
"13728",0.967397774681276,13600,1360
"13729",0.965306514075778,13600,1360
"13730",0.965372397005203,13600,1360
"13731",0.961495420252879,13600,1360
"13732",0.971510891211981,13600,1360
"13733",0.960477562648832,13600,1360
"13734",0.967302710220313,13600,1360
"13735",0.965293212533631,13600,1360
"13736",0.969364157310215,13600,1360
"13737",0.963863126277631,13600,1360
"13738",0.963128749606339,13600,1360
"13739",0.963613547326143,13600,1360
"13740",0.967973209924493,13600,1360
"13741",0.96604071638859,13600,1360
"13742",0.958708473515363,13600,1360
"13743",0.966538835812259,13600,1360
"13744",0.966926633276127,13600,1360
"13745",0.963864573154864,13600,1360
"13746",0.963719048179858,13600,1360
"13747",0.960151854646805,13600,1360
"13748",0.966043488886887,13600,1360
"13749",0.964279207816247,13600,1360
"13750",0.960505990828028,13600,1360
"13751",0.968526222866884,13600,1360
"13752",0.961137462700953,13600,1360
"13753",0.966757710445769,13600,1360
"13754",0.968589257763819,13600,1360
"13755",0.954138544508538,13600,1360
"13756",0.968218268666531,13600,1360
"13757",0.967178766344465,13600,1360
"13758",0.965984545794544,13600,1360
"13759",0.961289213134833,13600,1360
"13760",0.969892560634064,13600,1360
"13761",0.965923502671964,13600,1360
"13762",0.966998330178772,13600,1360
"13763",0.964062395165041,13600,1360
"13764",0.961514651317301,13600,1360
"13765",0.962363930909653,13600,1360
"13766",0.963410050056331,13600,1360
"13767",0.966411782427527,13600,1360
"13768",0.964355735937119,13600,1360
"13769",0.967413672093801,13600,1360
"13770",0.964924067245793,13600,1360
"13771",0.955878029347856,13600,1360
"13772",0.96622687987964,13600,1360
"13773",0.969014233006148,13600,1360
"13774",0.9654239973192,13600,1360
"13775",0.966411118463371,13600,1360
"13776",0.964796170185971,13600,1360
"13777",0.971289527334048,13600,1360
"13778",0.968368691684912,13600,1360
"13779",0.966092327161672,13600,1360
"13780",0.970491836232968,13600,1360
"13781",0.968677743647695,13600,1360
"13782",0.960573110999535,13600,1360
"13783",0.971398035906758,13600,1360
"13784",0.966531232422772,13600,1360
"13785",0.960756141794441,13600,1360
"13786",0.972991596891811,13600,1360
"13787",0.965447872417077,13600,1360
"13788",0.964949063924036,13600,1360
"13789",0.970605486623899,13600,1360
"13790",0.966180849021116,13600,1360
"13791",0.965356932464986,13600,1360
"13792",0.962419964976672,13600,1360
"13793",0.964631842233612,13600,1360
"13794",0.968539225682947,13600,1360
"13795",0.961840350142793,13600,1360
"13796",0.963516012840346,13600,1360
"13797",0.961991673905752,13600,1360
"13798",0.972245860674478,13600,1360
"13799",0.971182230156704,13600,1360
"13800",0.964946026331987,13600,1360
"13801",0.972348685437622,13600,1360
"13802",0.969994298121265,13600,1360
"13803",0.964883065038404,13600,1360
"13804",0.969485823586361,13600,1360
"13805",0.961247748178513,13600,1360
"13806",0.971886405844287,13600,1360
"13807",0.969996700048185,13600,1360
"13808",0.973402649128802,13600,1360
"13809",0.962742609124137,13600,1360
"13810",0.966954133965832,13600,1360
"13811",0.962868999720937,13600,1360
"13812",0.970781867523312,13600,1360
"13813",0.966574129268966,13600,1360
"13814",0.962856923465797,13600,1360
"13815",0.954662560901683,13600,1360
"13816",0.969932263997625,13600,1360
"13817",0.966038246977417,13600,1360
"13818",0.956481879073277,13600,1360
"13819",0.967344489401056,13600,1360
"13820",0.970097111002701,13600,1360
"13821",0.966213383182971,13600,1360
"13822",0.966777532099342,13600,1360
"13823",0.966197389427458,13600,1360
"13824",0.962028011999509,13600,1360
"13825",0.967651430811008,13600,1360
"13826",0.958633138401209,13600,1360
"13827",0.959776756494953,13600,1360
"13828",0.965861576180725,13600,1360
"13829",0.963596766156684,13600,1360
"13830",0.967155420130845,13600,1360
"13831",0.963645241908834,13600,1360
"13832",0.962803784446132,13600,1360
"13833",0.96492323194114,13600,1360
"13834",0.963614013518503,13600,1360
"13835",0.967697148779398,13600,1360
"13836",0.967107062720124,13600,1360
"13837",0.971338113073208,13600,1360
"13838",0.965585331228631,13600,1360
"13839",0.964201085118975,13600,1360
"13840",0.968427754078495,13600,1360
"13841",0.968078751357236,13600,1360
"13842",0.968683260419938,13600,1360
"13843",0.969400040693736,13600,1360
"13844",0.968442681411429,13600,1360
"13845",0.973588005626392,13600,1360
"13846",0.966486318987697,13600,1360
"13847",0.966082695107886,13600,1360
"13848",0.960356207617544,13600,1360
"13849",0.958458731865844,13600,1360
"13850",0.962503776922073,13600,1360
"13851",0.961301272462867,13600,1360
"13852",0.965304501085919,13600,1360
"13853",0.964919961254301,13600,1360
"13854",0.972039840725781,13600,1360
"13855",0.967057307277067,13600,1360
"13856",0.958033657027518,13600,1360
"13857",0.971470082916353,13600,1360
"13858",0.969971791422156,13600,1360
"13859",0.964362286522052,13600,1360
"13860",0.955591201829109,13600,1360
"13861",0.961756549067614,13600,1360
"13862",0.963338866903811,13600,1360
"13863",0.963912245916146,13600,1360
"13864",0.964005772432682,13600,1360
"13865",0.968199403734216,13600,1360
"13866",0.963231147706241,13600,1360
"13867",0.966358424793405,13600,1360
"13868",0.961856863047368,13600,1360
"13869",0.966818926273061,13600,1360
"13870",0.965163585187032,13600,1360
"13871",0.974215560034847,13600,1360
"13872",0.96188932981169,13600,1360
"13873",0.964835542083869,13600,1360
"13874",0.965741337942969,13600,1360
"13875",0.966414050235843,13600,1360
"13876",0.968491858428038,13600,1360
"13877",0.962265360988776,13600,1360
"13878",0.968901335900215,13600,1360
"13879",0.963692339012434,13600,1360
"13880",0.970169301666188,13600,1360
"13881",0.970385736871407,13600,1360
"13882",0.966142794369605,13600,1360
"13883",0.970720968980427,13600,1360
"13884",0.969508826119856,13600,1360
"13885",0.962596078238286,13600,1360
"13886",0.973327643520143,13600,1360
"13887",0.964238761730279,13600,1360
"13888",0.966360983364553,13600,1360
"13889",0.966758003211633,13600,1360
"13890",0.969601542102747,13600,1360
"13891",0.969426771803377,13600,1360
"13892",0.968539147496734,13600,1360
"13893",0.970700753817374,13600,1360
"13894",0.966203145022578,13600,1360
"13895",0.964257303379422,13600,1360
"13896",0.962612767376166,13600,1360
"13897",0.969666169530241,13600,1360
"13898",0.968847604960554,13600,1360
"13899",0.963823371503247,13600,1360
"13900",0.965356796035925,13600,1360
"13901",0.967332310997801,13600,1360
"13902",0.965764365833291,13600,1360
"13903",0.965513976353084,13600,1360
"13904",0.964600516841919,13600,1360
"13905",0.96885235142193,13600,1360
"13906",0.965582047542377,13600,1360
"13907",0.965896044879267,13600,1360
"13908",0.964885258562275,13600,1360
"13909",0.959112324084499,13600,1360
"13910",0.970813596689447,13600,1360
"13911",0.968672043304307,13600,1360
"13912",0.965082366002907,13600,1360
"13913",0.965578376269209,13600,1360
"13914",0.967707412851676,13600,1360
"13915",0.968854500480042,13600,1360
"13916",0.971953818174749,13600,1360
"13917",0.977813467689376,13600,1360
"13918",0.963523547627831,13600,1360
"13919",0.964912744350231,13600,1360
"13920",0.968117761432175,13600,1360
"13921",0.962088476235941,13600,1360
"13922",0.966907311521608,13600,1360
"13923",0.963676676506656,13600,1360
"13924",0.967229783941196,13600,1360
"13925",0.960394513311747,13600,1360
"13926",0.963943511702287,13600,1360
"13927",0.966425922328572,13600,1360
"13928",0.966598559711529,13600,1360
"13929",0.965746307436924,13600,1360
"13930",0.966179804764731,13600,1360
"13931",0.965179089848991,13600,1360
"13932",0.969311388080693,13600,1360
"13933",0.961738493802881,13600,1360
"13934",0.959302779465435,13600,1360
"13935",0.97182050830645,13600,1360
"13936",0.969489009031873,13600,1360
"13937",0.967065789301609,13600,1360
"13938",0.966442823326031,13600,1360
"13939",0.963905403357735,13600,1360
"13940",0.973224161292686,13600,1360
"13941",0.968275029743929,13600,1360
"13942",0.964092761732613,13600,1360
"13943",0.963653223742935,13600,1360
"13944",0.965479372306354,13600,1360
"13945",0.970308522637932,13600,1360
"13946",0.967869200823834,13600,1360
"13947",0.965708852830082,13600,1360
"13948",0.971189169793632,13600,1360
"13949",0.966159028016744,13600,1360
"13950",0.966884101790823,13600,1360
"13951",0.967138731297314,13600,1360
"13952",0.96283726601888,13600,1360
"13953",0.966561195152702,13600,1360
"13954",0.970963744840722,13600,1360
"13955",0.966996046591463,13600,1360
"13956",0.965300925516736,13600,1360
"13957",0.966072062907839,13600,1360
"13958",0.969359482668799,13600,1360
"13959",0.967160610951233,13600,1360
"13960",0.971108967321248,13600,1360
"13961",0.962623784302877,13600,1360
"13962",0.962757422965479,13600,1360
"13963",0.966290825348683,13600,1360
"13964",0.960505816642134,13600,1360
"13965",0.967111792453226,13600,1360
"13966",0.969062288813966,13600,1360
"13967",0.965015396456973,13600,1360
"13968",0.962793830429737,13600,1360
"13969",0.970715202857549,13600,1360
"13970",0.966296644605762,13600,1360
"13971",0.97088647346241,13600,1360
"13972",0.963418080888372,13600,1360
"13973",0.966059583386909,13600,1360
"13974",0.96532667008805,13600,1360
"13975",0.966942311724655,13600,1360
"13976",0.962509485736375,13600,1360
"13977",0.961946160334905,13600,1360
"13978",0.961116384406415,13600,1360
"13979",0.9611881948442,13600,1360
"13980",0.967521712660158,13600,1360
"13981",0.963877220375338,13600,1360
"13982",0.96815885485236,13600,1360
"13983",0.967881315911889,13600,1360
"13984",0.964309165134706,13600,1360
"13985",0.971323224420409,13600,1360
"13986",0.968287579919654,13600,1360
"13987",0.967018100265026,13600,1360
"13988",0.969043017499823,13600,1360
"13989",0.967655599276971,13600,1360
"13990",0.963684963921104,13600,1360
"13991",0.968874236258187,13600,1360
"13992",0.973151540695084,13600,1360
"13993",0.961932554753999,13600,1360
"13994",0.96505820101833,13600,1360
"13995",0.962323133335563,13600,1360
"13996",0.967566607702354,13600,1360
"13997",0.965476255234482,13600,1360
"13998",0.966890595752602,13600,1360
"13999",0.965956149432438,13600,1360
"14000",0.967850251039408,13600,1360
"14001",0.960170687999253,13600,1360
"14002",0.967301636963659,14100,1410
"14003",0.971807453839693,14100,1410
"14004",0.965848391937467,14100,1410
"14005",0.972017843086177,14100,1410
"14006",0.960462833143419,14100,1410
"14007",0.963292845585349,14100,1410
"14008",0.970045744252882,14100,1410
"14009",0.96616781677947,14100,1410
"14010",0.964017990249218,14100,1410
"14011",0.960895528600998,14100,1410
"14012",0.972694878511174,14100,1410
"14013",0.970835182297047,14100,1410
"14014",0.966086346671057,14100,1410
"14015",0.966813043587529,14100,1410
"14016",0.961520303823599,14100,1410
"14017",0.962871657489066,14100,1410
"14018",0.963843333962368,14100,1410
"14019",0.97296858188122,14100,1410
"14020",0.961541016908924,14100,1410
"14021",0.966189036724348,14100,1410
"14022",0.963918182782052,14100,1410
"14023",0.960085072042564,14100,1410
"14024",0.961780069088798,14100,1410
"14025",0.968897129031503,14100,1410
"14026",0.972642023443715,14100,1410
"14027",0.969739517308185,14100,1410
"14028",0.960382247916884,14100,1410
"14029",0.968589274439862,14100,1410
"14030",0.973194362878686,14100,1410
"14031",0.96310103196086,14100,1410
"14032",0.972084985974887,14100,1410
"14033",0.965826906061195,14100,1410
"14034",0.966880929145516,14100,1410
"14035",0.966215547677623,14100,1410
"14036",0.965317233020158,14100,1410
"14037",0.966598302587628,14100,1410
"14038",0.967384643647923,14100,1410
"14039",0.968507960777848,14100,1410
"14040",0.965183421638728,14100,1410
"14041",0.967597359689219,14100,1410
"14042",0.97051516019938,14100,1410
"14043",0.967162052536832,14100,1410
"14044",0.965829152520247,14100,1410
"14045",0.965447688412803,14100,1410
"14046",0.968119470106851,14100,1410
"14047",0.967725033157591,14100,1410
"14048",0.96613690236614,14100,1410
"14049",0.968438609096643,14100,1410
"14050",0.971481592567201,14100,1410
"14051",0.970505163241179,14100,1410
"14052",0.968712092859821,14100,1410
"14053",0.974826972709994,14100,1410
"14054",0.965344133995293,14100,1410
"14055",0.962551392141963,14100,1410
"14056",0.965599430991077,14100,1410
"14057",0.967857152818493,14100,1410
"14058",0.969662218588836,14100,1410
"14059",0.965931777413305,14100,1410
"14060",0.964834319419053,14100,1410
"14061",0.96508210286245,14100,1410
"14062",0.964389081593228,14100,1410
"14063",0.96690016922906,14100,1410
"14064",0.963940439839218,14100,1410
"14065",0.966178144870374,14100,1410
"14066",0.966533787863597,14100,1410
"14067",0.963549735521798,14100,1410
"14068",0.970504771784285,14100,1410
"14069",0.964979478045175,14100,1410
"14070",0.964907630019604,14100,1410
"14071",0.963618659123343,14100,1410
"14072",0.969213946038197,14100,1410
"14073",0.966877931090569,14100,1410
"14074",0.962832829624655,14100,1410
"14075",0.968551673331866,14100,1410
"14076",0.959243908783093,14100,1410
"14077",0.960315335240933,14100,1410
"14078",0.971079753433629,14100,1410
"14079",0.972805506394413,14100,1410
"14080",0.959927342728173,14100,1410
"14081",0.968872451538893,14100,1410
"14082",0.962124460005244,14100,1410
"14083",0.970407158512116,14100,1410
"14084",0.963224576410553,14100,1410
"14085",0.966745338193999,14100,1410
"14086",0.965154770047593,14100,1410
"14087",0.964374644967969,14100,1410
"14088",0.969264335051499,14100,1410
"14089",0.967337325867842,14100,1410
"14090",0.960872663193696,14100,1410
"14091",0.960639033105933,14100,1410
"14092",0.967538404506008,14100,1410
"14093",0.967133416713663,14100,1410
"14094",0.967911387879386,14100,1410
"14095",0.966842627029758,14100,1410
"14096",0.96163188023626,14100,1410
"14097",0.958917040202182,14100,1410
"14098",0.971046167599174,14100,1410
"14099",0.964408345275678,14100,1410
"14100",0.964077008255139,14100,1410
"14101",0.965463712722969,14100,1410
"14102",0.968604865875626,14100,1410
"14103",0.965159180789505,14100,1410
"14104",0.96166826383091,14100,1410
"14105",0.963544539016632,14100,1410
"14106",0.969442725269854,14100,1410
"14107",0.960747918989623,14100,1410
"14108",0.960423036158502,14100,1410
"14109",0.969434629993881,14100,1410
"14110",0.968294152645731,14100,1410
"14111",0.970186876896836,14100,1410
"14112",0.966040739683762,14100,1410
"14113",0.961754461110716,14100,1410
"14114",0.963334417005716,14100,1410
"14115",0.971497781450488,14100,1410
"14116",0.96752459411626,14100,1410
"14117",0.965499142093609,14100,1410
"14118",0.963892555003296,14100,1410
"14119",0.960189371431688,14100,1410
"14120",0.966721803789211,14100,1410
"14121",0.968268155492944,14100,1410
"14122",0.968608256286402,14100,1410
"14123",0.966355070227322,14100,1410
"14124",0.969027677955371,14100,1410
"14125",0.965427019099408,14100,1410
"14126",0.966690832558774,14100,1410
"14127",0.965061669988201,14100,1410
"14128",0.967568148315583,14100,1410
"14129",0.968545184874005,14100,1410
"14130",0.975004518268778,14100,1410
"14131",0.969679548521922,14100,1410
"14132",0.967458366547132,14100,1410
"14133",0.964873055371506,14100,1410
"14134",0.966945897349382,14100,1410
"14135",0.964001698807937,14100,1410
"14136",0.971716111416834,14100,1410
"14137",0.967999341922066,14100,1410
"14138",0.969140944288677,14100,1410
"14139",0.967765223990943,14100,1410
"14140",0.972785120323811,14100,1410
"14141",0.967334850298677,14100,1410
"14142",0.967537218136775,14100,1410
"14143",0.971212864979833,14100,1410
"14144",0.967268827648882,14100,1410
"14145",0.966817342081356,14100,1410
"14146",0.966890042622906,14100,1410
"14147",0.967436911832341,14100,1410
"14148",0.960953246137477,14100,1410
"14149",0.967198734556134,14100,1410
"14150",0.965703908567257,14100,1410
"14151",0.964062678256382,14100,1410
"14152",0.963611782092812,14100,1410
"14153",0.968227327623584,14100,1410
"14154",0.968520951370358,14100,1410
"14155",0.956376107283507,14100,1410
"14156",0.962837476375803,14100,1410
"14157",0.967548873361714,14100,1410
"14158",0.962242635901133,14100,1410
"14159",0.970006476579512,14100,1410
"14160",0.966372156763051,14100,1410
"14161",0.97331214098009,14100,1410
"14162",0.97216815624182,14100,1410
"14163",0.967071931357736,14100,1410
"14164",0.968906251043203,14100,1410
"14165",0.961664186612321,14100,1410
"14166",0.967742288687197,14100,1410
"14167",0.957359990388338,14100,1410
"14168",0.967010149206307,14100,1410
"14169",0.971722029524535,14100,1410
"14170",0.96912608088595,14100,1410
"14171",0.968509264518581,14100,1410
"14172",0.959798847072567,14100,1410
"14173",0.96694188504676,14100,1410
"14174",0.968978159783155,14100,1410
"14175",0.978334311922305,14100,1410
"14176",0.958544525957397,14100,1410
"14177",0.964352662170744,14100,1410
"14178",0.972500384020293,14100,1410
"14179",0.971298117902641,14100,1410
"14180",0.964267419845394,14100,1410
"14181",0.963328829570378,14100,1410
"14182",0.966277058837078,14100,1410
"14183",0.968441576012692,14100,1410
"14184",0.969069107258171,14100,1410
"14185",0.970089354491427,14100,1410
"14186",0.969159538148221,14100,1410
"14187",0.967532867687582,14100,1410
"14188",0.964792228628128,14100,1410
"14189",0.965201900033844,14100,1410
"14190",0.967084685350776,14100,1410
"14191",0.972646098372014,14100,1410
"14192",0.962500123241414,14100,1410
"14193",0.967134047746346,14100,1410
"14194",0.966796703868138,14100,1410
"14195",0.967609360757322,14100,1410
"14196",0.965058512274055,14100,1410
"14197",0.963560518495218,14100,1410
"14198",0.969885253010019,14100,1410
"14199",0.967307830693849,14100,1410
"14200",0.968736919491495,14100,1410
"14201",0.965313283627718,14100,1410
"14202",0.962154045832084,14100,1410
"14203",0.969366624398399,14100,1410
"14204",0.963245292302282,14100,1410
"14205",0.969901757702247,14100,1410
"14206",0.96281822930182,14100,1410
"14207",0.964396905536434,14100,1410
"14208",0.970849641423208,14100,1410
"14209",0.964441297318116,14100,1410
"14210",0.969794428432178,14100,1410
"14211",0.96679941113371,14100,1410
"14212",0.959386607446547,14100,1410
"14213",0.962891175715471,14100,1410
"14214",0.967817773788789,14100,1410
"14215",0.961020787390852,14100,1410
"14216",0.968977709592446,14100,1410
"14217",0.968485240351993,14100,1410
"14218",0.966859596650142,14100,1410
"14219",0.960191287032638,14100,1410
"14220",0.963128398915983,14100,1410
"14221",0.962736561802131,14100,1410
"14222",0.969783404109,14100,1410
"14223",0.969273458420258,14100,1410
"14224",0.966292572036269,14100,1410
"14225",0.963614028917118,14100,1410
"14226",0.964619517073216,14100,1410
"14227",0.964348809904592,14100,1410
"14228",0.972515009779287,14100,1410
"14229",0.970514022301367,14100,1410
"14230",0.966904035815987,14100,1410
"14231",0.958747151621394,14100,1410
"14232",0.965585977836575,14100,1410
"14233",0.96378155507982,14100,1410
"14234",0.96717580626565,14100,1410
"14235",0.970114319618485,14100,1410
"14236",0.972431455296965,14100,1410
"14237",0.965728686357033,14100,1410
"14238",0.969319801234476,14100,1410
"14239",0.962008814215312,14100,1410
"14240",0.967311322052317,14100,1410
"14241",0.969443285518223,14100,1410
"14242",0.972740254591426,14100,1410
"14243",0.965377597409986,14100,1410
"14244",0.975087361678645,14100,1410
"14245",0.96502593502924,14100,1410
"14246",0.964115694391951,14100,1410
"14247",0.970181380575422,14100,1410
"14248",0.963504761900636,14100,1410
"14249",0.96725610215765,14100,1410
"14250",0.970276143509069,14100,1410
"14251",0.969706066688866,14100,1410
"14252",0.96980559804551,14100,1410
"14253",0.967620042830199,14100,1410
"14254",0.967821883784642,14100,1410
"14255",0.968773031594235,14100,1410
"14256",0.966821111285527,14100,1410
"14257",0.959086049580178,14100,1410
"14258",0.963668214520004,14100,1410
"14259",0.972854384855793,14100,1410
"14260",0.962941992364631,14100,1410
"14261",0.963250933632353,14100,1410
"14262",0.963325174395526,14100,1410
"14263",0.967479947389432,14100,1410
"14264",0.961143296777194,14100,1410
"14265",0.961804366784079,14100,1410
"14266",0.967615469422573,14100,1410
"14267",0.960351312427426,14100,1410
"14268",0.966437805536762,14100,1410
"14269",0.966692883833998,14100,1410
"14270",0.961703407238128,14100,1410
"14271",0.963296139460921,14100,1410
"14272",0.964469667322609,14100,1410
"14273",0.96309874992014,14100,1410
"14274",0.969195768961383,14100,1410
"14275",0.969558171658564,14100,1410
"14276",0.9694486257849,14100,1410
"14277",0.965666127043276,14100,1410
"14278",0.96726814108077,14100,1410
"14279",0.966220195941943,14100,1410
"14280",0.965717860075142,14100,1410
"14281",0.969522917596761,14100,1410
"14282",0.966222842321952,14100,1410
"14283",0.969116921365852,14100,1410
"14284",0.967715361728799,14100,1410
"14285",0.963982604338389,14100,1410
"14286",0.960651568237524,14100,1410
"14287",0.960828715896495,14100,1410
"14288",0.967089635038028,14100,1410
"14289",0.960980205831447,14100,1410
"14290",0.970103798146421,14100,1410
"14291",0.967829644649033,14100,1410
"14292",0.973629346486271,14100,1410
"14293",0.970789801539912,14100,1410
"14294",0.968642445334956,14100,1410
"14295",0.966837576140265,14100,1410
"14296",0.963625263967277,14100,1410
"14297",0.964782140080882,14100,1410
"14298",0.962788174122381,14100,1410
"14299",0.971094108932606,14100,1410
"14300",0.969437642951948,14100,1410
"14301",0.970211973671233,14100,1410
"14302",0.963915146532503,14100,1410
"14303",0.966306359041467,14100,1410
"14304",0.96537975007921,14100,1410
"14305",0.964470208628289,14100,1410
"14306",0.968553447342299,14100,1410
"14307",0.960479989753058,14100,1410
"14308",0.967689387260518,14100,1410
"14309",0.96532985924232,14100,1410
"14310",0.965596525211425,14100,1410
"14311",0.967504420333525,14100,1410
"14312",0.963313627297761,14100,1410
"14313",0.969239052851682,14100,1410
"14314",0.96963511103576,14100,1410
"14315",0.969002922430138,14100,1410
"14316",0.962975034141291,14100,1410
"14317",0.967265197687523,14100,1410
"14318",0.9655489885716,14100,1410
"14319",0.965581476379298,14100,1410
"14320",0.971504224986324,14100,1410
"14321",0.969507964470457,14100,1410
"14322",0.962597168316937,14100,1410
"14323",0.963582848026976,14100,1410
"14324",0.961442393738088,14100,1410
"14325",0.969541647436518,14100,1410
"14326",0.96602087170721,14100,1410
"14327",0.965122979218312,14100,1410
"14328",0.966738060262597,14100,1410
"14329",0.962959491010152,14100,1410
"14330",0.964552271660145,14100,1410
"14331",0.963952992971406,14100,1410
"14332",0.96579523983991,14100,1410
"14333",0.965201097164959,14100,1410
"14334",0.966680825750271,14100,1410
"14335",0.968320228605077,14100,1410
"14336",0.96822072527887,14100,1410
"14337",0.966118862401249,14100,1410
"14338",0.97562510490369,14100,1410
"14339",0.965508145344644,14100,1410
"14340",0.95986025390113,14100,1410
"14341",0.965997335073099,14100,1410
"14342",0.964726383730707,14100,1410
"14343",0.966000508066133,14100,1410
"14344",0.965575394655162,14100,1410
"14345",0.974799608195078,14100,1410
"14346",0.966396125945217,14100,1410
"14347",0.972412654820981,14100,1410
"14348",0.961058285102318,14100,1410
"14349",0.960698800069039,14100,1410
"14350",0.969305234168169,14100,1410
"14351",0.95932589239416,14100,1410
"14352",0.965344507487931,14100,1410
"14353",0.971309523932776,14100,1410
"14354",0.969546898858873,14100,1410
"14355",0.966835509344765,14100,1410
"14356",0.969100065169031,14100,1410
"14357",0.967541343794643,14100,1410
"14358",0.957074448499428,14100,1410
"14359",0.969072904525813,14100,1410
"14360",0.966808361920855,14100,1410
"14361",0.96812877313969,14100,1410
"14362",0.966379885221953,14100,1410
"14363",0.971664956741245,14100,1410
"14364",0.968118361551916,14100,1410
"14365",0.960950691743986,14100,1410
"14366",0.970590216417131,14100,1410
"14367",0.966381679467971,14100,1410
"14368",0.965612677316254,14100,1410
"14369",0.971454954844795,14100,1410
"14370",0.969878215972452,14100,1410
"14371",0.969067999496932,14100,1410
"14372",0.965481362036065,14100,1410
"14373",0.971222880899178,14100,1410
"14374",0.963876281834212,14100,1410
"14375",0.971685480955864,14100,1410
"14376",0.962780506000217,14100,1410
"14377",0.970144344040353,14100,1410
"14378",0.968531081592207,14100,1410
"14379",0.962400919967895,14100,1410
"14380",0.965524965695676,14100,1410
"14381",0.96811306877607,14100,1410
"14382",0.967855504594583,14100,1410
"14383",0.968266736107365,14100,1410
"14384",0.963850670773378,14100,1410
"14385",0.968933215604162,14100,1410
"14386",0.96589783733173,14100,1410
"14387",0.965297504741591,14100,1410
"14388",0.967207082843134,14100,1410
"14389",0.971065519108162,14100,1410
"14390",0.9665612259613,14100,1410
"14391",0.969914529500426,14100,1410
"14392",0.966584845309657,14100,1410
"14393",0.96394213860776,14100,1410
"14394",0.972501843305547,14100,1410
"14395",0.964807677067058,14100,1410
"14396",0.959844286483532,14100,1410
"14397",0.9666547831962,14100,1410
"14398",0.966690555251678,14100,1410
"14399",0.963049067212209,14100,1410
"14400",0.967536569481166,14100,1410
"14401",0.970733920876821,14100,1410
"14402",0.971055673544427,14100,1410
"14403",0.970847162574243,14100,1410
"14404",0.967293404963306,14100,1410
"14405",0.968219232539826,14100,1410
"14406",0.96373878213122,14100,1410
"14407",0.965398926188346,14100,1410
"14408",0.961406817071968,14100,1410
"14409",0.964583839434205,14100,1410
"14410",0.966038197859946,14100,1410
"14411",0.969467240774537,14100,1410
"14412",0.963924369626268,14100,1410
"14413",0.969109270330849,14100,1410
"14414",0.970954044382675,14100,1410
"14415",0.970862939998679,14100,1410
"14416",0.969602141286925,14100,1410
"14417",0.970790517641806,14100,1410
"14418",0.964565358725729,14100,1410
"14419",0.965831282515156,14100,1410
"14420",0.965945703849412,14100,1410
"14421",0.968287305908883,14100,1410
"14422",0.968985890902454,14100,1410
"14423",0.968526574491115,14100,1410
"14424",0.962036105484463,14100,1410
"14425",0.96555125074754,14100,1410
"14426",0.975705764174131,14100,1410
"14427",0.971741867518232,14100,1410
"14428",0.963095008352903,14100,1410
"14429",0.967352216748181,14100,1410
"14430",0.967197392641587,14100,1410
"14431",0.964643857378148,14100,1410
"14432",0.9629831713582,14100,1410
"14433",0.971315645031643,14100,1410
"14434",0.970184955271545,14100,1410
"14435",0.967180433086644,14100,1410
"14436",0.965996745252246,14100,1410
"14437",0.965195108822679,14100,1410
"14438",0.970198695396197,14100,1410
"14439",0.968912584989391,14100,1410
"14440",0.968990251970269,14100,1410
"14441",0.966612597443581,14100,1410
"14442",0.971358445457842,14100,1410
"14443",0.973351776426448,14100,1410
"14444",0.95834937887034,14100,1410
"14445",0.968226685127463,14100,1410
"14446",0.960544815177542,14100,1410
"14447",0.963555173111729,14100,1410
"14448",0.970066636232488,14100,1410
"14449",0.96222926735536,14100,1410
"14450",0.969339470533639,14100,1410
"14451",0.97071805871839,14100,1410
"14452",0.966455915670923,14100,1410
"14453",0.973366202963707,14100,1410
"14454",0.973063852719555,14100,1410
"14455",0.964741325689535,14100,1410
"14456",0.966328220367714,14100,1410
"14457",0.966568408642935,14100,1410
"14458",0.965229160867855,14100,1410
"14459",0.958477173194236,14100,1410
"14460",0.967728909241673,14100,1410
"14461",0.961852496789964,14100,1410
"14462",0.968228338288081,14100,1410
"14463",0.962609812671411,14100,1410
"14464",0.965366643518602,14100,1410
"14465",0.970980858005631,14100,1410
"14466",0.966680457693143,14100,1410
"14467",0.971851633292174,14100,1410
"14468",0.973735613538126,14100,1410
"14469",0.969948264875343,14100,1410
"14470",0.968968006422591,14100,1410
"14471",0.968956558957155,14100,1410
"14472",0.966598015928009,14100,1410
"14473",0.964421568219053,14100,1410
"14474",0.968328035543334,14100,1410
"14475",0.96751210002263,14100,1410
"14476",0.970409691597859,14100,1410
"14477",0.969176720293853,14100,1410
"14478",0.966069536390907,14100,1410
"14479",0.9665117505098,14100,1410
"14480",0.968730161743511,14100,1410
"14481",0.972430580748755,14100,1410
"14482",0.969898245445058,14100,1410
"14483",0.972207836552388,14100,1410
"14484",0.966010093623106,14100,1410
"14485",0.965903473794782,14100,1410
"14486",0.972057824704205,14100,1410
"14487",0.960631806115467,14100,1410
"14488",0.969215057647993,14100,1410
"14489",0.966344139485108,14100,1410
"14490",0.965647207028909,14100,1410
"14491",0.971345684634218,14100,1410
"14492",0.968828258410419,14100,1410
"14493",0.967738517891439,14100,1410
"14494",0.964975316489335,14100,1410
"14495",0.963884617478859,14100,1410
"14496",0.963228887034217,14100,1410
"14497",0.966294678199916,14100,1410
"14498",0.961612662793355,14100,1410
"14499",0.958766760216729,14100,1410
"14500",0.966640809322926,14100,1410
"14501",0.963561181394168,14100,1410
"14502",0.969156238578201,14600,1460
"14503",0.966912252707435,14600,1460
"14504",0.962694052659826,14600,1460
"14505",0.966883046763463,14600,1460
"14506",0.977951352735307,14600,1460
"14507",0.967275757029136,14600,1460
"14508",0.968794203084337,14600,1460
"14509",0.969623284046285,14600,1460
"14510",0.964400889204967,14600,1460
"14511",0.970089027603202,14600,1460
"14512",0.963382268895139,14600,1460
"14513",0.965091965409405,14600,1460
"14514",0.969942745324733,14600,1460
"14515",0.967845867706761,14600,1460
"14516",0.96251160639556,14600,1460
"14517",0.961826040805022,14600,1460
"14518",0.969292779050606,14600,1460
"14519",0.969072374875475,14600,1460
"14520",0.970644650217588,14600,1460
"14521",0.962711269820005,14600,1460
"14522",0.969246319440652,14600,1460
"14523",0.976611322397908,14600,1460
"14524",0.968396815873848,14600,1460
"14525",0.966877980329287,14600,1460
"14526",0.971095240363194,14600,1460
"14527",0.964661454452606,14600,1460
"14528",0.966121192375641,14600,1460
"14529",0.968094649137778,14600,1460
"14530",0.971289316436598,14600,1460
"14531",0.95963829708754,14600,1460
"14532",0.972758074258386,14600,1460
"14533",0.965674974976631,14600,1460
"14534",0.974664395736802,14600,1460
"14535",0.966984930635465,14600,1460
"14536",0.973671304851874,14600,1460
"14537",0.961576847574976,14600,1460
"14538",0.967839797795407,14600,1460
"14539",0.973727227112741,14600,1460
"14540",0.971780779380158,14600,1460
"14541",0.970770359057462,14600,1460
"14542",0.966966576457402,14600,1460
"14543",0.969124987626636,14600,1460
"14544",0.968770562793479,14600,1460
"14545",0.96323429507234,14600,1460
"14546",0.96906174684705,14600,1460
"14547",0.968218902136328,14600,1460
"14548",0.968427184379934,14600,1460
"14549",0.967381202051841,14600,1460
"14550",0.972485810797423,14600,1460
"14551",0.970595747586935,14600,1460
"14552",0.970428342045302,14600,1460
"14553",0.963598219066307,14600,1460
"14554",0.968050883604989,14600,1460
"14555",0.966846453573862,14600,1460
"14556",0.96790922476169,14600,1460
"14557",0.973064369854934,14600,1460
"14558",0.967748712717578,14600,1460
"14559",0.97128305317667,14600,1460
"14560",0.965007589703534,14600,1460
"14561",0.971412966104082,14600,1460
"14562",0.964105973836057,14600,1460
"14563",0.969829969132801,14600,1460
"14564",0.963449925713062,14600,1460
"14565",0.970847214046811,14600,1460
"14566",0.962053059643154,14600,1460
"14567",0.972162568191883,14600,1460
"14568",0.962328145360055,14600,1460
"14569",0.963014525489461,14600,1460
"14570",0.967019473075916,14600,1460
"14571",0.970685351189305,14600,1460
"14572",0.963632748790492,14600,1460
"14573",0.968037052025581,14600,1460
"14574",0.965057379549283,14600,1460
"14575",0.960692962140006,14600,1460
"14576",0.967772968432742,14600,1460
"14577",0.965036591710399,14600,1460
"14578",0.963855534760055,14600,1460
"14579",0.966374053661809,14600,1460
"14580",0.967189679542666,14600,1460
"14581",0.965880284549711,14600,1460
"14582",0.975109751455233,14600,1460
"14583",0.965761534863439,14600,1460
"14584",0.966755677483136,14600,1460
"14585",0.969100396038695,14600,1460
"14586",0.970118845511068,14600,1460
"14587",0.970812162775717,14600,1460
"14588",0.96974111809601,14600,1460
"14589",0.972179996196961,14600,1460
"14590",0.972102328054406,14600,1460
"14591",0.971608728611404,14600,1460
"14592",0.963652293264551,14600,1460
"14593",0.974100860558023,14600,1460
"14594",0.960034182573011,14600,1460
"14595",0.970922499890329,14600,1460
"14596",0.968276166060634,14600,1460
"14597",0.96570625976448,14600,1460
"14598",0.963479980100596,14600,1460
"14599",0.976361822021955,14600,1460
"14600",0.970197917400641,14600,1460
"14601",0.971720019627559,14600,1460
"14602",0.970257723260476,14600,1460
"14603",0.963085314483237,14600,1460
"14604",0.968970138999253,14600,1460
"14605",0.963189917932967,14600,1460
"14606",0.969760376562984,14600,1460
"14607",0.973343645299985,14600,1460
"14608",0.965401221527616,14600,1460
"14609",0.969328663941486,14600,1460
"14610",0.965250136171623,14600,1460
"14611",0.971830786080912,14600,1460
"14612",0.969565659708299,14600,1460
"14613",0.966400076877431,14600,1460
"14614",0.975099419860521,14600,1460
"14615",0.971571073589143,14600,1460
"14616",0.967973785790986,14600,1460
"14617",0.973601879425652,14600,1460
"14618",0.970314303226105,14600,1460
"14619",0.963195587782411,14600,1460
"14620",0.96430599289856,14600,1460
"14621",0.9721619076898,14600,1460
"14622",0.968609896370374,14600,1460
"14623",0.96871362828679,14600,1460
"14624",0.964659935363132,14600,1460
"14625",0.966486416137748,14600,1460
"14626",0.963513754311689,14600,1460
"14627",0.967944668735846,14600,1460
"14628",0.966517924839684,14600,1460
"14629",0.96902325460871,14600,1460
"14630",0.972130277823885,14600,1460
"14631",0.96737096464911,14600,1460
"14632",0.967892123242687,14600,1460
"14633",0.968569640761646,14600,1460
"14634",0.966305062035269,14600,1460
"14635",0.964996579831588,14600,1460
"14636",0.972332924851957,14600,1460
"14637",0.964984289321333,14600,1460
"14638",0.960252447623942,14600,1460
"14639",0.968481908091575,14600,1460
"14640",0.965124969191377,14600,1460
"14641",0.968357577123334,14600,1460
"14642",0.965042687046629,14600,1460
"14643",0.966149871799815,14600,1460
"14644",0.967833483616303,14600,1460
"14645",0.969171654221178,14600,1460
"14646",0.965353663428879,14600,1460
"14647",0.967372164484432,14600,1460
"14648",0.965032476451366,14600,1460
"14649",0.966691895217228,14600,1460
"14650",0.962792211650468,14600,1460
"14651",0.971877879372093,14600,1460
"14652",0.965247961849504,14600,1460
"14653",0.962807816389697,14600,1460
"14654",0.967192510834537,14600,1460
"14655",0.966137421897241,14600,1460
"14656",0.967491370941097,14600,1460
"14657",0.969061062171026,14600,1460
"14658",0.972968890552127,14600,1460
"14659",0.970323675335381,14600,1460
"14660",0.965975147977273,14600,1460
"14661",0.96742472349429,14600,1460
"14662",0.969594492377864,14600,1460
"14663",0.968508062121785,14600,1460
"14664",0.967134111081604,14600,1460
"14665",0.968211165928918,14600,1460
"14666",0.970404143177447,14600,1460
"14667",0.968731443486518,14600,1460
"14668",0.970314704196388,14600,1460
"14669",0.96842429710794,14600,1460
"14670",0.964687175216365,14600,1460
"14671",0.968682613170448,14600,1460
"14672",0.966226533077634,14600,1460
"14673",0.972006160702011,14600,1460
"14674",0.968514210743295,14600,1460
"14675",0.965908457639366,14600,1460
"14676",0.967889319031642,14600,1460
"14677",0.970720971752113,14600,1460
"14678",0.967043524129943,14600,1460
"14679",0.964590969543418,14600,1460
"14680",0.966502296680401,14600,1460
"14681",0.969690193205806,14600,1460
"14682",0.971995633965032,14600,1460
"14683",0.970835842303717,14600,1460
"14684",0.97017988450974,14600,1460
"14685",0.972489262081281,14600,1460
"14686",0.972815617187784,14600,1460
"14687",0.968921731824013,14600,1460
"14688",0.961150985350032,14600,1460
"14689",0.967064932180879,14600,1460
"14690",0.964787372743292,14600,1460
"14691",0.967335774223074,14600,1460
"14692",0.968798046973025,14600,1460
"14693",0.9718730832377,14600,1460
"14694",0.968327875766913,14600,1460
"14695",0.970738727904396,14600,1460
"14696",0.967541645380821,14600,1460
"14697",0.968603465822415,14600,1460
"14698",0.970685070935136,14600,1460
"14699",0.971772164759655,14600,1460
"14700",0.965434659860728,14600,1460
"14701",0.971535186406608,14600,1460
"14702",0.967760617514606,14600,1460
"14703",0.96578600523644,14600,1460
"14704",0.971164900825499,14600,1460
"14705",0.961088124127747,14600,1460
"14706",0.967721311240705,14600,1460
"14707",0.970475888029688,14600,1460
"14708",0.96350357174959,14600,1460
"14709",0.966534867683756,14600,1460
"14710",0.964966495010064,14600,1460
"14711",0.970697366301522,14600,1460
"14712",0.969625891385438,14600,1460
"14713",0.96670104614275,14600,1460
"14714",0.96564248778801,14600,1460
"14715",0.969632149490749,14600,1460
"14716",0.964839448575444,14600,1460
"14717",0.960653166351752,14600,1460
"14718",0.960304941512944,14600,1460
"14719",0.967058657998815,14600,1460
"14720",0.970639866821995,14600,1460
"14721",0.96444834594956,14600,1460
"14722",0.967054120846376,14600,1460
"14723",0.966899984525043,14600,1460
"14724",0.967537109679417,14600,1460
"14725",0.969469043842865,14600,1460
"14726",0.968035447890203,14600,1460
"14727",0.971036222164848,14600,1460
"14728",0.970459248775422,14600,1460
"14729",0.969477679295245,14600,1460
"14730",0.970280940948276,14600,1460
"14731",0.969936717123747,14600,1460
"14732",0.965917872558266,14600,1460
"14733",0.96184282326798,14600,1460
"14734",0.96412645211039,14600,1460
"14735",0.962830876772106,14600,1460
"14736",0.966679101897809,14600,1460
"14737",0.968975304999334,14600,1460
"14738",0.966260637957246,14600,1460
"14739",0.965452890665487,14600,1460
"14740",0.97012868860759,14600,1460
"14741",0.966155301533806,14600,1460
"14742",0.964379320860311,14600,1460
"14743",0.971896739467665,14600,1460
"14744",0.963511155417919,14600,1460
"14745",0.965396356652164,14600,1460
"14746",0.966535528807816,14600,1460
"14747",0.969005822543126,14600,1460
"14748",0.966083028946051,14600,1460
"14749",0.971238387693534,14600,1460
"14750",0.964306258323626,14600,1460
"14751",0.970979767661644,14600,1460
"14752",0.969569587434695,14600,1460
"14753",0.967297785066872,14600,1460
"14754",0.974142310707071,14600,1460
"14755",0.974678925330594,14600,1460
"14756",0.971524339443303,14600,1460
"14757",0.963990565215521,14600,1460
"14758",0.968058557805753,14600,1460
"14759",0.970853320841676,14600,1460
"14760",0.968753175122515,14600,1460
"14761",0.965915145114296,14600,1460
"14762",0.962385855344946,14600,1460
"14763",0.966019726584087,14600,1460
"14764",0.971878740540216,14600,1460
"14765",0.97652852625856,14600,1460
"14766",0.967909480331983,14600,1460
"14767",0.965413413340062,14600,1460
"14768",0.970691478530073,14600,1460
"14769",0.967875325737187,14600,1460
"14770",0.973602062663544,14600,1460
"14771",0.967879783386897,14600,1460
"14772",0.964310859165135,14600,1460
"14773",0.970143263571327,14600,1460
"14774",0.96067692109061,14600,1460
"14775",0.963505166311,14600,1460
"14776",0.972063238160422,14600,1460
"14777",0.968127770101975,14600,1460
"14778",0.964340053040953,14600,1460
"14779",0.967009123762103,14600,1460
"14780",0.966961941814792,14600,1460
"14781",0.965591080948897,14600,1460
"14782",0.968600604425161,14600,1460
"14783",0.963281368523202,14600,1460
"14784",0.969058272713047,14600,1460
"14785",0.967592376592924,14600,1460
"14786",0.974255364183309,14600,1460
"14787",0.966541298912525,14600,1460
"14788",0.972253102901494,14600,1460
"14789",0.9754463874453,14600,1460
"14790",0.973012060066968,14600,1460
"14791",0.963810097104765,14600,1460
"14792",0.965566515875606,14600,1460
"14793",0.968704119289854,14600,1460
"14794",0.965912868063304,14600,1460
"14795",0.965935905882681,14600,1460
"14796",0.961569776258942,14600,1460
"14797",0.961625896503403,14600,1460
"14798",0.968431924810472,14600,1460
"14799",0.967020837016725,14600,1460
"14800",0.964840786702905,14600,1460
"14801",0.970192454261044,14600,1460
"14802",0.971900683496313,14600,1460
"14803",0.967914562213478,14600,1460
"14804",0.965951199165611,14600,1460
"14805",0.971332855927269,14600,1460
"14806",0.969482546692627,14600,1460
"14807",0.965613362184907,14600,1460
"14808",0.973804845974428,14600,1460
"14809",0.960424514493847,14600,1460
"14810",0.967918538916039,14600,1460
"14811",0.965044644931225,14600,1460
"14812",0.96957786718435,14600,1460
"14813",0.96274089429146,14600,1460
"14814",0.970012018518032,14600,1460
"14815",0.967653342607683,14600,1460
"14816",0.964589853881338,14600,1460
"14817",0.967090985210433,14600,1460
"14818",0.975667287803931,14600,1460
"14819",0.973507438103846,14600,1460
"14820",0.965479608871516,14600,1460
"14821",0.965921440714202,14600,1460
"14822",0.970491182967706,14600,1460
"14823",0.972387567612846,14600,1460
"14824",0.971793262242227,14600,1460
"14825",0.96932722867894,14600,1460
"14826",0.968827494994942,14600,1460
"14827",0.968001009185445,14600,1460
"14828",0.97029402029386,14600,1460
"14829",0.971922871001844,14600,1460
"14830",0.971250530371978,14600,1460
"14831",0.963653962484226,14600,1460
"14832",0.974360028269287,14600,1460
"14833",0.965434922206348,14600,1460
"14834",0.96490589792066,14600,1460
"14835",0.964880853893343,14600,1460
"14836",0.964799440714055,14600,1460
"14837",0.96785942218823,14600,1460
"14838",0.969016797540535,14600,1460
"14839",0.972966859347946,14600,1460
"14840",0.969371617158616,14600,1460
"14841",0.962836167495753,14600,1460
"14842",0.96143875560158,14600,1460
"14843",0.97092389761806,14600,1460
"14844",0.972256992423261,14600,1460
"14845",0.971320307413978,14600,1460
"14846",0.972474441820107,14600,1460
"14847",0.965619705648421,14600,1460
"14848",0.965610183393368,14600,1460
"14849",0.970645290085861,14600,1460
"14850",0.9674463941707,14600,1460
"14851",0.962876202572513,14600,1460
"14852",0.965196299128479,14600,1460
"14853",0.973253093348072,14600,1460
"14854",0.968106858526608,14600,1460
"14855",0.966749504662225,14600,1460
"14856",0.968745897096317,14600,1460
"14857",0.96833765807343,14600,1460
"14858",0.968345464076668,14600,1460
"14859",0.968318160405104,14600,1460
"14860",0.971427225044884,14600,1460
"14861",0.96965351988271,14600,1460
"14862",0.978896026353113,14600,1460
"14863",0.969981536284625,14600,1460
"14864",0.971766528780329,14600,1460
"14865",0.965596244666982,14600,1460
"14866",0.971084331455008,14600,1460
"14867",0.966897977909051,14600,1460
"14868",0.971636655627017,14600,1460
"14869",0.972243894846274,14600,1460
"14870",0.967553676619915,14600,1460
"14871",0.964618112958298,14600,1460
"14872",0.968384080773601,14600,1460
"14873",0.968013395413061,14600,1460
"14874",0.964120530091496,14600,1460
"14875",0.968117184696067,14600,1460
"14876",0.963186766282364,14600,1460
"14877",0.967841896407749,14600,1460
"14878",0.96516159593507,14600,1460
"14879",0.968615949465471,14600,1460
"14880",0.964695833378431,14600,1460
"14881",0.966935143066194,14600,1460
"14882",0.969057534364211,14600,1460
"14883",0.968983302299834,14600,1460
"14884",0.967263775662709,14600,1460
"14885",0.965390885565378,14600,1460
"14886",0.962326906759662,14600,1460
"14887",0.965601658793189,14600,1460
"14888",0.966100161709869,14600,1460
"14889",0.96423807024136,14600,1460
"14890",0.966158471555555,14600,1460
"14891",0.961344003105874,14600,1460
"14892",0.970788762076177,14600,1460
"14893",0.967536213584513,14600,1460
"14894",0.959502175786623,14600,1460
"14895",0.971245910652041,14600,1460
"14896",0.967226721540248,14600,1460
"14897",0.969971150538591,14600,1460
"14898",0.969873144768949,14600,1460
"14899",0.968806682343819,14600,1460
"14900",0.970338314754531,14600,1460
"14901",0.963983156763845,14600,1460
"14902",0.969371851143178,14600,1460
"14903",0.968778924390902,14600,1460
"14904",0.961707998588402,14600,1460
"14905",0.96367244239769,14600,1460
"14906",0.96054326809467,14600,1460
"14907",0.974240428429491,14600,1460
"14908",0.965252026538848,14600,1460
"14909",0.965544815577701,14600,1460
"14910",0.965073680175413,14600,1460
"14911",0.96707458449783,14600,1460
"14912",0.970392941913557,14600,1460
"14913",0.969210731039765,14600,1460
"14914",0.967945346678423,14600,1460
"14915",0.959995091385395,14600,1460
"14916",0.967707627315142,14600,1460
"14917",0.96666628441688,14600,1460
"14918",0.967566630215047,14600,1460
"14919",0.964885612361793,14600,1460
"14920",0.97230787095354,14600,1460
"14921",0.973115415004417,14600,1460
"14922",0.971853244882508,14600,1460
"14923",0.968880965970758,14600,1460
"14924",0.971154727358105,14600,1460
"14925",0.966837850791041,14600,1460
"14926",0.965198287930143,14600,1460
"14927",0.967219531365851,14600,1460
"14928",0.969817927173069,14600,1460
"14929",0.963718951450762,14600,1460
"14930",0.962540582361046,14600,1460
"14931",0.966930995138082,14600,1460
"14932",0.968746454692141,14600,1460
"14933",0.972581774045107,14600,1460
"14934",0.962920416329179,14600,1460
"14935",0.972613893117077,14600,1460
"14936",0.971067742017309,14600,1460
"14937",0.971304853684972,14600,1460
"14938",0.970747056673195,14600,1460
"14939",0.970246331535323,14600,1460
"14940",0.974180383341158,14600,1460
"14941",0.960977886013354,14600,1460
"14942",0.959749773155414,14600,1460
"14943",0.966357604104612,14600,1460
"14944",0.966896636328704,14600,1460
"14945",0.964629540423048,14600,1460
"14946",0.959128940868906,14600,1460
"14947",0.975551369542971,14600,1460
"14948",0.962798066245511,14600,1460
"14949",0.969694566251597,14600,1460
"14950",0.966483574180067,14600,1460
"14951",0.96396882769722,14600,1460
"14952",0.968698790214636,14600,1460
"14953",0.965180168390294,14600,1460
"14954",0.967238649158757,14600,1460
"14955",0.967419453927837,14600,1460
"14956",0.967291925225673,14600,1460
"14957",0.967426983716432,14600,1460
"14958",0.967577917373422,14600,1460
"14959",0.967795220863186,14600,1460
"14960",0.968789220283591,14600,1460
"14961",0.967172376275275,14600,1460
"14962",0.969590608983702,14600,1460
"14963",0.972271206779935,14600,1460
"14964",0.964272461753233,14600,1460
"14965",0.966540337989971,14600,1460
"14966",0.959640795186337,14600,1460
"14967",0.964485194726263,14600,1460
"14968",0.965293772861388,14600,1460
"14969",0.972232978966403,14600,1460
"14970",0.963171793483071,14600,1460
"14971",0.971471360241583,14600,1460
"14972",0.968885809216578,14600,1460
"14973",0.969280162191096,14600,1460
"14974",0.971798391224912,14600,1460
"14975",0.967844970306594,14600,1460
"14976",0.963556719457809,14600,1460
"14977",0.96616660241087,14600,1460
"14978",0.963282482455876,14600,1460
"14979",0.969255318680936,14600,1460
"14980",0.968466546222122,14600,1460
"14981",0.965320194455771,14600,1460
"14982",0.968083766985858,14600,1460
"14983",0.969518924061676,14600,1460
"14984",0.970150562322006,14600,1460
"14985",0.971911640093548,14600,1460
"14986",0.964114676928178,14600,1460
"14987",0.961613291751842,14600,1460
"14988",0.966668706242646,14600,1460
"14989",0.97020132807322,14600,1460
"14990",0.96635376916061,14600,1460
"14991",0.964628864675942,14600,1460
"14992",0.964454489552126,14600,1460
"14993",0.969477624457925,14600,1460
"14994",0.968225123695434,14600,1460
"14995",0.965777916054124,14600,1460
"14996",0.961385245264143,14600,1460
"14997",0.962892333161913,14600,1460
"14998",0.971521250452218,14600,1460
"14999",0.966528759625844,14600,1460
"15000",0.963588231231907,14600,1460
"15001",0.966145946433788,14600,1460
"15002",0.965685941856661,15100,1510
"15003",0.971510618087666,15100,1510
"15004",0.967594070118745,15100,1510
"15005",0.961651238005085,15100,1510
"15006",0.97246987826655,15100,1510
"15007",0.967191452337725,15100,1510
"15008",0.958632354002568,15100,1510
"15009",0.966208457305514,15100,1510
"15010",0.965043257108209,15100,1510
"15011",0.966754369667246,15100,1510
"15012",0.973660876148528,15100,1510
"15013",0.964665957912222,15100,1510
"15014",0.964427558415215,15100,1510
"15015",0.973374882286292,15100,1510
"15016",0.970223613139252,15100,1510
"15017",0.972788806767561,15100,1510
"15018",0.969353121597102,15100,1510
"15019",0.973259352944665,15100,1510
"15020",0.96927160967271,15100,1510
"15021",0.967815232063704,15100,1510
"15022",0.971974260684869,15100,1510
"15023",0.972368173737703,15100,1510
"15024",0.970882174002165,15100,1510
"15025",0.969545492366494,15100,1510
"15026",0.96693659174209,15100,1510
"15027",0.962978673578174,15100,1510
"15028",0.968457676821702,15100,1510
"15029",0.973319267240853,15100,1510
"15030",0.96887701891436,15100,1510
"15031",0.96933130397717,15100,1510
"15032",0.964394280929028,15100,1510
"15033",0.967518494256451,15100,1510
"15034",0.970456023919333,15100,1510
"15035",0.96883718242895,15100,1510
"15036",0.968514644067285,15100,1510
"15037",0.967169532991187,15100,1510
"15038",0.972971776712224,15100,1510
"15039",0.972156122277509,15100,1510
"15040",0.971041217736488,15100,1510
"15041",0.968355945770954,15100,1510
"15042",0.964941051125862,15100,1510
"15043",0.972375914960835,15100,1510
"15044",0.968970516214907,15100,1510
"15045",0.965404383184465,15100,1510
"15046",0.967740250575592,15100,1510
"15047",0.972126905591122,15100,1510
"15048",0.972494480711784,15100,1510
"15049",0.973189423980732,15100,1510
"15050",0.971318213661449,15100,1510
"15051",0.971535572647652,15100,1510
"15052",0.970035089723365,15100,1510
"15053",0.972553420825683,15100,1510
"15054",0.964876226003458,15100,1510
"15055",0.969933769615634,15100,1510
"15056",0.970212031533314,15100,1510
"15057",0.972459894398084,15100,1510
"15058",0.963554692128535,15100,1510
"15059",0.968381339344148,15100,1510
"15060",0.972759282275185,15100,1510
"15061",0.967156309677744,15100,1510
"15062",0.969874414082521,15100,1510
"15063",0.971354716830269,15100,1510
"15064",0.968943476880128,15100,1510
"15065",0.9684688180029,15100,1510
"15066",0.964695346237695,15100,1510
"15067",0.97035528443087,15100,1510
"15068",0.967884338930378,15100,1510
"15069",0.969583137084596,15100,1510
"15070",0.968596937038712,15100,1510
"15071",0.966360439818353,15100,1510
"15072",0.966839788120916,15100,1510
"15073",0.971696589610454,15100,1510
"15074",0.968351871734658,15100,1510
"15075",0.97294976050853,15100,1510
"15076",0.970350716227374,15100,1510
"15077",0.970563344462302,15100,1510
"15078",0.967217892937921,15100,1510
"15079",0.96867776524089,15100,1510
"15080",0.97600908096433,15100,1510
"15081",0.969719037699787,15100,1510
"15082",0.968096571206997,15100,1510
"15083",0.974317765247073,15100,1510
"15084",0.971312681122219,15100,1510
"15085",0.965104202895344,15100,1510
"15086",0.964825007351148,15100,1510
"15087",0.97179167409615,15100,1510
"15088",0.968072648633869,15100,1510
"15089",0.969198097621833,15100,1510
"15090",0.969271056530729,15100,1510
"15091",0.967707032043224,15100,1510
"15092",0.96868155996816,15100,1510
"15093",0.970744717048158,15100,1510
"15094",0.970626035257416,15100,1510
"15095",0.966967179763227,15100,1510
"15096",0.971523111353116,15100,1510
"15097",0.967272279351741,15100,1510
"15098",0.968941473952361,15100,1510
"15099",0.969761727351912,15100,1510
"15100",0.964432168675964,15100,1510
"15101",0.972477479990668,15100,1510
"15102",0.96373339578738,15100,1510
"15103",0.965142518482865,15100,1510
"15104",0.967549038288651,15100,1510
"15105",0.968749991900235,15100,1510
"15106",0.966497751132481,15100,1510
"15107",0.966567423055171,15100,1510
"15108",0.96729390211642,15100,1510
"15109",0.96969466224449,15100,1510
"15110",0.97124812318604,15100,1510
"15111",0.969149063164729,15100,1510
"15112",0.966716327502933,15100,1510
"15113",0.972438537792761,15100,1510
"15114",0.968400411203977,15100,1510
"15115",0.97223661743045,15100,1510
"15116",0.970463631298683,15100,1510
"15117",0.969957075967676,15100,1510
"15118",0.967312180202646,15100,1510
"15119",0.964897662121833,15100,1510
"15120",0.966135305431942,15100,1510
"15121",0.967118132519577,15100,1510
"15122",0.976483124630106,15100,1510
"15123",0.960966916375487,15100,1510
"15124",0.962766068668301,15100,1510
"15125",0.975101775592325,15100,1510
"15126",0.971352180767831,15100,1510
"15127",0.966860481097531,15100,1510
"15128",0.968989434108258,15100,1510
"15129",0.968808978823493,15100,1510
"15130",0.967063101093905,15100,1510
"15131",0.966874109186453,15100,1510
"15132",0.965464043687558,15100,1510
"15133",0.969279919188795,15100,1510
"15134",0.966318553211522,15100,1510
"15135",0.965694977046962,15100,1510
"15136",0.97011703456263,15100,1510
"15137",0.970738208486989,15100,1510
"15138",0.972928994106618,15100,1510
"15139",0.973754440893415,15100,1510
"15140",0.96688328274132,15100,1510
"15141",0.968858991158513,15100,1510
"15142",0.970237233594523,15100,1510
"15143",0.965154418055075,15100,1510
"15144",0.962357175629901,15100,1510
"15145",0.967734901278501,15100,1510
"15146",0.97118492873601,15100,1510
"15147",0.973091473053407,15100,1510
"15148",0.965328645226029,15100,1510
"15149",0.969306011258911,15100,1510
"15150",0.966021605819221,15100,1510
"15151",0.971772634102368,15100,1510
"15152",0.973196938751262,15100,1510
"15153",0.969710227325666,15100,1510
"15154",0.974456185880784,15100,1510
"15155",0.966717227152077,15100,1510
"15156",0.967906132132982,15100,1510
"15157",0.965794446039885,15100,1510
"15158",0.967037870604309,15100,1510
"15159",0.967776596645529,15100,1510
"15160",0.967769059809795,15100,1510
"15161",0.967619391156221,15100,1510
"15162",0.973023363901036,15100,1510
"15163",0.969523010437648,15100,1510
"15164",0.968604384454346,15100,1510
"15165",0.96394095988077,15100,1510
"15166",0.967600985905466,15100,1510
"15167",0.965990647473748,15100,1510
"15168",0.975595783993588,15100,1510
"15169",0.965709681588952,15100,1510
"15170",0.96800772210084,15100,1510
"15171",0.971553474707688,15100,1510
"15172",0.976759887647964,15100,1510
"15173",0.970833711326764,15100,1510
"15174",0.971300274993596,15100,1510
"15175",0.967444230198622,15100,1510
"15176",0.972176461393484,15100,1510
"15177",0.974601945652284,15100,1510
"15178",0.965842628018164,15100,1510
"15179",0.9673757639217,15100,1510
"15180",0.964971674955254,15100,1510
"15181",0.964243535755569,15100,1510
"15182",0.971117226235483,15100,1510
"15183",0.964643551690135,15100,1510
"15184",0.973348248933523,15100,1510
"15185",0.972468808932065,15100,1510
"15186",0.959670736524823,15100,1510
"15187",0.967059206019794,15100,1510
"15188",0.963887140077057,15100,1510
"15189",0.971899957815343,15100,1510
"15190",0.969276827958049,15100,1510
"15191",0.97205153654163,15100,1510
"15192",0.972281198178782,15100,1510
"15193",0.969783323983171,15100,1510
"15194",0.96353153631063,15100,1510
"15195",0.96167093791256,15100,1510
"15196",0.972063102661756,15100,1510
"15197",0.974432157119836,15100,1510
"15198",0.973606300862001,15100,1510
"15199",0.969973265652221,15100,1510
"15200",0.973659410461788,15100,1510
"15201",0.96954834451295,15100,1510
"15202",0.96654976714062,15100,1510
"15203",0.968210779873702,15100,1510
"15204",0.967612438806401,15100,1510
"15205",0.966565245817447,15100,1510
"15206",0.968324166456113,15100,1510
"15207",0.973807428381513,15100,1510
"15208",0.965942202750696,15100,1510
"15209",0.9720060622011,15100,1510
"15210",0.965101577245881,15100,1510
"15211",0.963474464137961,15100,1510
"15212",0.973721702311292,15100,1510
"15213",0.961859294805745,15100,1510
"15214",0.966570252737002,15100,1510
"15215",0.972086019623843,15100,1510
"15216",0.971346286799396,15100,1510
"15217",0.965875239779833,15100,1510
"15218",0.966570382773049,15100,1510
"15219",0.969648938168548,15100,1510
"15220",0.969465819108642,15100,1510
"15221",0.965221931015522,15100,1510
"15222",0.968654120765859,15100,1510
"15223",0.9701722119624,15100,1510
"15224",0.967647695591051,15100,1510
"15225",0.970248899404521,15100,1510
"15226",0.967512777426735,15100,1510
"15227",0.969211902658581,15100,1510
"15228",0.968450486708541,15100,1510
"15229",0.970270262954027,15100,1510
"15230",0.968684817503268,15100,1510
"15231",0.968281898778509,15100,1510
"15232",0.972836632461387,15100,1510
"15233",0.965125482556391,15100,1510
"15234",0.967130284627125,15100,1510
"15235",0.967846642668802,15100,1510
"15236",0.965144188848301,15100,1510
"15237",0.96522678036682,15100,1510
"15238",0.966455696168985,15100,1510
"15239",0.973297217516863,15100,1510
"15240",0.973713490820501,15100,1510
"15241",0.972121395954255,15100,1510
"15242",0.964305343696241,15100,1510
"15243",0.957525369051485,15100,1510
"15244",0.969175238153413,15100,1510
"15245",0.97205356970169,15100,1510
"15246",0.969250606180514,15100,1510
"15247",0.966250415829396,15100,1510
"15248",0.970373808467529,15100,1510
"15249",0.968365637912653,15100,1510
"15250",0.971659289228607,15100,1510
"15251",0.969220317542584,15100,1510
"15252",0.97034335650894,15100,1510
"15253",0.975298669345697,15100,1510
"15254",0.968658363011987,15100,1510
"15255",0.969129871960283,15100,1510
"15256",0.965804707548388,15100,1510
"15257",0.964782871768318,15100,1510
"15258",0.964896056464829,15100,1510
"15259",0.967883063431404,15100,1510
"15260",0.967280980175238,15100,1510
"15261",0.971520772837599,15100,1510
"15262",0.971529758870324,15100,1510
"15263",0.970912317841324,15100,1510
"15264",0.96961340520728,15100,1510
"15265",0.96601215223294,15100,1510
"15266",0.967614022554542,15100,1510
"15267",0.966678042513283,15100,1510
"15268",0.965351735706485,15100,1510
"15269",0.965556367896206,15100,1510
"15270",0.968895029509044,15100,1510
"15271",0.969088781298554,15100,1510
"15272",0.965902820335319,15100,1510
"15273",0.964782419499671,15100,1510
"15274",0.966607677518668,15100,1510
"15275",0.97279462575401,15100,1510
"15276",0.965918919600898,15100,1510
"15277",0.968682291082633,15100,1510
"15278",0.962534393061415,15100,1510
"15279",0.971273666139093,15100,1510
"15280",0.978382151872696,15100,1510
"15281",0.967069011893953,15100,1510
"15282",0.963848923963914,15100,1510
"15283",0.968687449485317,15100,1510
"15284",0.970207629103686,15100,1510
"15285",0.972610827045042,15100,1510
"15286",0.963864895346511,15100,1510
"15287",0.964345615561221,15100,1510
"15288",0.962889566814082,15100,1510
"15289",0.965046298014474,15100,1510
"15290",0.963335990626722,15100,1510
"15291",0.966887543468512,15100,1510
"15292",0.960725266357417,15100,1510
"15293",0.971812428491483,15100,1510
"15294",0.969157192324745,15100,1510
"15295",0.97025737307926,15100,1510
"15296",0.9694150141452,15100,1510
"15297",0.970827213009737,15100,1510
"15298",0.975645712794108,15100,1510
"15299",0.96323380028,15100,1510
"15300",0.970923458008245,15100,1510
"15301",0.971312241932696,15100,1510
"15302",0.967873858581781,15100,1510
"15303",0.969914272431151,15100,1510
"15304",0.962565382162725,15100,1510
"15305",0.969487147696846,15100,1510
"15306",0.971167115177686,15100,1510
"15307",0.969749438228941,15100,1510
"15308",0.966143672292578,15100,1510
"15309",0.973659754584249,15100,1510
"15310",0.970210001522628,15100,1510
"15311",0.969690022838732,15100,1510
"15312",0.97408780009083,15100,1510
"15313",0.972592188141531,15100,1510
"15314",0.968837274910746,15100,1510
"15315",0.971556990127467,15100,1510
"15316",0.968688340910963,15100,1510
"15317",0.969151899052205,15100,1510
"15318",0.971091561842453,15100,1510
"15319",0.966027795136019,15100,1510
"15320",0.97072450119729,15100,1510
"15321",0.969982560887244,15100,1510
"15322",0.973354807856891,15100,1510
"15323",0.965399385596921,15100,1510
"15324",0.96604263828354,15100,1510
"15325",0.969862670605122,15100,1510
"15326",0.966489668926581,15100,1510
"15327",0.971327993426334,15100,1510
"15328",0.970492655224812,15100,1510
"15329",0.96830578853454,15100,1510
"15330",0.967475159595436,15100,1510
"15331",0.965580513609543,15100,1510
"15332",0.969688485294027,15100,1510
"15333",0.965499052334169,15100,1510
"15334",0.966364492749893,15100,1510
"15335",0.96284545919489,15100,1510
"15336",0.968100864611303,15100,1510
"15337",0.967938496009707,15100,1510
"15338",0.970235112555407,15100,1510
"15339",0.967481387925779,15100,1510
"15340",0.965536502643171,15100,1510
"15341",0.970010355673565,15100,1510
"15342",0.96801869851056,15100,1510
"15343",0.966145433107084,15100,1510
"15344",0.973259553804361,15100,1510
"15345",0.967754420389912,15100,1510
"15346",0.962957939068154,15100,1510
"15347",0.972365854912256,15100,1510
"15348",0.96158936656396,15100,1510
"15349",0.973628131580975,15100,1510
"15350",0.969735802002346,15100,1510
"15351",0.968105798460663,15100,1510
"15352",0.973207482090105,15100,1510
"15353",0.969080074845202,15100,1510
"15354",0.969747057820635,15100,1510
"15355",0.969565379322131,15100,1510
"15356",0.965483515928688,15100,1510
"15357",0.971301064238081,15100,1510
"15358",0.96833386877594,15100,1510
"15359",0.966650303600744,15100,1510
"15360",0.973433424185875,15100,1510
"15361",0.972041732988741,15100,1510
"15362",0.973562379868812,15100,1510
"15363",0.965513697533688,15100,1510
"15364",0.967941244450541,15100,1510
"15365",0.968496876971032,15100,1510
"15366",0.972527764932296,15100,1510
"15367",0.966890144187724,15100,1510
"15368",0.975497250744751,15100,1510
"15369",0.972091375503561,15100,1510
"15370",0.962946608498423,15100,1510
"15371",0.967802418584749,15100,1510
"15372",0.974624056552287,15100,1510
"15373",0.966153458102799,15100,1510
"15374",0.968404960764518,15100,1510
"15375",0.967133499206201,15100,1510
"15376",0.974402799505546,15100,1510
"15377",0.974564611128818,15100,1510
"15378",0.967841432784614,15100,1510
"15379",0.969706455680071,15100,1510
"15380",0.972375748201616,15100,1510
"15381",0.964263320614409,15100,1510
"15382",0.96943736053474,15100,1510
"15383",0.973655646196737,15100,1510
"15384",0.97429510018841,15100,1510
"15385",0.969630933048556,15100,1510
"15386",0.973480099445492,15100,1510
"15387",0.96812540727471,15100,1510
"15388",0.971440901510387,15100,1510
"15389",0.969331569703269,15100,1510
"15390",0.967492263067689,15100,1510
"15391",0.969257833935593,15100,1510
"15392",0.96416928811827,15100,1510
"15393",0.970930983050603,15100,1510
"15394",0.966384026504596,15100,1510
"15395",0.973077411924479,15100,1510
"15396",0.966877717330046,15100,1510
"15397",0.97105565806976,15100,1510
"15398",0.973027859208791,15100,1510
"15399",0.971426747704895,15100,1510
"15400",0.966719962461295,15100,1510
"15401",0.972357959405414,15100,1510
"15402",0.972699068192951,15100,1510
"15403",0.972171586434834,15100,1510
"15404",0.975291821202112,15100,1510
"15405",0.972764970233065,15100,1510
"15406",0.972846877247549,15100,1510
"15407",0.973619008485088,15100,1510
"15408",0.966755729058906,15100,1510
"15409",0.969540265307237,15100,1510
"15410",0.967958289155789,15100,1510
"15411",0.971080323699206,15100,1510
"15412",0.96848885085494,15100,1510
"15413",0.970933754048715,15100,1510
"15414",0.970765165900846,15100,1510
"15415",0.969929228106873,15100,1510
"15416",0.969010862022602,15100,1510
"15417",0.969116036467316,15100,1510
"15418",0.970751885201992,15100,1510
"15419",0.967298418031155,15100,1510
"15420",0.969779309200236,15100,1510
"15421",0.964846526199891,15100,1510
"15422",0.966619641087125,15100,1510
"15423",0.965063939894421,15100,1510
"15424",0.966710723118064,15100,1510
"15425",0.965992819187713,15100,1510
"15426",0.967292376946047,15100,1510
"15427",0.967574384169904,15100,1510
"15428",0.968819711355995,15100,1510
"15429",0.967541864928446,15100,1510
"15430",0.972092446313738,15100,1510
"15431",0.969246797235464,15100,1510
"15432",0.970348881926073,15100,1510
"15433",0.966383581776925,15100,1510
"15434",0.971668636645061,15100,1510
"15435",0.97109500754443,15100,1510
"15436",0.968861093560197,15100,1510
"15437",0.970595005229263,15100,1510
"15438",0.965964515669948,15100,1510
"15439",0.969907592272978,15100,1510
"15440",0.967780135491888,15100,1510
"15441",0.967884347239272,15100,1510
"15442",0.964758794525553,15100,1510
"15443",0.968276799468996,15100,1510
"15444",0.967058652820556,15100,1510
"15445",0.972486699538705,15100,1510
"15446",0.965800314666934,15100,1510
"15447",0.976587058445653,15100,1510
"15448",0.970700584907738,15100,1510
"15449",0.966456497723529,15100,1510
"15450",0.973699309682463,15100,1510
"15451",0.967941642933559,15100,1510
"15452",0.967775384720871,15100,1510
"15453",0.969072819599143,15100,1510
"15454",0.964157713803106,15100,1510
"15455",0.967752179515005,15100,1510
"15456",0.968134038436181,15100,1510
"15457",0.971632762256133,15100,1510
"15458",0.971466303693674,15100,1510
"15459",0.969632757996931,15100,1510
"15460",0.970854786582787,15100,1510
"15461",0.962860900115178,15100,1510
"15462",0.959671668761227,15100,1510
"15463",0.968436308773169,15100,1510
"15464",0.968003719880008,15100,1510
"15465",0.969740433235943,15100,1510
"15466",0.971101437507422,15100,1510
"15467",0.973810280040356,15100,1510
"15468",0.970976813281818,15100,1510
"15469",0.966820877619222,15100,1510
"15470",0.968930094075818,15100,1510
"15471",0.971665333240188,15100,1510
"15472",0.967676534761015,15100,1510
"15473",0.970224087722439,15100,1510
"15474",0.970162893158203,15100,1510
"15475",0.969888240187893,15100,1510
"15476",0.969260071576233,15100,1510
"15477",0.967245534998989,15100,1510
"15478",0.96746130766498,15100,1510
"15479",0.969877049517376,15100,1510
"15480",0.97023889816329,15100,1510
"15481",0.966739828639046,15100,1510
"15482",0.967213741244384,15100,1510
"15483",0.970818374532378,15100,1510
"15484",0.967161815392987,15100,1510
"15485",0.963976775573446,15100,1510
"15486",0.967850294979387,15100,1510
"15487",0.967048875830797,15100,1510
"15488",0.966962991863633,15100,1510
"15489",0.968502065002002,15100,1510
"15490",0.971077973933821,15100,1510
"15491",0.969777766780611,15100,1510
"15492",0.97065347005824,15100,1510
"15493",0.969087377835035,15100,1510
"15494",0.973540106070763,15100,1510
"15495",0.97486059194973,15100,1510
"15496",0.968923225627071,15100,1510
"15497",0.964595930217812,15100,1510
"15498",0.965561927644615,15100,1510
"15499",0.969517143403303,15100,1510
"15500",0.965687087239892,15100,1510
"15501",0.970189172085683,15100,1510
"15502",0.968143404604503,15600,1560
"15503",0.966347496623152,15600,1560
"15504",0.969427744708658,15600,1560
"15505",0.971406429728972,15600,1560
"15506",0.963377169293481,15600,1560
"15507",0.974919182927501,15600,1560
"15508",0.966269576396647,15600,1560
"15509",0.972335611367355,15600,1560
"15510",0.968459674801437,15600,1560
"15511",0.965971820145279,15600,1560
"15512",0.967650487958374,15600,1560
"15513",0.973707933681377,15600,1560
"15514",0.969880046417392,15600,1560
"15515",0.975716728847872,15600,1560
"15516",0.968320431199107,15600,1560
"15517",0.972528666218453,15600,1560
"15518",0.963688682691182,15600,1560
"15519",0.970466038815606,15600,1560
"15520",0.96587541598007,15600,1560
"15521",0.965028457190675,15600,1560
"15522",0.972369625615876,15600,1560
"15523",0.967897816372554,15600,1560
"15524",0.971987373547823,15600,1560
"15525",0.968872848125541,15600,1560
"15526",0.968740722714624,15600,1560
"15527",0.971614692507664,15600,1560
"15528",0.971587438050231,15600,1560
"15529",0.96777384844682,15600,1560
"15530",0.967886481747836,15600,1560
"15531",0.970969779363652,15600,1560
"15532",0.978714987016877,15600,1560
"15533",0.971785396373153,15600,1560
"15534",0.974224394866725,15600,1560
"15535",0.971893134675746,15600,1560
"15536",0.968458283539025,15600,1560
"15537",0.969494265301585,15600,1560
"15538",0.971037729114921,15600,1560
"15539",0.968003333509207,15600,1560
"15540",0.97109962738555,15600,1560
"15541",0.972443455194247,15600,1560
"15542",0.962770863168726,15600,1560
"15543",0.973736267515386,15600,1560
"15544",0.970884267431118,15600,1560
"15545",0.97013855723401,15600,1560
"15546",0.969381704760227,15600,1560
"15547",0.969334689597203,15600,1560
"15548",0.962704595372755,15600,1560
"15549",0.967544661748433,15600,1560
"15550",0.973851460813419,15600,1560
"15551",0.964039372425322,15600,1560
"15552",0.974322357075864,15600,1560
"15553",0.977323884196197,15600,1560
"15554",0.96907545210172,15600,1560
"15555",0.975836187692996,15600,1560
"15556",0.975951287730103,15600,1560
"15557",0.968874034480498,15600,1560
"15558",0.962989611101955,15600,1560
"15559",0.9654017425188,15600,1560
"15560",0.970196386081123,15600,1560
"15561",0.970736760380616,15600,1560
"15562",0.967278125189717,15600,1560
"15563",0.970422945412663,15600,1560
"15564",0.970933675127178,15600,1560
"15565",0.970796169526273,15600,1560
"15566",0.966230815301889,15600,1560
"15567",0.965026306890478,15600,1560
"15568",0.968650548882244,15600,1560
"15569",0.969543532714834,15600,1560
"15570",0.96637056301024,15600,1560
"15571",0.964719259791666,15600,1560
"15572",0.966806577621081,15600,1560
"15573",0.970528716478208,15600,1560
"15574",0.971027372659779,15600,1560
"15575",0.964606349849792,15600,1560
"15576",0.975565585625042,15600,1560
"15577",0.970801044867414,15600,1560
"15578",0.965468030408176,15600,1560
"15579",0.97038074037012,15600,1560
"15580",0.970177078246385,15600,1560
"15581",0.971376555511365,15600,1560
"15582",0.975347731994217,15600,1560
"15583",0.970838218402687,15600,1560
"15584",0.967397196288496,15600,1560
"15585",0.962548626709777,15600,1560
"15586",0.969524739846892,15600,1560
"15587",0.965981001971721,15600,1560
"15588",0.967927658697371,15600,1560
"15589",0.969945808989981,15600,1560
"15590",0.971752141380264,15600,1560
"15591",0.965876832075124,15600,1560
"15592",0.963060103214425,15600,1560
"15593",0.969497081889315,15600,1560
"15594",0.971970684689016,15600,1560
"15595",0.970920043959658,15600,1560
"15596",0.966053740614584,15600,1560
"15597",0.972152498065896,15600,1560
"15598",0.973982396879272,15600,1560
"15599",0.970816010919288,15600,1560
"15600",0.968449666717911,15600,1560
"15601",0.971561468019971,15600,1560
"15602",0.968838006277095,15600,1560
"15603",0.969709458168659,15600,1560
"15604",0.970008279764767,15600,1560
"15605",0.975209600411811,15600,1560
"15606",0.967413736141504,15600,1560
"15607",0.968040069151097,15600,1560
"15608",0.976197981210467,15600,1560
"15609",0.967512435136702,15600,1560
"15610",0.969990005621752,15600,1560
"15611",0.97028622299685,15600,1560
"15612",0.970308878203915,15600,1560
"15613",0.970182698758686,15600,1560
"15614",0.971122815923673,15600,1560
"15615",0.977819501133052,15600,1560
"15616",0.97237520152722,15600,1560
"15617",0.969102009772474,15600,1560
"15618",0.970281552685556,15600,1560
"15619",0.972932181378669,15600,1560
"15620",0.972631777613241,15600,1560
"15621",0.968292550545975,15600,1560
"15622",0.971245802417197,15600,1560
"15623",0.969600179662653,15600,1560
"15624",0.970623670115527,15600,1560
"15625",0.971805715625969,15600,1560
"15626",0.968661576148089,15600,1560
"15627",0.96778790879403,15600,1560
"15628",0.972533192062475,15600,1560
"15629",0.97080289997072,15600,1560
"15630",0.970060516188441,15600,1560
"15631",0.967180598658118,15600,1560
"15632",0.970105078878047,15600,1560
"15633",0.973030512752453,15600,1560
"15634",0.974334249669096,15600,1560
"15635",0.972850572248113,15600,1560
"15636",0.969428213475674,15600,1560
"15637",0.968963093620683,15600,1560
"15638",0.968163321601155,15600,1560
"15639",0.966519227215478,15600,1560
"15640",0.967610767732951,15600,1560
"15641",0.966406196538169,15600,1560
"15642",0.972967803210122,15600,1560
"15643",0.969565807440537,15600,1560
"15644",0.971947118688048,15600,1560
"15645",0.971784776570015,15600,1560
"15646",0.965137860505619,15600,1560
"15647",0.971152704421914,15600,1560
"15648",0.969242730142542,15600,1560
"15649",0.967653765282729,15600,1560
"15650",0.971285051864319,15600,1560
"15651",0.963488733017189,15600,1560
"15652",0.968688884330085,15600,1560
"15653",0.977608658132426,15600,1560
"15654",0.971164872031523,15600,1560
"15655",0.970391218541539,15600,1560
"15656",0.970544187614557,15600,1560
"15657",0.969606809423532,15600,1560
"15658",0.967166460762888,15600,1560
"15659",0.968192530000957,15600,1560
"15660",0.97202575223088,15600,1560
"15661",0.969967526113354,15600,1560
"15662",0.977345079511316,15600,1560
"15663",0.973605952235054,15600,1560
"15664",0.967324316354113,15600,1560
"15665",0.971939343940229,15600,1560
"15666",0.971674661897319,15600,1560
"15667",0.967174384668287,15600,1560
"15668",0.966167089681724,15600,1560
"15669",0.970718946690709,15600,1560
"15670",0.973555977241683,15600,1560
"15671",0.973683189023569,15600,1560
"15672",0.967826500992547,15600,1560
"15673",0.967302539382567,15600,1560
"15674",0.973915730612915,15600,1560
"15675",0.970825147624008,15600,1560
"15676",0.968403581365233,15600,1560
"15677",0.968897999939324,15600,1560
"15678",0.968219673318241,15600,1560
"15679",0.968592951621724,15600,1560
"15680",0.969243869759992,15600,1560
"15681",0.970633028214647,15600,1560
"15682",0.967299832046144,15600,1560
"15683",0.970093029594841,15600,1560
"15684",0.97556421839488,15600,1560
"15685",0.968017889886634,15600,1560
"15686",0.971933633902271,15600,1560
"15687",0.971449103439786,15600,1560
"15688",0.975033393768541,15600,1560
"15689",0.968312663949639,15600,1560
"15690",0.969014199822143,15600,1560
"15691",0.971426384676514,15600,1560
"15692",0.971507122046602,15600,1560
"15693",0.971208575332782,15600,1560
"15694",0.96362973135488,15600,1560
"15695",0.972493873983472,15600,1560
"15696",0.964927436428822,15600,1560
"15697",0.964075755726636,15600,1560
"15698",0.97026477082202,15600,1560
"15699",0.966366745273381,15600,1560
"15700",0.969323219850257,15600,1560
"15701",0.966474301170357,15600,1560
"15702",0.962543247700362,15600,1560
"15703",0.9692421201704,15600,1560
"15704",0.970210399040841,15600,1560
"15705",0.971651086658932,15600,1560
"15706",0.961379103099403,15600,1560
"15707",0.972567599879548,15600,1560
"15708",0.960831218479879,15600,1560
"15709",0.9713976851901,15600,1560
"15710",0.971527708600725,15600,1560
"15711",0.974742437348333,15600,1560
"15712",0.969893478409913,15600,1560
"15713",0.968995344224331,15600,1560
"15714",0.96480562527055,15600,1560
"15715",0.970329127152927,15600,1560
"15716",0.966280791684708,15600,1560
"15717",0.96839472608158,15600,1560
"15718",0.964018567092141,15600,1560
"15719",0.971309596042643,15600,1560
"15720",0.971480635667211,15600,1560
"15721",0.967088754832558,15600,1560
"15722",0.97237183356432,15600,1560
"15723",0.965447272224948,15600,1560
"15724",0.972429016467291,15600,1560
"15725",0.969443482801627,15600,1560
"15726",0.965630139514992,15600,1560
"15727",0.966492678292504,15600,1560
"15728",0.973182017583927,15600,1560
"15729",0.967959975118065,15600,1560
"15730",0.969472596764844,15600,1560
"15731",0.964712528922569,15600,1560
"15732",0.971812895999475,15600,1560
"15733",0.966709354565472,15600,1560
"15734",0.969460107106244,15600,1560
"15735",0.970672756963305,15600,1560
"15736",0.96439257854744,15600,1560
"15737",0.970122708445255,15600,1560
"15738",0.964267106051046,15600,1560
"15739",0.972286438756048,15600,1560
"15740",0.97259834316062,15600,1560
"15741",0.97110119255854,15600,1560
"15742",0.972440758073378,15600,1560
"15743",0.970695196918099,15600,1560
"15744",0.966550193524477,15600,1560
"15745",0.966483464339843,15600,1560
"15746",0.972474182997225,15600,1560
"15747",0.972691923469484,15600,1560
"15748",0.971529300492439,15600,1560
"15749",0.973960362207892,15600,1560
"15750",0.971912965734243,15600,1560
"15751",0.967608130674695,15600,1560
"15752",0.969890235103526,15600,1560
"15753",0.967177149832173,15600,1560
"15754",0.966232017246587,15600,1560
"15755",0.969337512114874,15600,1560
"15756",0.971161318368617,15600,1560
"15757",0.967787021961644,15600,1560
"15758",0.973368288324956,15600,1560
"15759",0.969288326335917,15600,1560
"15760",0.968978615336517,15600,1560
"15761",0.973630504382967,15600,1560
"15762",0.968640125874384,15600,1560
"15763",0.968992313121403,15600,1560
"15764",0.96982562809605,15600,1560
"15765",0.969750337044927,15600,1560
"15766",0.970611559746926,15600,1560
"15767",0.970870755638999,15600,1560
"15768",0.971939455132878,15600,1560
"15769",0.972013495875554,15600,1560
"15770",0.976497163630079,15600,1560
"15771",0.972415516639885,15600,1560
"15772",0.96711434973199,15600,1560
"15773",0.968829359089582,15600,1560
"15774",0.966725070950807,15600,1560
"15775",0.969019235510489,15600,1560
"15776",0.971245975098686,15600,1560
"15777",0.97282670333059,15600,1560
"15778",0.973665047424041,15600,1560
"15779",0.971247049997019,15600,1560
"15780",0.97377241047594,15600,1560
"15781",0.97479492399391,15600,1560
"15782",0.968121084488377,15600,1560
"15783",0.967204046587015,15600,1560
"15784",0.971869668019059,15600,1560
"15785",0.972941852596219,15600,1560
"15786",0.970782927203837,15600,1560
"15787",0.965975123848073,15600,1560
"15788",0.970238477552937,15600,1560
"15789",0.97152292047496,15600,1560
"15790",0.969206455518558,15600,1560
"15791",0.965690836790488,15600,1560
"15792",0.972076446934687,15600,1560
"15793",0.967163290187214,15600,1560
"15794",0.970580226061681,15600,1560
"15795",0.970167014195421,15600,1560
"15796",0.967123927376044,15600,1560
"15797",0.965733339090696,15600,1560
"15798",0.971732640518959,15600,1560
"15799",0.963096630270319,15600,1560
"15800",0.970853908042916,15600,1560
"15801",0.971315371967939,15600,1560
"15802",0.969888545065493,15600,1560
"15803",0.967391854919108,15600,1560
"15804",0.971982636233691,15600,1560
"15805",0.967688389487344,15600,1560
"15806",0.971346783012606,15600,1560
"15807",0.961597191039264,15600,1560
"15808",0.971016659770084,15600,1560
"15809",0.964164439017823,15600,1560
"15810",0.968398710643057,15600,1560
"15811",0.969979379161735,15600,1560
"15812",0.972653506863185,15600,1560
"15813",0.96776541876656,15600,1560
"15814",0.966643027287499,15600,1560
"15815",0.972304008409211,15600,1560
"15816",0.968456190426391,15600,1560
"15817",0.971924147453979,15600,1560
"15818",0.971738549206567,15600,1560
"15819",0.971345240677469,15600,1560
"15820",0.96691794762807,15600,1560
"15821",0.971494865765404,15600,1560
"15822",0.968672454936357,15600,1560
"15823",0.973159711647488,15600,1560
"15824",0.964039607008986,15600,1560
"15825",0.965906700259647,15600,1560
"15826",0.965857139891893,15600,1560
"15827",0.967075503484078,15600,1560
"15828",0.973783072536023,15600,1560
"15829",0.965073045709877,15600,1560
"15830",0.966708063613266,15600,1560
"15831",0.973264300979598,15600,1560
"15832",0.971449828602428,15600,1560
"15833",0.971102507655531,15600,1560
"15834",0.972588555074048,15600,1560
"15835",0.970370586130312,15600,1560
"15836",0.968921816246513,15600,1560
"15837",0.96395813584581,15600,1560
"15838",0.973693944737221,15600,1560
"15839",0.965969328329907,15600,1560
"15840",0.96775375466275,15600,1560
"15841",0.972342721646016,15600,1560
"15842",0.972592267800356,15600,1560
"15843",0.975469188059985,15600,1560
"15844",0.967933155779832,15600,1560
"15845",0.969589898058872,15600,1560
"15846",0.966871312522936,15600,1560
"15847",0.973776776111001,15600,1560
"15848",0.971597600048827,15600,1560
"15849",0.969399876761139,15600,1560
"15850",0.970787383129491,15600,1560
"15851",0.968522668918301,15600,1560
"15852",0.969298732365136,15600,1560
"15853",0.973136768122469,15600,1560
"15854",0.972791761890201,15600,1560
"15855",0.975964119245085,15600,1560
"15856",0.9686664843361,15600,1560
"15857",0.968825343445295,15600,1560
"15858",0.958697328362467,15600,1560
"15859",0.970517370133656,15600,1560
"15860",0.968100312951161,15600,1560
"15861",0.966214042435949,15600,1560
"15862",0.971525566149716,15600,1560
"15863",0.969764335655745,15600,1560
"15864",0.976893321330613,15600,1560
"15865",0.96674137235643,15600,1560
"15866",0.967997807115912,15600,1560
"15867",0.970068244960027,15600,1560
"15868",0.975106094038036,15600,1560
"15869",0.973857342851427,15600,1560
"15870",0.963669798348717,15600,1560
"15871",0.97565942108084,15600,1560
"15872",0.969843506919439,15600,1560
"15873",0.96681912133677,15600,1560
"15874",0.968464149260143,15600,1560
"15875",0.96662137383479,15600,1560
"15876",0.967960662933185,15600,1560
"15877",0.973784173038434,15600,1560
"15878",0.96986395295213,15600,1560
"15879",0.976644818315115,15600,1560
"15880",0.974527796622316,15600,1560
"15881",0.964312856386626,15600,1560
"15882",0.970603332099082,15600,1560
"15883",0.967587323310881,15600,1560
"15884",0.97451186442751,15600,1560
"15885",0.966062915224224,15600,1560
"15886",0.970869496394157,15600,1560
"15887",0.965901016156594,15600,1560
"15888",0.968479037806152,15600,1560
"15889",0.968490187302803,15600,1560
"15890",0.970414620433528,15600,1560
"15891",0.974072116374284,15600,1560
"15892",0.967074073846991,15600,1560
"15893",0.970264739928439,15600,1560
"15894",0.964984956901961,15600,1560
"15895",0.96389587112347,15600,1560
"15896",0.970349445821434,15600,1560
"15897",0.966002468568955,15600,1560
"15898",0.968702838422384,15600,1560
"15899",0.97025503252837,15600,1560
"15900",0.970948127173874,15600,1560
"15901",0.971920775320589,15600,1560
"15902",0.963016876644085,15600,1560
"15903",0.966790171672547,15600,1560
"15904",0.972076738912486,15600,1560
"15905",0.971248475877053,15600,1560
"15906",0.97300761574178,15600,1560
"15907",0.971980502411049,15600,1560
"15908",0.975194206861805,15600,1560
"15909",0.972200272835259,15600,1560
"15910",0.970697090519749,15600,1560
"15911",0.961092024866543,15600,1560
"15912",0.97120168755239,15600,1560
"15913",0.972693311705414,15600,1560
"15914",0.971144533172334,15600,1560
"15915",0.973291754595326,15600,1560
"15916",0.969332286215867,15600,1560
"15917",0.970970367540185,15600,1560
"15918",0.963038490977356,15600,1560
"15919",0.975326606230693,15600,1560
"15920",0.971731420245967,15600,1560
"15921",0.969546743756539,15600,1560
"15922",0.972883385726155,15600,1560
"15923",0.973342652723567,15600,1560
"15924",0.971057190773452,15600,1560
"15925",0.976155687967174,15600,1560
"15926",0.970111589720467,15600,1560
"15927",0.977107194619666,15600,1560
"15928",0.971581805726945,15600,1560
"15929",0.960322910803303,15600,1560
"15930",0.976342886088515,15600,1560
"15931",0.96714436162897,15600,1560
"15932",0.97588549529106,15600,1560
"15933",0.972964485349775,15600,1560
"15934",0.974367393188972,15600,1560
"15935",0.973354640600488,15600,1560
"15936",0.965025096401866,15600,1560
"15937",0.961052430502563,15600,1560
"15938",0.967757219519826,15600,1560
"15939",0.977110501357046,15600,1560
"15940",0.965910169319042,15600,1560
"15941",0.970399058346168,15600,1560
"15942",0.977115590978312,15600,1560
"15943",0.965601482942049,15600,1560
"15944",0.96932188532117,15600,1560
"15945",0.968624667633741,15600,1560
"15946",0.968798763128916,15600,1560
"15947",0.969256926945806,15600,1560
"15948",0.972528666105805,15600,1560
"15949",0.973414794573299,15600,1560
"15950",0.970382662742414,15600,1560
"15951",0.965259939017355,15600,1560
"15952",0.974301823564298,15600,1560
"15953",0.967952862128895,15600,1560
"15954",0.966084626375286,15600,1560
"15955",0.972897529165186,15600,1560
"15956",0.972236335531844,15600,1560
"15957",0.967840927589877,15600,1560
"15958",0.969770144000125,15600,1560
"15959",0.969734941717271,15600,1560
"15960",0.967859316475595,15600,1560
"15961",0.971589491967468,15600,1560
"15962",0.971239389813927,15600,1560
"15963",0.976332671263786,15600,1560
"15964",0.968295780293185,15600,1560
"15965",0.96873109052982,15600,1560
"15966",0.969744282266605,15600,1560
"15967",0.966966416692711,15600,1560
"15968",0.970823973622437,15600,1560
"15969",0.965947619096233,15600,1560
"15970",0.970403729172524,15600,1560
"15971",0.967612194533014,15600,1560
"15972",0.966510109155588,15600,1560
"15973",0.968818280491512,15600,1560
"15974",0.975006839723201,15600,1560
"15975",0.972704705999909,15600,1560
"15976",0.964386244621513,15600,1560
"15977",0.965296478829981,15600,1560
"15978",0.971466515763539,15600,1560
"15979",0.969670909629564,15600,1560
"15980",0.971450908557949,15600,1560
"15981",0.96624811835061,15600,1560
"15982",0.971588683894603,15600,1560
"15983",0.968578999092826,15600,1560
"15984",0.976192290881998,15600,1560
"15985",0.974187843301344,15600,1560
"15986",0.971078330587557,15600,1560
"15987",0.970465530122276,15600,1560
"15988",0.966141114980309,15600,1560
"15989",0.968274895998949,15600,1560
"15990",0.974479926690851,15600,1560
"15991",0.962440292833239,15600,1560
"15992",0.970810944056417,15600,1560
"15993",0.964368347573523,15600,1560
"15994",0.975296793215575,15600,1560
"15995",0.97126202952828,15600,1560
"15996",0.974288114032848,15600,1560
"15997",0.969768538410427,15600,1560
"15998",0.961718233514004,15600,1560
"15999",0.973126338422868,15600,1560
"16000",0.972250495438066,15600,1560
"16001",0.965864818560333,15600,1560
"16002",0.968239576717157,16100,1610
"16003",0.975375576252336,16100,1610
"16004",0.972585840009968,16100,1610
"16005",0.972325704680927,16100,1610
"16006",0.965627992607717,16100,1610
"16007",0.973016923418731,16100,1610
"16008",0.975740791080999,16100,1610
"16009",0.966588366622876,16100,1610
"16010",0.971614980111278,16100,1610
"16011",0.975092040388939,16100,1610
"16012",0.967710099350299,16100,1610
"16013",0.97464280275875,16100,1610
"16014",0.97168704338101,16100,1610
"16015",0.973623474429069,16100,1610
"16016",0.971368041262249,16100,1610
"16017",0.970776001970046,16100,1610
"16018",0.96832180548316,16100,1610
"16019",0.967098087119885,16100,1610
"16020",0.972039696813607,16100,1610
"16021",0.9717333750848,16100,1610
"16022",0.973741999485789,16100,1610
"16023",0.972185376082424,16100,1610
"16024",0.969529840573555,16100,1610
"16025",0.966627669092585,16100,1610
"16026",0.977133855241461,16100,1610
"16027",0.96878316138946,16100,1610
"16028",0.965951938899518,16100,1610
"16029",0.970645108857231,16100,1610
"16030",0.971760296731853,16100,1610
"16031",0.975039891690248,16100,1610
"16032",0.970056498215514,16100,1610
"16033",0.964612243605904,16100,1610
"16034",0.974779978424319,16100,1610
"16035",0.965134639023499,16100,1610
"16036",0.969101935524265,16100,1610
"16037",0.975944375260017,16100,1610
"16038",0.972357793532091,16100,1610
"16039",0.966718265718135,16100,1610
"16040",0.969956947225949,16100,1610
"16041",0.976475312147441,16100,1610
"16042",0.96598417328846,16100,1610
"16043",0.974744394130656,16100,1610
"16044",0.972330099627375,16100,1610
"16045",0.974945494709869,16100,1610
"16046",0.970228189081481,16100,1610
"16047",0.974571868430465,16100,1610
"16048",0.972556209852397,16100,1610
"16049",0.964561507133502,16100,1610
"16050",0.96803552344547,16100,1610
"16051",0.973298570466257,16100,1610
"16052",0.966459564205265,16100,1610
"16053",0.977637642630826,16100,1610
"16054",0.972051927637377,16100,1610
"16055",0.971540691193657,16100,1610
"16056",0.965985444325462,16100,1610
"16057",0.970431605877931,16100,1610
"16058",0.970849283928831,16100,1610
"16059",0.967771719066126,16100,1610
"16060",0.972700645390126,16100,1610
"16061",0.967858304404436,16100,1610
"16062",0.972023998698573,16100,1610
"16063",0.968958221391182,16100,1610
"16064",0.969629152982747,16100,1610
"16065",0.972507374036492,16100,1610
"16066",0.975245469485166,16100,1610
"16067",0.973687176366258,16100,1610
"16068",0.965483979351461,16100,1610
"16069",0.972653258559331,16100,1610
"16070",0.97743875860379,16100,1610
"16071",0.971453670796353,16100,1610
"16072",0.97319107488213,16100,1610
"16073",0.967575554999429,16100,1610
"16074",0.973037527850404,16100,1610
"16075",0.970873559244803,16100,1610
"16076",0.970792378716518,16100,1610
"16077",0.970876298007243,16100,1610
"16078",0.969732267576169,16100,1610
"16079",0.974139676561799,16100,1610
"16080",0.968406872410463,16100,1610
"16081",0.964944927997107,16100,1610
"16082",0.973769084018688,16100,1610
"16083",0.969063167765155,16100,1610
"16084",0.972944855352274,16100,1610
"16085",0.971291588244299,16100,1610
"16086",0.963334935979071,16100,1610
"16087",0.970752337364792,16100,1610
"16088",0.969178316402736,16100,1610
"16089",0.975408412463386,16100,1610
"16090",0.968678571292604,16100,1610
"16091",0.97077694519934,16100,1610
"16092",0.971311740453714,16100,1610
"16093",0.972796338388913,16100,1610
"16094",0.968394551743176,16100,1610
"16095",0.971613063173221,16100,1610
"16096",0.971554820142325,16100,1610
"16097",0.969414418518772,16100,1610
"16098",0.967759411132703,16100,1610
"16099",0.973272518692513,16100,1610
"16100",0.975803926972115,16100,1610
"16101",0.97132176933546,16100,1610
"16102",0.968039132535023,16100,1610
"16103",0.975285968344406,16100,1610
"16104",0.975366353332563,16100,1610
"16105",0.971591713090737,16100,1610
"16106",0.974040029284904,16100,1610
"16107",0.966971488898117,16100,1610
"16108",0.972034237035815,16100,1610
"16109",0.960706797210455,16100,1610
"16110",0.968577626824757,16100,1610
"16111",0.973036161433994,16100,1610
"16112",0.973295515973202,16100,1610
"16113",0.97590323911682,16100,1610
"16114",0.969536127728744,16100,1610
"16115",0.971859754254835,16100,1610
"16116",0.973188281165408,16100,1610
"16117",0.97448183195446,16100,1610
"16118",0.974759351723001,16100,1610
"16119",0.967061768462574,16100,1610
"16120",0.96834421549958,16100,1610
"16121",0.977225901258733,16100,1610
"16122",0.966113572146124,16100,1610
"16123",0.97384091791728,16100,1610
"16124",0.972935926335342,16100,1610
"16125",0.970501849150301,16100,1610
"16126",0.974194928345381,16100,1610
"16127",0.969262118104273,16100,1610
"16128",0.973494530655086,16100,1610
"16129",0.975038666191075,16100,1610
"16130",0.964369484184669,16100,1610
"16131",0.971692067349407,16100,1610
"16132",0.972333142050579,16100,1610
"16133",0.969936082016278,16100,1610
"16134",0.97318214795657,16100,1610
"16135",0.973813554056663,16100,1610
"16136",0.975631524518453,16100,1610
"16137",0.96945426078389,16100,1610
"16138",0.967424907256964,16100,1610
"16139",0.968408182890765,16100,1610
"16140",0.970994747449172,16100,1610
"16141",0.970518390029141,16100,1610
"16142",0.971431621887935,16100,1610
"16143",0.966221434655629,16100,1610
"16144",0.976712264259589,16100,1610
"16145",0.96912640584889,16100,1610
"16146",0.970006838309375,16100,1610
"16147",0.972552967287851,16100,1610
"16148",0.96931241671062,16100,1610
"16149",0.968296126993264,16100,1610
"16150",0.973244804138675,16100,1610
"16151",0.970137965640058,16100,1610
"16152",0.969456093515748,16100,1610
"16153",0.968434045100146,16100,1610
"16154",0.972497457685765,16100,1610
"16155",0.968913408658918,16100,1610
"16156",0.969644553920487,16100,1610
"16157",0.971345122339061,16100,1610
"16158",0.966400555365425,16100,1610
"16159",0.9664299004054,16100,1610
"16160",0.967906992515967,16100,1610
"16161",0.969671183073584,16100,1610
"16162",0.9596940650737,16100,1610
"16163",0.96792052613884,16100,1610
"16164",0.977742116283217,16100,1610
"16165",0.970382032644254,16100,1610
"16166",0.975621977386637,16100,1610
"16167",0.975484557377322,16100,1610
"16168",0.966788089754532,16100,1610
"16169",0.968974341318124,16100,1610
"16170",0.968626332056977,16100,1610
"16171",0.973359947805862,16100,1610
"16172",0.974220678972957,16100,1610
"16173",0.970668591233157,16100,1610
"16174",0.972318532344265,16100,1610
"16175",0.968625695144872,16100,1610
"16176",0.969169735637803,16100,1610
"16177",0.968820502429465,16100,1610
"16178",0.971393934291556,16100,1610
"16179",0.969467996532437,16100,1610
"16180",0.966430770747689,16100,1610
"16181",0.967833375213739,16100,1610
"16182",0.96339824718574,16100,1610
"16183",0.975857374387256,16100,1610
"16184",0.967307405028342,16100,1610
"16185",0.97237223620975,16100,1610
"16186",0.971061276252086,16100,1610
"16187",0.969028276099788,16100,1610
"16188",0.969185771476957,16100,1610
"16189",0.973859627581627,16100,1610
"16190",0.970761809236971,16100,1610
"16191",0.973751383569288,16100,1610
"16192",0.967481326079107,16100,1610
"16193",0.971039283194371,16100,1610
"16194",0.971448001344214,16100,1610
"16195",0.973090352164514,16100,1610
"16196",0.972584710524613,16100,1610
"16197",0.969049288762873,16100,1610
"16198",0.969184929743087,16100,1610
"16199",0.974282538432549,16100,1610
"16200",0.971600020744474,16100,1610
"16201",0.971882072952514,16100,1610
"16202",0.968705653974238,16100,1610
"16203",0.971374483667425,16100,1610
"16204",0.977058423107516,16100,1610
"16205",0.971642372541138,16100,1610
"16206",0.968797523918467,16100,1610
"16207",0.971255537555109,16100,1610
"16208",0.963765036754679,16100,1610
"16209",0.969744940816065,16100,1610
"16210",0.974288897110578,16100,1610
"16211",0.967426975892193,16100,1610
"16212",0.969730195159269,16100,1610
"16213",0.973535997125109,16100,1610
"16214",0.968930331313209,16100,1610
"16215",0.970103553703307,16100,1610
"16216",0.96706358747484,16100,1610
"16217",0.974597469397279,16100,1610
"16218",0.967130823412649,16100,1610
"16219",0.968719627509278,16100,1610
"16220",0.974534173081636,16100,1610
"16221",0.972233415792272,16100,1610
"16222",0.96845422858443,16100,1610
"16223",0.971543146717343,16100,1610
"16224",0.977219408556831,16100,1610
"16225",0.971162201615286,16100,1610
"16226",0.968679878506117,16100,1610
"16227",0.971083421571526,16100,1610
"16228",0.970507721185605,16100,1610
"16229",0.967993886144602,16100,1610
"16230",0.973503909032372,16100,1610
"16231",0.9713110615524,16100,1610
"16232",0.972979487454692,16100,1610
"16233",0.970619195671746,16100,1610
"16234",0.972119598856349,16100,1610
"16235",0.972319029894779,16100,1610
"16236",0.973264763897306,16100,1610
"16237",0.974118913518635,16100,1610
"16238",0.966402888979808,16100,1610
"16239",0.96524900684365,16100,1610
"16240",0.973635735171137,16100,1610
"16241",0.974076167410096,16100,1610
"16242",0.967965546183071,16100,1610
"16243",0.965605496832375,16100,1610
"16244",0.968336674851044,16100,1610
"16245",0.96480307966671,16100,1610
"16246",0.976788588623824,16100,1610
"16247",0.968485068171509,16100,1610
"16248",0.973439490115585,16100,1610
"16249",0.967167821304003,16100,1610
"16250",0.972736155842533,16100,1610
"16251",0.975010653368956,16100,1610
"16252",0.975950540490553,16100,1610
"16253",0.969079837969688,16100,1610
"16254",0.971673645744418,16100,1610
"16255",0.972786421073056,16100,1610
"16256",0.971562263011687,16100,1610
"16257",0.966662746379625,16100,1610
"16258",0.97273722474762,16100,1610
"16259",0.972135285988238,16100,1610
"16260",0.973405282352743,16100,1610
"16261",0.97097611536821,16100,1610
"16262",0.972791859259051,16100,1610
"16263",0.967359196135082,16100,1610
"16264",0.971366442471978,16100,1610
"16265",0.970227839764519,16100,1610
"16266",0.970027770458578,16100,1610
"16267",0.975675635526118,16100,1610
"16268",0.96984483643119,16100,1610
"16269",0.971446136657394,16100,1610
"16270",0.970604880459926,16100,1610
"16271",0.973082007870418,16100,1610
"16272",0.96436807705652,16100,1610
"16273",0.973179138069275,16100,1610
"16274",0.969256424360487,16100,1610
"16275",0.970172324953025,16100,1610
"16276",0.975804257866963,16100,1610
"16277",0.969820418078944,16100,1610
"16278",0.972585372724973,16100,1610
"16279",0.96913449768951,16100,1610
"16280",0.973798067888748,16100,1610
"16281",0.967988913482347,16100,1610
"16282",0.971816319600858,16100,1610
"16283",0.973070987713728,16100,1610
"16284",0.974042433415385,16100,1610
"16285",0.975673694097181,16100,1610
"16286",0.969355026743932,16100,1610
"16287",0.971043521443214,16100,1610
"16288",0.966125666935779,16100,1610
"16289",0.971962537582431,16100,1610
"16290",0.971778171149023,16100,1610
"16291",0.97232650972554,16100,1610
"16292",0.972363992495677,16100,1610
"16293",0.969419281118285,16100,1610
"16294",0.960551859726638,16100,1610
"16295",0.967535499774112,16100,1610
"16296",0.97062848923832,16100,1610
"16297",0.972595844654717,16100,1610
"16298",0.970811574119252,16100,1610
"16299",0.973020030789815,16100,1610
"16300",0.971385464556769,16100,1610
"16301",0.966264252665896,16100,1610
"16302",0.969045642589606,16100,1610
"16303",0.968696078904361,16100,1610
"16304",0.965573152541134,16100,1610
"16305",0.969403287888433,16100,1610
"16306",0.962851921198642,16100,1610
"16307",0.973577258510716,16100,1610
"16308",0.972217045960995,16100,1610
"16309",0.969267532205504,16100,1610
"16310",0.970695074762244,16100,1610
"16311",0.965825812532051,16100,1610
"16312",0.974061395447033,16100,1610
"16313",0.967371770726049,16100,1610
"16314",0.971140531716048,16100,1610
"16315",0.970964154930236,16100,1610
"16316",0.970306263335153,16100,1610
"16317",0.973799015267345,16100,1610
"16318",0.972469546940152,16100,1610
"16319",0.974689253205549,16100,1610
"16320",0.971789281339676,16100,1610
"16321",0.971082269829785,16100,1610
"16322",0.972589730334548,16100,1610
"16323",0.964833924569701,16100,1610
"16324",0.971829216579343,16100,1610
"16325",0.971089544460625,16100,1610
"16326",0.969518841859201,16100,1610
"16327",0.969881375427329,16100,1610
"16328",0.977654043214469,16100,1610
"16329",0.964891438141621,16100,1610
"16330",0.970424385090308,16100,1610
"16331",0.97121364599783,16100,1610
"16332",0.97207869352843,16100,1610
"16333",0.975154519155397,16100,1610
"16334",0.978058888953317,16100,1610
"16335",0.965678911869901,16100,1610
"16336",0.965612333633494,16100,1610
"16337",0.97037247853063,16100,1610
"16338",0.970065533279633,16100,1610
"16339",0.975623204011547,16100,1610
"16340",0.972550887675528,16100,1610
"16341",0.972970975858256,16100,1610
"16342",0.964265138413811,16100,1610
"16343",0.966080743080596,16100,1610
"16344",0.969838663744981,16100,1610
"16345",0.972812315118934,16100,1610
"16346",0.970523020034686,16100,1610
"16347",0.971281974909104,16100,1610
"16348",0.969637524740254,16100,1610
"16349",0.976635349588459,16100,1610
"16350",0.96858820670769,16100,1610
"16351",0.971424975541678,16100,1610
"16352",0.967774801791808,16100,1610
"16353",0.971276139628062,16100,1610
"16354",0.973127395003222,16100,1610
"16355",0.97160440960665,16100,1610
"16356",0.963754347255708,16100,1610
"16357",0.972042538966895,16100,1610
"16358",0.969379685013989,16100,1610
"16359",0.968278316889285,16100,1610
"16360",0.971614869114117,16100,1610
"16361",0.96463988641336,16100,1610
"16362",0.976455485272567,16100,1610
"16363",0.969953005983428,16100,1610
"16364",0.968964565154651,16100,1610
"16365",0.965787138074875,16100,1610
"16366",0.969012304155079,16100,1610
"16367",0.973578432473402,16100,1610
"16368",0.963621000869491,16100,1610
"16369",0.973246255807144,16100,1610
"16370",0.96912621396068,16100,1610
"16371",0.97610933650655,16100,1610
"16372",0.972589824685385,16100,1610
"16373",0.97007348925875,16100,1610
"16374",0.966863147523894,16100,1610
"16375",0.96918679172408,16100,1610
"16376",0.970064206719536,16100,1610
"16377",0.967852989880046,16100,1610
"16378",0.972098646535762,16100,1610
"16379",0.973365152931374,16100,1610
"16380",0.974944676922247,16100,1610
"16381",0.972642285706858,16100,1610
"16382",0.969060884340125,16100,1610
"16383",0.970837555669232,16100,1610
"16384",0.970473735916914,16100,1610
"16385",0.975605094512142,16100,1610
"16386",0.970786079380657,16100,1610
"16387",0.975559312498726,16100,1610
"16388",0.97133038829384,16100,1610
"16389",0.9769126606119,16100,1610
"16390",0.971974211690051,16100,1610
"16391",0.96688083420352,16100,1610
"16392",0.971617033587745,16100,1610
"16393",0.971093100416042,16100,1610
"16394",0.970599086642458,16100,1610
"16395",0.967138809741264,16100,1610
"16396",0.967034160521763,16100,1610
"16397",0.97274801712177,16100,1610
"16398",0.96713431364862,16100,1610
"16399",0.96546367871689,16100,1610
"16400",0.963554301150278,16100,1610
"16401",0.973209195176514,16100,1610
"16402",0.970377536062025,16100,1610
"16403",0.970324408067409,16100,1610
"16404",0.972626947154077,16100,1610
"16405",0.962806764900411,16100,1610
"16406",0.97230098290906,16100,1610
"16407",0.967290700064951,16100,1610
"16408",0.971360124620882,16100,1610
"16409",0.971315057873798,16100,1610
"16410",0.971330803005844,16100,1610
"16411",0.972086981580711,16100,1610
"16412",0.971430077780955,16100,1610
"16413",0.967311843894035,16100,1610
"16414",0.971771195977047,16100,1610
"16415",0.968485597625694,16100,1610
"16416",0.971404562875524,16100,1610
"16417",0.973647585746549,16100,1610
"16418",0.971186345630133,16100,1610
"16419",0.97678236572376,16100,1610
"16420",0.967532659367127,16100,1610
"16421",0.970508194715322,16100,1610
"16422",0.971737808140422,16100,1610
"16423",0.970426660213731,16100,1610
"16424",0.969560413205896,16100,1610
"16425",0.96887531920284,16100,1610
"16426",0.971076664178436,16100,1610
"16427",0.977041981762175,16100,1610
"16428",0.970619077473691,16100,1610
"16429",0.969757660315737,16100,1610
"16430",0.970075465494572,16100,1610
"16431",0.972899634849162,16100,1610
"16432",0.972205332809738,16100,1610
"16433",0.96754354279631,16100,1610
"16434",0.973806565736548,16100,1610
"16435",0.970704735175873,16100,1610
"16436",0.971569658600755,16100,1610
"16437",0.968708802771927,16100,1610
"16438",0.972557209824742,16100,1610
"16439",0.969043076820936,16100,1610
"16440",0.970891665471812,16100,1610
"16441",0.97339118160435,16100,1610
"16442",0.970955430895399,16100,1610
"16443",0.966755837375688,16100,1610
"16444",0.967634372542606,16100,1610
"16445",0.970945808084692,16100,1610
"16446",0.967908364307366,16100,1610
"16447",0.977204446513293,16100,1610
"16448",0.969148283609725,16100,1610
"16449",0.970319375102837,16100,1610
"16450",0.970837293040355,16100,1610
"16451",0.966728834384521,16100,1610
"16452",0.971340549701105,16100,1610
"16453",0.967689799526532,16100,1610
"16454",0.966756829511171,16100,1610
"16455",0.972102371816651,16100,1610
"16456",0.965656742464105,16100,1610
"16457",0.970079908802683,16100,1610
"16458",0.974503683709658,16100,1610
"16459",0.972807309550188,16100,1610
"16460",0.968638614474699,16100,1610
"16461",0.972747459546444,16100,1610
"16462",0.969846480503791,16100,1610
"16463",0.972615152649306,16100,1610
"16464",0.971693698629826,16100,1610
"16465",0.968982430590315,16100,1610
"16466",0.972225039735991,16100,1610
"16467",0.965512498306465,16100,1610
"16468",0.969579927286328,16100,1610
"16469",0.974202356906196,16100,1610
"16470",0.971576073875528,16100,1610
"16471",0.967405259727034,16100,1610
"16472",0.969022341606536,16100,1610
"16473",0.973056809222604,16100,1610
"16474",0.970445176611188,16100,1610
"16475",0.964785654068162,16100,1610
"16476",0.977354604101981,16100,1610
"16477",0.967787404268175,16100,1610
"16478",0.974001470258526,16100,1610
"16479",0.964793835590941,16100,1610
"16480",0.970064412278937,16100,1610
"16481",0.96871199016115,16100,1610
"16482",0.975428043091174,16100,1610
"16483",0.974573027960135,16100,1610
"16484",0.972817742065982,16100,1610
"16485",0.965630075038664,16100,1610
"16486",0.967880450337407,16100,1610
"16487",0.97185617219775,16100,1610
"16488",0.972046422986615,16100,1610
"16489",0.965637367772239,16100,1610
"16490",0.967546138712055,16100,1610
"16491",0.962513069376529,16100,1610
"16492",0.96671731179591,16100,1610
"16493",0.964653247411163,16100,1610
"16494",0.970688392945871,16100,1610
"16495",0.967668207180053,16100,1610
"16496",0.976216705293013,16100,1610
"16497",0.970965414642231,16100,1610
"16498",0.965951114918513,16100,1610
"16499",0.975986927582466,16100,1610
"16500",0.970841841569743,16100,1610
"16501",0.974246466485289,16100,1610
"16502",0.97291067048996,16600,1660
"16503",0.974307974654157,16600,1660
"16504",0.9740151194018,16600,1660
"16505",0.967023234162358,16600,1660
"16506",0.968518110207267,16600,1660
"16507",0.970899683531767,16600,1660
"16508",0.96976624832222,16600,1660
"16509",0.972337092480041,16600,1660
"16510",0.969967330457133,16600,1660
"16511",0.975175032689038,16600,1660
"16512",0.971026753619645,16600,1660
"16513",0.973125865622649,16600,1660
"16514",0.968963862819144,16600,1660
"16515",0.969828424137802,16600,1660
"16516",0.964860550091544,16600,1660
"16517",0.970752473456218,16600,1660
"16518",0.975767858823786,16600,1660
"16519",0.97246094617094,16600,1660
"16520",0.971069852764547,16600,1660
"16521",0.97251194775463,16600,1660
"16522",0.97432686891407,16600,1660
"16523",0.971677836026747,16600,1660
"16524",0.977570617190009,16600,1660
"16525",0.969424739804844,16600,1660
"16526",0.968308158203795,16600,1660
"16527",0.964444725786287,16600,1660
"16528",0.971585280974529,16600,1660
"16529",0.966446329771582,16600,1660
"16530",0.975951894268013,16600,1660
"16531",0.973528384418838,16600,1660
"16532",0.970352034113481,16600,1660
"16533",0.969083667948465,16600,1660
"16534",0.965582768497723,16600,1660
"16535",0.972899744134974,16600,1660
"16536",0.975534912843215,16600,1660
"16537",0.972296228224834,16600,1660
"16538",0.969711426770373,16600,1660
"16539",0.972539300493255,16600,1660
"16540",0.973707162019022,16600,1660
"16541",0.971529899061486,16600,1660
"16542",0.971403470600974,16600,1660
"16543",0.973719790500509,16600,1660
"16544",0.971897448804321,16600,1660
"16545",0.963803512421813,16600,1660
"16546",0.972647510811792,16600,1660
"16547",0.971245813183882,16600,1660
"16548",0.976608051170929,16600,1660
"16549",0.965849017015012,16600,1660
"16550",0.975583229138075,16600,1660
"16551",0.973829293533694,16600,1660
"16552",0.969740704203743,16600,1660
"16553",0.975350453965944,16600,1660
"16554",0.969411152842781,16600,1660
"16555",0.970650579666056,16600,1660
"16556",0.971661482167409,16600,1660
"16557",0.968354195731013,16600,1660
"16558",0.971016647369476,16600,1660
"16559",0.973249995860018,16600,1660
"16560",0.9732528393999,16600,1660
"16561",0.971255529551797,16600,1660
"16562",0.968197454428235,16600,1660
"16563",0.975564585536008,16600,1660
"16564",0.969504481452077,16600,1660
"16565",0.971054304407053,16600,1660
"16566",0.97023795094092,16600,1660
"16567",0.966386775695693,16600,1660
"16568",0.971498004976719,16600,1660
"16569",0.972721594226438,16600,1660
"16570",0.969587402550559,16600,1660
"16571",0.973208947786393,16600,1660
"16572",0.975430914382471,16600,1660
"16573",0.968261698557283,16600,1660
"16574",0.963859515613908,16600,1660
"16575",0.971077922269967,16600,1660
"16576",0.972688989885306,16600,1660
"16577",0.967502044835026,16600,1660
"16578",0.969853144617647,16600,1660
"16579",0.970618807762099,16600,1660
"16580",0.972251578139161,16600,1660
"16581",0.969528001519944,16600,1660
"16582",0.964874839159122,16600,1660
"16583",0.973487442158689,16600,1660
"16584",0.974508995067014,16600,1660
"16585",0.973719734889871,16600,1660
"16586",0.968802084750447,16600,1660
"16587",0.970592299633088,16600,1660
"16588",0.976830069892116,16600,1660
"16589",0.972766028865991,16600,1660
"16590",0.970870188518683,16600,1660
"16591",0.975853443027138,16600,1660
"16592",0.967885226712705,16600,1660
"16593",0.968856676472651,16600,1660
"16594",0.973448282837257,16600,1660
"16595",0.97061303468463,16600,1660
"16596",0.97346030112842,16600,1660
"16597",0.973642069702603,16600,1660
"16598",0.970613464578653,16600,1660
"16599",0.970437557124489,16600,1660
"16600",0.972494635068949,16600,1660
"16601",0.972879734936219,16600,1660
"16602",0.97526644929487,16600,1660
"16603",0.973924905871487,16600,1660
"16604",0.972030517563383,16600,1660
"16605",0.969631993693482,16600,1660
"16606",0.97298867574865,16600,1660
"16607",0.972114441889276,16600,1660
"16608",0.967719360135342,16600,1660
"16609",0.972923599344679,16600,1660
"16610",0.975209735311625,16600,1660
"16611",0.972448795834768,16600,1660
"16612",0.970546930811912,16600,1660
"16613",0.97155495622629,16600,1660
"16614",0.972987367636364,16600,1660
"16615",0.972259505694712,16600,1660
"16616",0.967244091836573,16600,1660
"16617",0.97253167091627,16600,1660
"16618",0.970907156717941,16600,1660
"16619",0.978074139500584,16600,1660
"16620",0.966829889664798,16600,1660
"16621",0.970175185906045,16600,1660
"16622",0.976610447620725,16600,1660
"16623",0.967292584271959,16600,1660
"16624",0.962890831518654,16600,1660
"16625",0.971720252120661,16600,1660
"16626",0.971545675674162,16600,1660
"16627",0.961987824874262,16600,1660
"16628",0.970645733034152,16600,1660
"16629",0.970718177749349,16600,1660
"16630",0.971291313871577,16600,1660
"16631",0.970747359011918,16600,1660
"16632",0.966302277834593,16600,1660
"16633",0.971368634017941,16600,1660
"16634",0.971318655831212,16600,1660
"16635",0.969963415957131,16600,1660
"16636",0.977677315332779,16600,1660
"16637",0.970118208131573,16600,1660
"16638",0.970339883150383,16600,1660
"16639",0.97599621654473,16600,1660
"16640",0.976596591241897,16600,1660
"16641",0.971681622902989,16600,1660
"16642",0.97294579149237,16600,1660
"16643",0.972647745376379,16600,1660
"16644",0.968172307983434,16600,1660
"16645",0.970115148829522,16600,1660
"16646",0.972775310038132,16600,1660
"16647",0.972369673331734,16600,1660
"16648",0.972328021831718,16600,1660
"16649",0.973290721390852,16600,1660
"16650",0.970504369262781,16600,1660
"16651",0.978073047564285,16600,1660
"16652",0.976204725864068,16600,1660
"16653",0.973591467470284,16600,1660
"16654",0.972991439252589,16600,1660
"16655",0.96779186911003,16600,1660
"16656",0.970646344253083,16600,1660
"16657",0.977752456377729,16600,1660
"16658",0.972929225485961,16600,1660
"16659",0.966943033353632,16600,1660
"16660",0.963403163821237,16600,1660
"16661",0.968337627057521,16600,1660
"16662",0.969834883269687,16600,1660
"16663",0.972257062513392,16600,1660
"16664",0.972687462226431,16600,1660
"16665",0.975810166069343,16600,1660
"16666",0.968811841634861,16600,1660
"16667",0.975404252289702,16600,1660
"16668",0.976147971583895,16600,1660
"16669",0.974113488678422,16600,1660
"16670",0.970710110865333,16600,1660
"16671",0.969601362052842,16600,1660
"16672",0.973735059523819,16600,1660
"16673",0.9654387201531,16600,1660
"16674",0.973260820847024,16600,1660
"16675",0.973197142172999,16600,1660
"16676",0.974763816442207,16600,1660
"16677",0.974375265274554,16600,1660
"16678",0.974704787682072,16600,1660
"16679",0.974068916468837,16600,1660
"16680",0.977511126443045,16600,1660
"16681",0.970890777403332,16600,1660
"16682",0.972701407057015,16600,1660
"16683",0.966219984696671,16600,1660
"16684",0.975625975737039,16600,1660
"16685",0.965213744064464,16600,1660
"16686",0.968161317818493,16600,1660
"16687",0.973537463336924,16600,1660
"16688",0.966351896800111,16600,1660
"16689",0.97524169711805,16600,1660
"16690",0.968247798385502,16600,1660
"16691",0.973432984050052,16600,1660
"16692",0.969832434717614,16600,1660
"16693",0.971624151126264,16600,1660
"16694",0.975151490390171,16600,1660
"16695",0.974855334318848,16600,1660
"16696",0.973529106926935,16600,1660
"16697",0.968690567174583,16600,1660
"16698",0.970332145489687,16600,1660
"16699",0.969293267079259,16600,1660
"16700",0.973950396385749,16600,1660
"16701",0.973188754141487,16600,1660
"16702",0.969185570420419,16600,1660
"16703",0.975105897580477,16600,1660
"16704",0.972569922510854,16600,1660
"16705",0.972704455669516,16600,1660
"16706",0.965839495781436,16600,1660
"16707",0.979687217774314,16600,1660
"16708",0.973814012055783,16600,1660
"16709",0.96894888024028,16600,1660
"16710",0.976132334299317,16600,1660
"16711",0.966454244711747,16600,1660
"16712",0.968636581625395,16600,1660
"16713",0.976748195842263,16600,1660
"16714",0.974725852982779,16600,1660
"16715",0.970017532246283,16600,1660
"16716",0.975479454524093,16600,1660
"16717",0.971192491202842,16600,1660
"16718",0.967664127089542,16600,1660
"16719",0.97414095610648,16600,1660
"16720",0.971687691522587,16600,1660
"16721",0.971620203483766,16600,1660
"16722",0.975405613690534,16600,1660
"16723",0.980277131029761,16600,1660
"16724",0.969817568496112,16600,1660
"16725",0.972696595854822,16600,1660
"16726",0.971771954702679,16600,1660
"16727",0.975394700331774,16600,1660
"16728",0.9768936728539,16600,1660
"16729",0.974398854174729,16600,1660
"16730",0.968628890840718,16600,1660
"16731",0.976440711327093,16600,1660
"16732",0.97387150577449,16600,1660
"16733",0.970914900793631,16600,1660
"16734",0.966940836849514,16600,1660
"16735",0.97311849506355,16600,1660
"16736",0.971818144896509,16600,1660
"16737",0.973756209439569,16600,1660
"16738",0.970343002992678,16600,1660
"16739",0.971372186777528,16600,1660
"16740",0.967387230241279,16600,1660
"16741",0.966821382197655,16600,1660
"16742",0.971531569581365,16600,1660
"16743",0.9692767112557,16600,1660
"16744",0.970513402171204,16600,1660
"16745",0.969151101313335,16600,1660
"16746",0.97549447705714,16600,1660
"16747",0.973046699236882,16600,1660
"16748",0.973818411461579,16600,1660
"16749",0.968969444868237,16600,1660
"16750",0.971208454944043,16600,1660
"16751",0.971824757908958,16600,1660
"16752",0.971668442601909,16600,1660
"16753",0.969437380233211,16600,1660
"16754",0.971046579275526,16600,1660
"16755",0.969565153210107,16600,1660
"16756",0.975473584373802,16600,1660
"16757",0.970282766881705,16600,1660
"16758",0.973619816061438,16600,1660
"16759",0.96669213583737,16600,1660
"16760",0.968667531862535,16600,1660
"16761",0.974340006227904,16600,1660
"16762",0.978049012831987,16600,1660
"16763",0.97354666311474,16600,1660
"16764",0.968931479152553,16600,1660
"16765",0.975280936269666,16600,1660
"16766",0.971624101779207,16600,1660
"16767",0.971534220198804,16600,1660
"16768",0.972141544082891,16600,1660
"16769",0.97249131946959,16600,1660
"16770",0.973080629279584,16600,1660
"16771",0.972089497979779,16600,1660
"16772",0.96443199302297,16600,1660
"16773",0.970477598125802,16600,1660
"16774",0.972867689563789,16600,1660
"16775",0.967766542720773,16600,1660
"16776",0.971278253390873,16600,1660
"16777",0.968559769009344,16600,1660
"16778",0.974954587857361,16600,1660
"16779",0.975517038281442,16600,1660
"16780",0.965330509549148,16600,1660
"16781",0.971008933372816,16600,1660
"16782",0.971953181769588,16600,1660
"16783",0.974744319076324,16600,1660
"16784",0.974863315787286,16600,1660
"16785",0.971433932384651,16600,1660
"16786",0.970060370001396,16600,1660
"16787",0.964462888153874,16600,1660
"16788",0.969778280336785,16600,1660
"16789",0.973269231758712,16600,1660
"16790",0.971423841496085,16600,1660
"16791",0.971596930967927,16600,1660
"16792",0.966283745743821,16600,1660
"16793",0.967514377716827,16600,1660
"16794",0.971300139105904,16600,1660
"16795",0.973957533507444,16600,1660
"16796",0.976130635276354,16600,1660
"16797",0.976510784296587,16600,1660
"16798",0.972320395997137,16600,1660
"16799",0.968062887522079,16600,1660
"16800",0.966976801926083,16600,1660
"16801",0.966753464383098,16600,1660
"16802",0.972549626240818,16600,1660
"16803",0.968936503637027,16600,1660
"16804",0.978744161054915,16600,1660
"16805",0.982053859677437,16600,1660
"16806",0.974885523178533,16600,1660
"16807",0.975215393372285,16600,1660
"16808",0.97109512210954,16600,1660
"16809",0.973723124566645,16600,1660
"16810",0.967249788341705,16600,1660
"16811",0.973123992312336,16600,1660
"16812",0.967569123132798,16600,1660
"16813",0.973735693632651,16600,1660
"16814",0.973862475909749,16600,1660
"16815",0.976610682624249,16600,1660
"16816",0.970875776691721,16600,1660
"16817",0.972296511309115,16600,1660
"16818",0.974669995666038,16600,1660
"16819",0.968348991984848,16600,1660
"16820",0.965846427592153,16600,1660
"16821",0.971066674368502,16600,1660
"16822",0.971053008325722,16600,1660
"16823",0.973377585103274,16600,1660
"16824",0.969266399217487,16600,1660
"16825",0.968507274227185,16600,1660
"16826",0.97142524854447,16600,1660
"16827",0.973511483284726,16600,1660
"16828",0.972282982570255,16600,1660
"16829",0.973925665193522,16600,1660
"16830",0.971438749824655,16600,1660
"16831",0.974993234583883,16600,1660
"16832",0.976807891433548,16600,1660
"16833",0.971441427582984,16600,1660
"16834",0.970627845950755,16600,1660
"16835",0.968524987783379,16600,1660
"16836",0.974828238802745,16600,1660
"16837",0.965225910585153,16600,1660
"16838",0.970892388472664,16600,1660
"16839",0.971394792898284,16600,1660
"16840",0.971549074503322,16600,1660
"16841",0.972828113785746,16600,1660
"16842",0.968164424347223,16600,1660
"16843",0.972605789992374,16600,1660
"16844",0.969355924936251,16600,1660
"16845",0.968650369539878,16600,1660
"16846",0.974126540508221,16600,1660
"16847",0.974790062131276,16600,1660
"16848",0.970889299061602,16600,1660
"16849",0.972734068866692,16600,1660
"16850",0.974448098759797,16600,1660
"16851",0.968904031976664,16600,1660
"16852",0.970679081571627,16600,1660
"16853",0.969916479425967,16600,1660
"16854",0.968504270711846,16600,1660
"16855",0.967712387638883,16600,1660
"16856",0.967592174320903,16600,1660
"16857",0.97355299822747,16600,1660
"16858",0.968811163308371,16600,1660
"16859",0.965920045284959,16600,1660
"16860",0.97100735482001,16600,1660
"16861",0.972022948352404,16600,1660
"16862",0.973358444114427,16600,1660
"16863",0.970445086700961,16600,1660
"16864",0.969973053202133,16600,1660
"16865",0.968942990443875,16600,1660
"16866",0.974526382715778,16600,1660
"16867",0.964940064881815,16600,1660
"16868",0.976712706826296,16600,1660
"16869",0.972449128566704,16600,1660
"16870",0.972384179446742,16600,1660
"16871",0.974872479294683,16600,1660
"16872",0.972336522733857,16600,1660
"16873",0.968371372542659,16600,1660
"16874",0.973191203278881,16600,1660
"16875",0.96797697713135,16600,1660
"16876",0.970951325355564,16600,1660
"16877",0.967733055809726,16600,1660
"16878",0.973719629894702,16600,1660
"16879",0.967804005744487,16600,1660
"16880",0.974278518432565,16600,1660
"16881",0.967083411025179,16600,1660
"16882",0.975306194321466,16600,1660
"16883",0.968398667618683,16600,1660
"16884",0.965211247311318,16600,1660
"16885",0.964005433662752,16600,1660
"16886",0.974388746955539,16600,1660
"16887",0.979225618138781,16600,1660
"16888",0.971416461255735,16600,1660
"16889",0.968221150709119,16600,1660
"16890",0.972573764645467,16600,1660
"16891",0.970706300746047,16600,1660
"16892",0.970252519545563,16600,1660
"16893",0.96949374362161,16600,1660
"16894",0.972436668872251,16600,1660
"16895",0.97103835332215,16600,1660
"16896",0.969693027213179,16600,1660
"16897",0.971814256693628,16600,1660
"16898",0.976468050512126,16600,1660
"16899",0.972852532369201,16600,1660
"16900",0.975305532755319,16600,1660
"16901",0.968720474343875,16600,1660
"16902",0.973656091004356,16600,1660
"16903",0.977765415926123,16600,1660
"16904",0.97246348513063,16600,1660
"16905",0.973949363028887,16600,1660
"16906",0.969379370595797,16600,1660
"16907",0.966587375798003,16600,1660
"16908",0.974940477089837,16600,1660
"16909",0.97186282118586,16600,1660
"16910",0.970882359438703,16600,1660
"16911",0.972625281151294,16600,1660
"16912",0.973323483909147,16600,1660
"16913",0.96645975797505,16600,1660
"16914",0.969189016708721,16600,1660
"16915",0.974443280166944,16600,1660
"16916",0.971963249859122,16600,1660
"16917",0.973451467148594,16600,1660
"16918",0.966891520356455,16600,1660
"16919",0.969035023789104,16600,1660
"16920",0.968391639804526,16600,1660
"16921",0.971551184281023,16600,1660
"16922",0.972056326151289,16600,1660
"16923",0.972084274977077,16600,1660
"16924",0.967793719051993,16600,1660
"16925",0.973042151002948,16600,1660
"16926",0.974317648995179,16600,1660
"16927",0.970381652282771,16600,1660
"16928",0.97222706336494,16600,1660
"16929",0.969422400634867,16600,1660
"16930",0.972430445625423,16600,1660
"16931",0.973709885144853,16600,1660
"16932",0.972093672337887,16600,1660
"16933",0.97054879307321,16600,1660
"16934",0.972629526286977,16600,1660
"16935",0.976225343145337,16600,1660
"16936",0.973017839788378,16600,1660
"16937",0.969321071064695,16600,1660
"16938",0.968044600830579,16600,1660
"16939",0.965675396766993,16600,1660
"16940",0.967381883127286,16600,1660
"16941",0.970474442926898,16600,1660
"16942",0.971858701003001,16600,1660
"16943",0.977180776189211,16600,1660
"16944",0.971532013888657,16600,1660
"16945",0.973051153872312,16600,1660
"16946",0.972357624048188,16600,1660
"16947",0.966677525461366,16600,1660
"16948",0.973024694126158,16600,1660
"16949",0.970821588786981,16600,1660
"16950",0.969664226428756,16600,1660
"16951",0.969470023848195,16600,1660
"16952",0.970622655655865,16600,1660
"16953",0.967199547378443,16600,1660
"16954",0.972738259789534,16600,1660
"16955",0.970233804068262,16600,1660
"16956",0.965697026961831,16600,1660
"16957",0.966150457088421,16600,1660
"16958",0.965350261164252,16600,1660
"16959",0.974046668784467,16600,1660
"16960",0.970324649729037,16600,1660
"16961",0.976853625665769,16600,1660
"16962",0.968352377227225,16600,1660
"16963",0.971687269120425,16600,1660
"16964",0.966957480058482,16600,1660
"16965",0.974364944349419,16600,1660
"16966",0.973546768372172,16600,1660
"16967",0.972199088896044,16600,1660
"16968",0.967932701532328,16600,1660
"16969",0.971410688825483,16600,1660
"16970",0.973407633960799,16600,1660
"16971",0.972153994450169,16600,1660
"16972",0.970532893724955,16600,1660
"16973",0.972599010904543,16600,1660
"16974",0.970892371866528,16600,1660
"16975",0.971884095122722,16600,1660
"16976",0.969699196786294,16600,1660
"16977",0.968537199774652,16600,1660
"16978",0.971813858206995,16600,1660
"16979",0.969865065728642,16600,1660
"16980",0.967211441946545,16600,1660
"16981",0.971482380527071,16600,1660
"16982",0.971316876507065,16600,1660
"16983",0.976634744149978,16600,1660
"16984",0.973248344904883,16600,1660
"16985",0.971892167825371,16600,1660
"16986",0.977241886881549,16600,1660
"16987",0.967749762954172,16600,1660
"16988",0.971513758235695,16600,1660
"16989",0.970604504040353,16600,1660
"16990",0.965265117152507,16600,1660
"16991",0.972053716922163,16600,1660
"16992",0.968147984786282,16600,1660
"16993",0.977309561305252,16600,1660
"16994",0.97266640148084,16600,1660
"16995",0.974288351076838,16600,1660
"16996",0.973168178088355,16600,1660
"16997",0.970166744837414,16600,1660
"16998",0.974418658374387,16600,1660
"16999",0.974508373153084,16600,1660
"17000",0.970736355078191,16600,1660
"17001",0.97523085729055,16600,1660
"17002",0.968101540551454,17100,1710
"17003",0.970415172749507,17100,1710
"17004",0.965440880367574,17100,1710
"17005",0.972285620154538,17100,1710
"17006",0.973142198130577,17100,1710
"17007",0.969735570959074,17100,1710
"17008",0.970119025869476,17100,1710
"17009",0.972784464559701,17100,1710
"17010",0.973033696141349,17100,1710
"17011",0.974977458632338,17100,1710
"17012",0.974661164390155,17100,1710
"17013",0.971286132584868,17100,1710
"17014",0.96999797709756,17100,1710
"17015",0.973041298718705,17100,1710
"17016",0.970791544069821,17100,1710
"17017",0.965924800197582,17100,1710
"17018",0.972022893061685,17100,1710
"17019",0.973398154520187,17100,1710
"17020",0.967977507159882,17100,1710
"17021",0.970547720809309,17100,1710
"17022",0.977478392308777,17100,1710
"17023",0.96596712689785,17100,1710
"17024",0.975847407994219,17100,1710
"17025",0.969507597542802,17100,1710
"17026",0.9770815537821,17100,1710
"17027",0.971351261405801,17100,1710
"17028",0.970628720740905,17100,1710
"17029",0.9721457380343,17100,1710
"17030",0.972267341755456,17100,1710
"17031",0.965947256505955,17100,1710
"17032",0.973996805262064,17100,1710
"17033",0.973368274078938,17100,1710
"17034",0.973172049154549,17100,1710
"17035",0.97176795842908,17100,1710
"17036",0.967631791507035,17100,1710
"17037",0.971629293074239,17100,1710
"17038",0.96746605894475,17100,1710
"17039",0.971416454358535,17100,1710
"17040",0.97281777162527,17100,1710
"17041",0.969503304673956,17100,1710
"17042",0.973670899270306,17100,1710
"17043",0.966341638472728,17100,1710
"17044",0.971280039884304,17100,1710
"17045",0.968084883683444,17100,1710
"17046",0.969607125579089,17100,1710
"17047",0.968126444711899,17100,1710
"17048",0.973531162153107,17100,1710
"17049",0.975048870796236,17100,1710
"17050",0.968750330166364,17100,1710
"17051",0.969869463058107,17100,1710
"17052",0.96814844917743,17100,1710
"17053",0.972403603031313,17100,1710
"17054",0.96949314777345,17100,1710
"17055",0.973691805584704,17100,1710
"17056",0.970258150247302,17100,1710
"17057",0.971075891387883,17100,1710
"17058",0.970186659094526,17100,1710
"17059",0.972386291150361,17100,1710
"17060",0.969595362709058,17100,1710
"17061",0.971609808238883,17100,1710
"17062",0.971409052940532,17100,1710
"17063",0.970746058871034,17100,1710
"17064",0.970536083106511,17100,1710
"17065",0.97074815329593,17100,1710
"17066",0.970420929584846,17100,1710
"17067",0.97080032759178,17100,1710
"17068",0.971010638939483,17100,1710
"17069",0.979111598727331,17100,1710
"17070",0.972174125582894,17100,1710
"17071",0.974188899162538,17100,1710
"17072",0.975674050910027,17100,1710
"17073",0.972263656931643,17100,1710
"17074",0.968772402155042,17100,1710
"17075",0.975646757587652,17100,1710
"17076",0.968833170787092,17100,1710
"17077",0.967900497020025,17100,1710
"17078",0.973078409064169,17100,1710
"17079",0.969910328976201,17100,1710
"17080",0.973484221698356,17100,1710
"17081",0.972904335251555,17100,1710
"17082",0.973537979659394,17100,1710
"17083",0.97611807030999,17100,1710
"17084",0.967624249458932,17100,1710
"17085",0.971951250043947,17100,1710
"17086",0.970423832896505,17100,1710
"17087",0.971450311756442,17100,1710
"17088",0.971105965920752,17100,1710
"17089",0.974114819936277,17100,1710
"17090",0.971147453591398,17100,1710
"17091",0.975504170683521,17100,1710
"17092",0.980337626754888,17100,1710
"17093",0.97312369774071,17100,1710
"17094",0.969836115789933,17100,1710
"17095",0.974741733041779,17100,1710
"17096",0.972628159413525,17100,1710
"17097",0.96789244191524,17100,1710
"17098",0.971633684879018,17100,1710
"17099",0.971609926409948,17100,1710
"17100",0.972578794758433,17100,1710
"17101",0.970474859422512,17100,1710
"17102",0.972068908292907,17100,1710
"17103",0.968799109144442,17100,1710
"17104",0.972031314688233,17100,1710
"17105",0.968453818423066,17100,1710
"17106",0.967310315305375,17100,1710
"17107",0.976399627313905,17100,1710
"17108",0.974319871141831,17100,1710
"17109",0.973634944639131,17100,1710
"17110",0.97358457166501,17100,1710
"17111",0.968370251626247,17100,1710
"17112",0.971584647354796,17100,1710
"17113",0.975395370977936,17100,1710
"17114",0.97579206999015,17100,1710
"17115",0.968953116188896,17100,1710
"17116",0.97358824806284,17100,1710
"17117",0.972598447811326,17100,1710
"17118",0.970472535134383,17100,1710
"17119",0.974497504353199,17100,1710
"17120",0.976163663201249,17100,1710
"17121",0.974085119734265,17100,1710
"17122",0.974184631402426,17100,1710
"17123",0.967809258081513,17100,1710
"17124",0.9741802661636,17100,1710
"17125",0.975549760609609,17100,1710
"17126",0.972956415813953,17100,1710
"17127",0.972999317630348,17100,1710
"17128",0.970419427262026,17100,1710
"17129",0.974565504027937,17100,1710
"17130",0.972445258106456,17100,1710
"17131",0.967695282765983,17100,1710
"17132",0.974851215945135,17100,1710
"17133",0.97069477205515,17100,1710
"17134",0.977787168074098,17100,1710
"17135",0.9757250642596,17100,1710
"17136",0.972662412385814,17100,1710
"17137",0.975400067604317,17100,1710
"17138",0.967576816007325,17100,1710
"17139",0.974581294038406,17100,1710
"17140",0.974044680890838,17100,1710
"17141",0.970597633324687,17100,1710
"17142",0.965507526403924,17100,1710
"17143",0.971721157734654,17100,1710
"17144",0.968696102855122,17100,1710
"17145",0.975340709099097,17100,1710
"17146",0.969180254813214,17100,1710
"17147",0.975596220910149,17100,1710
"17148",0.969913708868176,17100,1710
"17149",0.96898406600422,17100,1710
"17150",0.973678480565655,17100,1710
"17151",0.971574223279448,17100,1710
"17152",0.972787820098112,17100,1710
"17153",0.974397676144413,17100,1710
"17154",0.970265465945918,17100,1710
"17155",0.972059661521165,17100,1710
"17156",0.970553038601251,17100,1710
"17157",0.971953399305105,17100,1710
"17158",0.970034944499308,17100,1710
"17159",0.968966241085884,17100,1710
"17160",0.971189641998254,17100,1710
"17161",0.970099775468877,17100,1710
"17162",0.978545226151241,17100,1710
"17163",0.970399418412981,17100,1710
"17164",0.976682154843782,17100,1710
"17165",0.975245234787582,17100,1710
"17166",0.971780714303801,17100,1710
"17167",0.972711656682614,17100,1710
"17168",0.97198901830626,17100,1710
"17169",0.975607283425941,17100,1710
"17170",0.974067930823019,17100,1710
"17171",0.972391500622636,17100,1710
"17172",0.96632416618937,17100,1710
"17173",0.975535193912887,17100,1710
"17174",0.977039139461555,17100,1710
"17175",0.97846446817917,17100,1710
"17176",0.974995002863606,17100,1710
"17177",0.974731922681317,17100,1710
"17178",0.971555965360876,17100,1710
"17179",0.978627307803893,17100,1710
"17180",0.975068008459047,17100,1710
"17181",0.96941085972632,17100,1710
"17182",0.971736963457511,17100,1710
"17183",0.967262992279176,17100,1710
"17184",0.968591251512767,17100,1710
"17185",0.977018078359724,17100,1710
"17186",0.973262280102482,17100,1710
"17187",0.972339247293446,17100,1710
"17188",0.970768437071958,17100,1710
"17189",0.972314260988128,17100,1710
"17190",0.969056755733998,17100,1710
"17191",0.969628873457487,17100,1710
"17192",0.969849040371238,17100,1710
"17193",0.966253020175907,17100,1710
"17194",0.972039627218072,17100,1710
"17195",0.972166031492002,17100,1710
"17196",0.970809965912308,17100,1710
"17197",0.973594199930302,17100,1710
"17198",0.971910064676112,17100,1710
"17199",0.977530269182714,17100,1710
"17200",0.980090472953822,17100,1710
"17201",0.972162808484593,17100,1710
"17202",0.975298343374202,17100,1710
"17203",0.965451971885212,17100,1710
"17204",0.972159867858495,17100,1710
"17205",0.975091191205765,17100,1710
"17206",0.97554843655631,17100,1710
"17207",0.969389904243723,17100,1710
"17208",0.965001474876658,17100,1710
"17209",0.973879241158541,17100,1710
"17210",0.972672526515967,17100,1710
"17211",0.972792624538655,17100,1710
"17212",0.977309968665002,17100,1710
"17213",0.966584738124197,17100,1710
"17214",0.970240073074602,17100,1710
"17215",0.972770031443786,17100,1710
"17216",0.975532935395091,17100,1710
"17217",0.974086510347571,17100,1710
"17218",0.969616545518759,17100,1710
"17219",0.963154957469138,17100,1710
"17220",0.969778283481778,17100,1710
"17221",0.975628004102521,17100,1710
"17222",0.974073651668936,17100,1710
"17223",0.974993562740946,17100,1710
"17224",0.974918496285601,17100,1710
"17225",0.963910809235529,17100,1710
"17226",0.969189554778782,17100,1710
"17227",0.972640654807901,17100,1710
"17228",0.969658399228562,17100,1710
"17229",0.972405929111421,17100,1710
"17230",0.966605585296518,17100,1710
"17231",0.972761124698854,17100,1710
"17232",0.970691819700932,17100,1710
"17233",0.970370740140147,17100,1710
"17234",0.972214642254599,17100,1710
"17235",0.978794481896131,17100,1710
"17236",0.971447782734973,17100,1710
"17237",0.974559568639172,17100,1710
"17238",0.975652299980281,17100,1710
"17239",0.972939216152716,17100,1710
"17240",0.971831158725322,17100,1710
"17241",0.974235396133568,17100,1710
"17242",0.97545927565994,17100,1710
"17243",0.970712217284657,17100,1710
"17244",0.973335871196797,17100,1710
"17245",0.970735620762356,17100,1710
"17246",0.973406272068182,17100,1710
"17247",0.978052439161168,17100,1710
"17248",0.965010169667279,17100,1710
"17249",0.972700447057958,17100,1710
"17250",0.973862271884107,17100,1710
"17251",0.966461587850164,17100,1710
"17252",0.972328037794619,17100,1710
"17253",0.973650993942277,17100,1710
"17254",0.973503843589929,17100,1710
"17255",0.9701730788271,17100,1710
"17256",0.971990645594631,17100,1710
"17257",0.977766410487222,17100,1710
"17258",0.968606412710837,17100,1710
"17259",0.970975577220804,17100,1710
"17260",0.97230413607142,17100,1710
"17261",0.970687991833359,17100,1710
"17262",0.97101312716418,17100,1710
"17263",0.972630142221495,17100,1710
"17264",0.97166899754702,17100,1710
"17265",0.975187239007513,17100,1710
"17266",0.971887940700197,17100,1710
"17267",0.976632079144397,17100,1710
"17268",0.975964776112014,17100,1710
"17269",0.9703700587186,17100,1710
"17270",0.973415215690485,17100,1710
"17271",0.967715065746949,17100,1710
"17272",0.975590645393396,17100,1710
"17273",0.974622529027293,17100,1710
"17274",0.969060253347858,17100,1710
"17275",0.971953099071876,17100,1710
"17276",0.973766050945553,17100,1710
"17277",0.972122175255851,17100,1710
"17278",0.96741713757247,17100,1710
"17279",0.964765533917268,17100,1710
"17280",0.972961978297246,17100,1710
"17281",0.975898651740502,17100,1710
"17282",0.977370428820923,17100,1710
"17283",0.976243126013999,17100,1710
"17284",0.977028474173525,17100,1710
"17285",0.977539517991153,17100,1710
"17286",0.969567034535938,17100,1710
"17287",0.973634578615876,17100,1710
"17288",0.972189420193656,17100,1710
"17289",0.973883305707391,17100,1710
"17290",0.973444224405224,17100,1710
"17291",0.969531123808855,17100,1710
"17292",0.969231055972951,17100,1710
"17293",0.973013384701523,17100,1710
"17294",0.970957688763293,17100,1710
"17295",0.971036789188833,17100,1710
"17296",0.974865607319994,17100,1710
"17297",0.974015675368522,17100,1710
"17298",0.977004134643342,17100,1710
"17299",0.972597399392164,17100,1710
"17300",0.972972858677877,17100,1710
"17301",0.970849631354262,17100,1710
"17302",0.971251121082154,17100,1710
"17303",0.970527781443505,17100,1710
"17304",0.971401005750877,17100,1710
"17305",0.972594772943181,17100,1710
"17306",0.965813179774548,17100,1710
"17307",0.968452664085362,17100,1710
"17308",0.974126457076968,17100,1710
"17309",0.974276403321255,17100,1710
"17310",0.973644261458421,17100,1710
"17311",0.971672851804018,17100,1710
"17312",0.973549465998109,17100,1710
"17313",0.969387408421051,17100,1710
"17314",0.970802433398921,17100,1710
"17315",0.968846122050352,17100,1710
"17316",0.970198176346647,17100,1710
"17317",0.973917346999487,17100,1710
"17318",0.970767863150979,17100,1710
"17319",0.97251106361254,17100,1710
"17320",0.973388707948341,17100,1710
"17321",0.963133372551875,17100,1710
"17322",0.97467705736996,17100,1710
"17323",0.975732367847139,17100,1710
"17324",0.971005029267745,17100,1710
"17325",0.972625494250616,17100,1710
"17326",0.974981982322471,17100,1710
"17327",0.972327190163539,17100,1710
"17328",0.972674822874046,17100,1710
"17329",0.969607054162674,17100,1710
"17330",0.973921747541113,17100,1710
"17331",0.971933338096984,17100,1710
"17332",0.965793783585971,17100,1710
"17333",0.97767589452328,17100,1710
"17334",0.965842098745461,17100,1710
"17335",0.970846858671877,17100,1710
"17336",0.968845930935622,17100,1710
"17337",0.969983275441269,17100,1710
"17338",0.970494925190994,17100,1710
"17339",0.975380483856529,17100,1710
"17340",0.97253208803651,17100,1710
"17341",0.972892426727703,17100,1710
"17342",0.972072219833766,17100,1710
"17343",0.973018996435505,17100,1710
"17344",0.97442016333145,17100,1710
"17345",0.97458291827743,17100,1710
"17346",0.969793743312091,17100,1710
"17347",0.969631823631416,17100,1710
"17348",0.976120538126271,17100,1710
"17349",0.972361974413925,17100,1710
"17350",0.973187501613552,17100,1710
"17351",0.976760497327181,17100,1710
"17352",0.970523526231422,17100,1710
"17353",0.969005519544157,17100,1710
"17354",0.967073923123794,17100,1710
"17355",0.974759471047482,17100,1710
"17356",0.965822546669441,17100,1710
"17357",0.974029676979635,17100,1710
"17358",0.969471703729662,17100,1710
"17359",0.972963409054189,17100,1710
"17360",0.967479851659766,17100,1710
"17361",0.970353428029134,17100,1710
"17362",0.966500330926562,17100,1710
"17363",0.974129122043452,17100,1710
"17364",0.966840649630965,17100,1710
"17365",0.975754356093795,17100,1710
"17366",0.972379705098956,17100,1710
"17367",0.972817501451656,17100,1710
"17368",0.965491361305637,17100,1710
"17369",0.972442719231441,17100,1710
"17370",0.973060734378517,17100,1710
"17371",0.968422529785797,17100,1710
"17372",0.973943894958738,17100,1710
"17373",0.972377943478791,17100,1710
"17374",0.973747644070383,17100,1710
"17375",0.970102599567496,17100,1710
"17376",0.974051437633852,17100,1710
"17377",0.972815834893416,17100,1710
"17378",0.97142002402286,17100,1710
"17379",0.971848115227428,17100,1710
"17380",0.97369038875791,17100,1710
"17381",0.974798772924385,17100,1710
"17382",0.972039547203136,17100,1710
"17383",0.969675091125921,17100,1710
"17384",0.971219494320564,17100,1710
"17385",0.96949258060253,17100,1710
"17386",0.975732788763225,17100,1710
"17387",0.975784927704584,17100,1710
"17388",0.971527832963457,17100,1710
"17389",0.971546014719674,17100,1710
"17390",0.971613899047416,17100,1710
"17391",0.975349697142537,17100,1710
"17392",0.969114303939962,17100,1710
"17393",0.972700568593412,17100,1710
"17394",0.974827053941292,17100,1710
"17395",0.972461029770463,17100,1710
"17396",0.972305568530648,17100,1710
"17397",0.973575363781166,17100,1710
"17398",0.973591548390203,17100,1710
"17399",0.972142613226064,17100,1710
"17400",0.974458458898917,17100,1710
"17401",0.970140448695072,17100,1710
"17402",0.977772690360601,17100,1710
"17403",0.976371073372386,17100,1710
"17404",0.97272389290166,17100,1710
"17405",0.973697271798061,17100,1710
"17406",0.978817931535638,17100,1710
"17407",0.97342052038562,17100,1710
"17408",0.971479448082792,17100,1710
"17409",0.973232213637783,17100,1710
"17410",0.973422647404878,17100,1710
"17411",0.970554161051063,17100,1710
"17412",0.975022631052606,17100,1710
"17413",0.976152019894054,17100,1710
"17414",0.973849640556019,17100,1710
"17415",0.96777130007224,17100,1710
"17416",0.972171249080125,17100,1710
"17417",0.965447528379749,17100,1710
"17418",0.966783565045586,17100,1710
"17419",0.967704715457594,17100,1710
"17420",0.968885856533884,17100,1710
"17421",0.979030792588189,17100,1710
"17422",0.974257679527616,17100,1710
"17423",0.971905396694636,17100,1710
"17424",0.976873750550826,17100,1710
"17425",0.977431424717839,17100,1710
"17426",0.96890992296855,17100,1710
"17427",0.973709641796189,17100,1710
"17428",0.972898987286903,17100,1710
"17429",0.971236046950278,17100,1710
"17430",0.973051499261771,17100,1710
"17431",0.971907346861805,17100,1710
"17432",0.970760167840067,17100,1710
"17433",0.972751463894652,17100,1710
"17434",0.972838121230516,17100,1710
"17435",0.973310825359541,17100,1710
"17436",0.97241862319652,17100,1710
"17437",0.973035801069598,17100,1710
"17438",0.966586021906127,17100,1710
"17439",0.973176038669479,17100,1710
"17440",0.97217387493592,17100,1710
"17441",0.971470382719098,17100,1710
"17442",0.973121413615396,17100,1710
"17443",0.969598261296238,17100,1710
"17444",0.967293554415151,17100,1710
"17445",0.969370396094411,17100,1710
"17446",0.973412116749934,17100,1710
"17447",0.974236443683348,17100,1710
"17448",0.976698028873584,17100,1710
"17449",0.970165571169698,17100,1710
"17450",0.971627105008006,17100,1710
"17451",0.971475923725892,17100,1710
"17452",0.97259108676917,17100,1710
"17453",0.971199657540473,17100,1710
"17454",0.972648326777048,17100,1710
"17455",0.969552387880943,17100,1710
"17456",0.969063695831077,17100,1710
"17457",0.969597911901859,17100,1710
"17458",0.970329568326076,17100,1710
"17459",0.970863566139903,17100,1710
"17460",0.974531505595241,17100,1710
"17461",0.972222921484706,17100,1710
"17462",0.971090602240268,17100,1710
"17463",0.973760023195097,17100,1710
"17464",0.973683744615376,17100,1710
"17465",0.971829490393386,17100,1710
"17466",0.971222143905774,17100,1710
"17467",0.972266718976718,17100,1710
"17468",0.971907396050843,17100,1710
"17469",0.969295077248028,17100,1710
"17470",0.974588072628924,17100,1710
"17471",0.970038200384216,17100,1710
"17472",0.972358981701235,17100,1710
"17473",0.969587047164319,17100,1710
"17474",0.975563194133278,17100,1710
"17475",0.972491115995491,17100,1710
"17476",0.967324099137573,17100,1710
"17477",0.975530605341348,17100,1710
"17478",0.972678657074012,17100,1710
"17479",0.978325943133068,17100,1710
"17480",0.97904540146377,17100,1710
"17481",0.96856626779553,17100,1710
"17482",0.968328439217349,17100,1710
"17483",0.974387473948053,17100,1710
"17484",0.971254136702206,17100,1710
"17485",0.978669355152192,17100,1710
"17486",0.970896185427682,17100,1710
"17487",0.97507091660925,17100,1710
"17488",0.975222110445612,17100,1710
"17489",0.969680458807457,17100,1710
"17490",0.976139427610882,17100,1710
"17491",0.969061550638306,17100,1710
"17492",0.967609704310837,17100,1710
"17493",0.975451221761905,17100,1710
"17494",0.974784766492817,17100,1710
"17495",0.969109273776696,17100,1710
"17496",0.973694474914211,17100,1710
"17497",0.969301482040349,17100,1710
"17498",0.973854083304023,17100,1710
"17499",0.972184441187522,17100,1710
"17500",0.970643547421249,17100,1710
"17501",0.977188861101435,17100,1710
"17502",0.971404723258997,17600,1760
"17503",0.968091278219736,17600,1760
"17504",0.97582004188393,17600,1760
"17505",0.973804083298073,17600,1760
"17506",0.97709344028133,17600,1760
"17507",0.968184374465452,17600,1760
"17508",0.96605366914579,17600,1760
"17509",0.971951057682369,17600,1760
"17510",0.97428220954588,17600,1760
"17511",0.971827084706785,17600,1760
"17512",0.967515240981108,17600,1760
"17513",0.973350190749574,17600,1760
"17514",0.972752121850659,17600,1760
"17515",0.97059900640611,17600,1760
"17516",0.968801760701204,17600,1760
"17517",0.97389783695428,17600,1760
"17518",0.969842609451149,17600,1760
"17519",0.970127483969105,17600,1760
"17520",0.973017991285681,17600,1760
"17521",0.972237831666325,17600,1760
"17522",0.967634081877869,17600,1760
"17523",0.973327334596768,17600,1760
"17524",0.968448937679195,17600,1760
"17525",0.974626203042097,17600,1760
"17526",0.968599162466002,17600,1760
"17527",0.971438597621595,17600,1760
"17528",0.975911271116005,17600,1760
"17529",0.97695816025958,17600,1760
"17530",0.970637036246142,17600,1760
"17531",0.970857789548456,17600,1760
"17532",0.97142874598479,17600,1760
"17533",0.971502272003725,17600,1760
"17534",0.974620301094678,17600,1760
"17535",0.975556962006602,17600,1760
"17536",0.970817443913253,17600,1760
"17537",0.970402290619547,17600,1760
"17538",0.978654870399441,17600,1760
"17539",0.96951065871807,17600,1760
"17540",0.97451169948637,17600,1760
"17541",0.972143770319377,17600,1760
"17542",0.968767754021773,17600,1760
"17543",0.976381179623612,17600,1760
"17544",0.969107408301234,17600,1760
"17545",0.965054513443115,17600,1760
"17546",0.974368257084813,17600,1760
"17547",0.971916812792649,17600,1760
"17548",0.965705444970456,17600,1760
"17549",0.972680297575348,17600,1760
"17550",0.970991743068627,17600,1760
"17551",0.971423692266301,17600,1760
"17552",0.977691386105922,17600,1760
"17553",0.972915803609201,17600,1760
"17554",0.971864862443932,17600,1760
"17555",0.970414174894907,17600,1760
"17556",0.971692284758071,17600,1760
"17557",0.967969119571309,17600,1760
"17558",0.974287385634897,17600,1760
"17559",0.975147545814178,17600,1760
"17560",0.971836454547463,17600,1760
"17561",0.976033521184391,17600,1760
"17562",0.97637974942913,17600,1760
"17563",0.975144955133904,17600,1760
"17564",0.976843456602077,17600,1760
"17565",0.973903296569193,17600,1760
"17566",0.974800307541437,17600,1760
"17567",0.971768163529737,17600,1760
"17568",0.97228440387237,17600,1760
"17569",0.974390301476211,17600,1760
"17570",0.975966011926539,17600,1760
"17571",0.971207311352395,17600,1760
"17572",0.972695998275545,17600,1760
"17573",0.969228272421451,17600,1760
"17574",0.973680409561283,17600,1760
"17575",0.975728154605508,17600,1760
"17576",0.976004130886547,17600,1760
"17577",0.979834616476218,17600,1760
"17578",0.975426125324863,17600,1760
"17579",0.972245266325421,17600,1760
"17580",0.969451060982918,17600,1760
"17581",0.976349224921755,17600,1760
"17582",0.97593601313035,17600,1760
"17583",0.977523962520439,17600,1760
"17584",0.973457623366601,17600,1760
"17585",0.972448691873145,17600,1760
"17586",0.966487168536593,17600,1760
"17587",0.970552119473895,17600,1760
"17588",0.96906146346593,17600,1760
"17589",0.97465536434817,17600,1760
"17590",0.972556930313738,17600,1760
"17591",0.973820028044973,17600,1760
"17592",0.97609455859023,17600,1760
"17593",0.977852380663985,17600,1760
"17594",0.972127175343784,17600,1760
"17595",0.977332116098805,17600,1760
"17596",0.971358646659687,17600,1760
"17597",0.970328405609869,17600,1760
"17598",0.975232888532234,17600,1760
"17599",0.970803538752418,17600,1760
"17600",0.968636337983083,17600,1760
"17601",0.975215237332742,17600,1760
"17602",0.973201247712605,17600,1760
"17603",0.977790828974053,17600,1760
"17604",0.973659167136684,17600,1760
"17605",0.972401851466269,17600,1760
"17606",0.970772453026015,17600,1760
"17607",0.971527091992136,17600,1760
"17608",0.974104419935953,17600,1760
"17609",0.969995747356696,17600,1760
"17610",0.970347938602658,17600,1760
"17611",0.97564018541969,17600,1760
"17612",0.975049773146484,17600,1760
"17613",0.970527736666059,17600,1760
"17614",0.967920114362992,17600,1760
"17615",0.969853854686949,17600,1760
"17616",0.974510331402068,17600,1760
"17617",0.970173474606442,17600,1760
"17618",0.97059313823458,17600,1760
"17619",0.982933411804496,17600,1760
"17620",0.972367709168424,17600,1760
"17621",0.973715843404198,17600,1760
"17622",0.972133361129161,17600,1760
"17623",0.974664267180711,17600,1760
"17624",0.978869420102899,17600,1760
"17625",0.971834865140318,17600,1760
"17626",0.973914146510099,17600,1760
"17627",0.978370283503025,17600,1760
"17628",0.971597755638121,17600,1760
"17629",0.973469736538301,17600,1760
"17630",0.971141373613815,17600,1760
"17631",0.969179816810806,17600,1760
"17632",0.970894693053548,17600,1760
"17633",0.973178649952528,17600,1760
"17634",0.97570218383208,17600,1760
"17635",0.980185462354086,17600,1760
"17636",0.966710055602296,17600,1760
"17637",0.972381451188319,17600,1760
"17638",0.97111033177434,17600,1760
"17639",0.969195187580672,17600,1760
"17640",0.976887786697972,17600,1760
"17641",0.97121354449239,17600,1760
"17642",0.969596966072726,17600,1760
"17643",0.972456096311931,17600,1760
"17644",0.96985876567923,17600,1760
"17645",0.971360337586518,17600,1760
"17646",0.975275716538103,17600,1760
"17647",0.973708570829846,17600,1760
"17648",0.967970107391472,17600,1760
"17649",0.970191313198223,17600,1760
"17650",0.968811035528418,17600,1760
"17651",0.970048439678842,17600,1760
"17652",0.974825143493445,17600,1760
"17653",0.972063851822019,17600,1760
"17654",0.970781699858925,17600,1760
"17655",0.977849057017767,17600,1760
"17656",0.972240257033123,17600,1760
"17657",0.976183717820919,17600,1760
"17658",0.971550690964466,17600,1760
"17659",0.972591918686021,17600,1760
"17660",0.972025255781483,17600,1760
"17661",0.969354779154939,17600,1760
"17662",0.97394914207918,17600,1760
"17663",0.974699142056112,17600,1760
"17664",0.975370808786895,17600,1760
"17665",0.974583094438931,17600,1760
"17666",0.973957546609671,17600,1760
"17667",0.971563897896565,17600,1760
"17668",0.976788022446895,17600,1760
"17669",0.970656133274872,17600,1760
"17670",0.975172793355477,17600,1760
"17671",0.971621581344884,17600,1760
"17672",0.97689324439904,17600,1760
"17673",0.975640998122241,17600,1760
"17674",0.973809691475188,17600,1760
"17675",0.97238990102927,17600,1760
"17676",0.973859521654366,17600,1760
"17677",0.967409472717716,17600,1760
"17678",0.974688174721125,17600,1760
"17679",0.971267053663946,17600,1760
"17680",0.974283025488687,17600,1760
"17681",0.975460825835334,17600,1760
"17682",0.974423907148055,17600,1760
"17683",0.969202841746881,17600,1760
"17684",0.979783803679899,17600,1760
"17685",0.975951214563186,17600,1760
"17686",0.970993114319211,17600,1760
"17687",0.974806384408315,17600,1760
"17688",0.971941440147302,17600,1760
"17689",0.975410230462281,17600,1760
"17690",0.973666036497408,17600,1760
"17691",0.977499818551305,17600,1760
"17692",0.971365272661402,17600,1760
"17693",0.972511764699055,17600,1760
"17694",0.971978908781454,17600,1760
"17695",0.975051793445025,17600,1760
"17696",0.976438792228814,17600,1760
"17697",0.96876749799691,17600,1760
"17698",0.972971340015424,17600,1760
"17699",0.973185997899969,17600,1760
"17700",0.972015505363034,17600,1760
"17701",0.974397611614939,17600,1760
"17702",0.974944154834404,17600,1760
"17703",0.972548224378587,17600,1760
"17704",0.969668427209641,17600,1760
"17705",0.973810225413443,17600,1760
"17706",0.977776338974311,17600,1760
"17707",0.978614644526453,17600,1760
"17708",0.976190583769425,17600,1760
"17709",0.971073926994309,17600,1760
"17710",0.97244296243509,17600,1760
"17711",0.974606724470985,17600,1760
"17712",0.967382337937356,17600,1760
"17713",0.972532804475675,17600,1760
"17714",0.97429968258638,17600,1760
"17715",0.971533330694467,17600,1760
"17716",0.975691214107086,17600,1760
"17717",0.975018599052712,17600,1760
"17718",0.974383026815088,17600,1760
"17719",0.969901074747765,17600,1760
"17720",0.97318296593244,17600,1760
"17721",0.974429427816512,17600,1760
"17722",0.976332612190948,17600,1760
"17723",0.975264880413539,17600,1760
"17724",0.969336527461169,17600,1760
"17725",0.965980499330267,17600,1760
"17726",0.970188998602678,17600,1760
"17727",0.968664906935504,17600,1760
"17728",0.969439481235207,17600,1760
"17729",0.972505986994434,17600,1760
"17730",0.969525862899352,17600,1760
"17731",0.975503166801516,17600,1760
"17732",0.971032996115826,17600,1760
"17733",0.968593013714481,17600,1760
"17734",0.977901278961751,17600,1760
"17735",0.970631267236636,17600,1760
"17736",0.972760611968162,17600,1760
"17737",0.975861046783219,17600,1760
"17738",0.972166350839298,17600,1760
"17739",0.976643361671151,17600,1760
"17740",0.973187688176959,17600,1760
"17741",0.975901858337818,17600,1760
"17742",0.975917219194692,17600,1760
"17743",0.978630598175213,17600,1760
"17744",0.973408834682911,17600,1760
"17745",0.968463884487435,17600,1760
"17746",0.9742520456801,17600,1760
"17747",0.972941548114358,17600,1760
"17748",0.969776786136608,17600,1760
"17749",0.970532356805216,17600,1760
"17750",0.975601120926094,17600,1760
"17751",0.972035415033994,17600,1760
"17752",0.973693799462484,17600,1760
"17753",0.979754952686285,17600,1760
"17754",0.976772859771187,17600,1760
"17755",0.975903574771514,17600,1760
"17756",0.973785972341224,17600,1760
"17757",0.969015268425088,17600,1760
"17758",0.970289765925033,17600,1760
"17759",0.975202103117037,17600,1760
"17760",0.968397187507313,17600,1760
"17761",0.971569736429355,17600,1760
"17762",0.968198508407759,17600,1760
"17763",0.973275326383384,17600,1760
"17764",0.975520365148347,17600,1760
"17765",0.971144718185983,17600,1760
"17766",0.978379868341588,17600,1760
"17767",0.975067992261986,17600,1760
"17768",0.970225979047233,17600,1760
"17769",0.97227948382569,17600,1760
"17770",0.977455521032669,17600,1760
"17771",0.974361097996472,17600,1760
"17772",0.971911570021438,17600,1760
"17773",0.96890062057037,17600,1760
"17774",0.9730215312201,17600,1760
"17775",0.970051873954144,17600,1760
"17776",0.972157846939743,17600,1760
"17777",0.973870878073891,17600,1760
"17778",0.968639751400378,17600,1760
"17779",0.978113481878,17600,1760
"17780",0.973597628683044,17600,1760
"17781",0.972263744490303,17600,1760
"17782",0.969156782740331,17600,1760
"17783",0.967401712591368,17600,1760
"17784",0.973124810854154,17600,1760
"17785",0.969917753340278,17600,1760
"17786",0.96979924301053,17600,1760
"17787",0.973264857156689,17600,1760
"17788",0.980649078076617,17600,1760
"17789",0.975982432807957,17600,1760
"17790",0.977004206417512,17600,1760
"17791",0.980285169157492,17600,1760
"17792",0.973300767751696,17600,1760
"17793",0.977146420455814,17600,1760
"17794",0.973748628677844,17600,1760
"17795",0.970007867406924,17600,1760
"17796",0.975537583750153,17600,1760
"17797",0.970920422318014,17600,1760
"17798",0.981245790646246,17600,1760
"17799",0.973277353284934,17600,1760
"17800",0.969523253002727,17600,1760
"17801",0.973969347909022,17600,1760
"17802",0.971628223260362,17600,1760
"17803",0.97051857028026,17600,1760
"17804",0.973317733593381,17600,1760
"17805",0.974432396764517,17600,1760
"17806",0.973545049306019,17600,1760
"17807",0.968313713595016,17600,1760
"17808",0.975582661911108,17600,1760
"17809",0.977260279130948,17600,1760
"17810",0.975499605920252,17600,1760
"17811",0.972250461669347,17600,1760
"17812",0.969241956843168,17600,1760
"17813",0.970716246435561,17600,1760
"17814",0.973087779894178,17600,1760
"17815",0.972539101233206,17600,1760
"17816",0.979310749382547,17600,1760
"17817",0.978238455834799,17600,1760
"17818",0.970068708244979,17600,1760
"17819",0.973410350321195,17600,1760
"17820",0.970868471941903,17600,1760
"17821",0.968313877447389,17600,1760
"17822",0.974721673214646,17600,1760
"17823",0.976119262410372,17600,1760
"17824",0.977305350096554,17600,1760
"17825",0.975193505772605,17600,1760
"17826",0.972089682524605,17600,1760
"17827",0.969629149031306,17600,1760
"17828",0.975780129409154,17600,1760
"17829",0.971075927651917,17600,1760
"17830",0.976715101970478,17600,1760
"17831",0.973581189743856,17600,1760
"17832",0.972790660881877,17600,1760
"17833",0.973430511169273,17600,1760
"17834",0.970273355405283,17600,1760
"17835",0.979244474763139,17600,1760
"17836",0.975437046788725,17600,1760
"17837",0.972320875913227,17600,1760
"17838",0.968699219750006,17600,1760
"17839",0.969900326534659,17600,1760
"17840",0.973613376117107,17600,1760
"17841",0.973881239048359,17600,1760
"17842",0.974809446489674,17600,1760
"17843",0.973905690930407,17600,1760
"17844",0.978820126275566,17600,1760
"17845",0.973536186884538,17600,1760
"17846",0.976964381377641,17600,1760
"17847",0.9754196511318,17600,1760
"17848",0.971026543458424,17600,1760
"17849",0.969547480556635,17600,1760
"17850",0.970462287677129,17600,1760
"17851",0.978381312255022,17600,1760
"17852",0.967496741903103,17600,1760
"17853",0.969158415811082,17600,1760
"17854",0.974362166995427,17600,1760
"17855",0.975928911977911,17600,1760
"17856",0.979675880878308,17600,1760
"17857",0.976584531206725,17600,1760
"17858",0.973577791411252,17600,1760
"17859",0.982993507823141,17600,1760
"17860",0.976216556871277,17600,1760
"17861",0.968233864135912,17600,1760
"17862",0.971570961741345,17600,1760
"17863",0.969143908184902,17600,1760
"17864",0.975733828779566,17600,1760
"17865",0.97545439442538,17600,1760
"17866",0.9670806797958,17600,1760
"17867",0.974126970408094,17600,1760
"17868",0.971907426339779,17600,1760
"17869",0.979014021015913,17600,1760
"17870",0.977269381482574,17600,1760
"17871",0.969875372264765,17600,1760
"17872",0.973147456963358,17600,1760
"17873",0.961955822244194,17600,1760
"17874",0.976738496836005,17600,1760
"17875",0.971451407578322,17600,1760
"17876",0.979193041323042,17600,1760
"17877",0.973501025068157,17600,1760
"17878",0.969893152276468,17600,1760
"17879",0.974249889178575,17600,1760
"17880",0.971261845516002,17600,1760
"17881",0.972479328912267,17600,1760
"17882",0.970895808019808,17600,1760
"17883",0.968946132242897,17600,1760
"17884",0.972157958288796,17600,1760
"17885",0.973820439119136,17600,1760
"17886",0.976239361243063,17600,1760
"17887",0.976100727144642,17600,1760
"17888",0.969210768545581,17600,1760
"17889",0.976486088865206,17600,1760
"17890",0.973802047220848,17600,1760
"17891",0.967670075722506,17600,1760
"17892",0.972024805647519,17600,1760
"17893",0.97679401387631,17600,1760
"17894",0.975127410331034,17600,1760
"17895",0.969803485087646,17600,1760
"17896",0.975843531550393,17600,1760
"17897",0.972944667641608,17600,1760
"17898",0.97545692490935,17600,1760
"17899",0.97432882762113,17600,1760
"17900",0.974498318571573,17600,1760
"17901",0.97381118391008,17600,1760
"17902",0.972178306524512,17600,1760
"17903",0.97043431505941,17600,1760
"17904",0.969895399829346,17600,1760
"17905",0.97311017421291,17600,1760
"17906",0.973300452346217,17600,1760
"17907",0.972202380523213,17600,1760
"17908",0.969727414244065,17600,1760
"17909",0.967987106440649,17600,1760
"17910",0.974263043495439,17600,1760
"17911",0.971488848759833,17600,1760
"17912",0.966243291614197,17600,1760
"17913",0.974598821329797,17600,1760
"17914",0.968110269186752,17600,1760
"17915",0.974689680101042,17600,1760
"17916",0.973298957499507,17600,1760
"17917",0.968699629736814,17600,1760
"17918",0.975617134370492,17600,1760
"17919",0.970505400520295,17600,1760
"17920",0.970314875251824,17600,1760
"17921",0.974166007264519,17600,1760
"17922",0.971701388271692,17600,1760
"17923",0.970828887304246,17600,1760
"17924",0.970428132396039,17600,1760
"17925",0.975245108892188,17600,1760
"17926",0.965802808548094,17600,1760
"17927",0.977886447764113,17600,1760
"17928",0.97311555532672,17600,1760
"17929",0.969322544566029,17600,1760
"17930",0.975114664744793,17600,1760
"17931",0.97197823815023,17600,1760
"17932",0.969284284558545,17600,1760
"17933",0.972894073217537,17600,1760
"17934",0.971333346837477,17600,1760
"17935",0.975351617380224,17600,1760
"17936",0.975234263414067,17600,1760
"17937",0.966719215971115,17600,1760
"17938",0.969517333811782,17600,1760
"17939",0.979282979182638,17600,1760
"17940",0.96935341731427,17600,1760
"17941",0.97011007421752,17600,1760
"17942",0.974214607146508,17600,1760
"17943",0.967359018650451,17600,1760
"17944",0.976404702202776,17600,1760
"17945",0.972533884549782,17600,1760
"17946",0.973073415424685,17600,1760
"17947",0.968012325723092,17600,1760
"17948",0.973465927190301,17600,1760
"17949",0.971833752774156,17600,1760
"17950",0.970229436186876,17600,1760
"17951",0.975656125396679,17600,1760
"17952",0.972477881345118,17600,1760
"17953",0.970799649506186,17600,1760
"17954",0.974575409199229,17600,1760
"17955",0.976189117754218,17600,1760
"17956",0.97089864547836,17600,1760
"17957",0.970242844358559,17600,1760
"17958",0.973647935030175,17600,1760
"17959",0.974224417906262,17600,1760
"17960",0.973312699561211,17600,1760
"17961",0.974296380710958,17600,1760
"17962",0.971280626931624,17600,1760
"17963",0.974291162762326,17600,1760
"17964",0.970874881714817,17600,1760
"17965",0.969976342786362,17600,1760
"17966",0.972052287629695,17600,1760
"17967",0.971209676449841,17600,1760
"17968",0.97634332511381,17600,1760
"17969",0.970315217987465,17600,1760
"17970",0.970435445244116,17600,1760
"17971",0.970311546152263,17600,1760
"17972",0.965623174981332,17600,1760
"17973",0.974256499879405,17600,1760
"17974",0.975089616110124,17600,1760
"17975",0.970369005379373,17600,1760
"17976",0.974703465274882,17600,1760
"17977",0.974500808816686,17600,1760
"17978",0.967150218146637,17600,1760
"17979",0.979059943010354,17600,1760
"17980",0.969875824443158,17600,1760
"17981",0.973984374466617,17600,1760
"17982",0.970149684175847,17600,1760
"17983",0.974335436063344,17600,1760
"17984",0.969819355462908,17600,1760
"17985",0.97752745975124,17600,1760
"17986",0.972395084932198,17600,1760
"17987",0.969606853274055,17600,1760
"17988",0.972845034391352,17600,1760
"17989",0.971043437586395,17600,1760
"17990",0.966590115107435,17600,1760
"17991",0.973805791443384,17600,1760
"17992",0.976689769897021,17600,1760
"17993",0.974188841257182,17600,1760
"17994",0.970522306470604,17600,1760
"17995",0.975610979281922,17600,1760
"17996",0.973696885283503,17600,1760
"17997",0.975721338538879,17600,1760
"17998",0.97128194268229,17600,1760
"17999",0.973830422583734,17600,1760
"18000",0.974382493409721,17600,1760
"18001",0.973034427684429,17600,1760
"18002",0.975261474277258,18100,1810
"18003",0.976991352506454,18100,1810
"18004",0.97188060985237,18100,1810
"18005",0.978824905307682,18100,1810
"18006",0.978584773267257,18100,1810
"18007",0.97710785041251,18100,1810
"18008",0.974058633167072,18100,1810
"18009",0.973420491933678,18100,1810
"18010",0.971928601670342,18100,1810
"18011",0.97120591588404,18100,1810
"18012",0.970356268412127,18100,1810
"18013",0.978042775929576,18100,1810
"18014",0.970535595798545,18100,1810
"18015",0.972096404586253,18100,1810
"18016",0.974597307591039,18100,1810
"18017",0.974347520429396,18100,1810
"18018",0.975491138437022,18100,1810
"18019",0.971597321999172,18100,1810
"18020",0.980535930515773,18100,1810
"18021",0.97524044663605,18100,1810
"18022",0.975357038244618,18100,1810
"18023",0.974055671524264,18100,1810
"18024",0.976399152687431,18100,1810
"18025",0.9709291540457,18100,1810
"18026",0.974281704909696,18100,1810
"18027",0.97418335800986,18100,1810
"18028",0.974596091794431,18100,1810
"18029",0.97647346142593,18100,1810
"18030",0.977242467446728,18100,1810
"18031",0.974504182316721,18100,1810
"18032",0.971779409026343,18100,1810
"18033",0.973967751826472,18100,1810
"18034",0.972908149825828,18100,1810
"18035",0.976395868188611,18100,1810
"18036",0.975673444900632,18100,1810
"18037",0.97085922389752,18100,1810
"18038",0.974119632288063,18100,1810
"18039",0.977052681212702,18100,1810
"18040",0.978266553424269,18100,1810
"18041",0.97160458900256,18100,1810
"18042",0.978641233533885,18100,1810
"18043",0.970639515780287,18100,1810
"18044",0.973443215843826,18100,1810
"18045",0.972318602502568,18100,1810
"18046",0.974930683828712,18100,1810
"18047",0.975968894157903,18100,1810
"18048",0.969423145448418,18100,1810
"18049",0.969976960012243,18100,1810
"18050",0.972688713528256,18100,1810
"18051",0.978473269897705,18100,1810
"18052",0.971927936591891,18100,1810
"18053",0.972996610879627,18100,1810
"18054",0.97154617349467,18100,1810
"18055",0.975208786119866,18100,1810
"18056",0.972657411361762,18100,1810
"18057",0.975790672790506,18100,1810
"18058",0.971245425274833,18100,1810
"18059",0.971391330194835,18100,1810
"18060",0.969819827833638,18100,1810
"18061",0.978398884401378,18100,1810
"18062",0.977510527739479,18100,1810
"18063",0.974648548623071,18100,1810
"18064",0.971452039085095,18100,1810
"18065",0.976509271164639,18100,1810
"18066",0.974137304495853,18100,1810
"18067",0.971094689887638,18100,1810
"18068",0.973572378737578,18100,1810
"18069",0.974146109739723,18100,1810
"18070",0.974192297905728,18100,1810
"18071",0.974091471691654,18100,1810
"18072",0.975336264262328,18100,1810
"18073",0.975311874667499,18100,1810
"18074",0.972632781401627,18100,1810
"18075",0.975288302775436,18100,1810
"18076",0.979781935847529,18100,1810
"18077",0.975063368386743,18100,1810
"18078",0.977501901223116,18100,1810
"18079",0.977422345938536,18100,1810
"18080",0.96909137587643,18100,1810
"18081",0.974181955449567,18100,1810
"18082",0.974279326106233,18100,1810
"18083",0.972498100181241,18100,1810
"18084",0.972803359897225,18100,1810
"18085",0.971536754447116,18100,1810
"18086",0.972341568436025,18100,1810
"18087",0.975967905682858,18100,1810
"18088",0.971480375567908,18100,1810
"18089",0.970993753321295,18100,1810
"18090",0.975358372203081,18100,1810
"18091",0.977461539794117,18100,1810
"18092",0.972301482134023,18100,1810
"18093",0.976204278782804,18100,1810
"18094",0.976300283720939,18100,1810
"18095",0.971646570087801,18100,1810
"18096",0.973053096439154,18100,1810
"18097",0.974095997132121,18100,1810
"18098",0.970094909230814,18100,1810
"18099",0.971457043966478,18100,1810
"18100",0.973062129813354,18100,1810
"18101",0.966399320287859,18100,1810
"18102",0.975311553688652,18100,1810
"18103",0.975435521852657,18100,1810
"18104",0.978654156998471,18100,1810
"18105",0.977065037549482,18100,1810
"18106",0.977851957834145,18100,1810
"18107",0.972997379815455,18100,1810
"18108",0.977990134530268,18100,1810
"18109",0.974108700553663,18100,1810
"18110",0.974351296934677,18100,1810
"18111",0.969615507216158,18100,1810
"18112",0.972724791497447,18100,1810
"18113",0.977739429172251,18100,1810
"18114",0.970850232783615,18100,1810
"18115",0.97433192422088,18100,1810
"18116",0.969516142741355,18100,1810
"18117",0.969518586966317,18100,1810
"18118",0.974830412342846,18100,1810
"18119",0.975153290518811,18100,1810
"18120",0.97277001885157,18100,1810
"18121",0.976598134918643,18100,1810
"18122",0.975398750129651,18100,1810
"18123",0.97206827647506,18100,1810
"18124",0.975949778868891,18100,1810
"18125",0.973318355399887,18100,1810
"18126",0.977424497858598,18100,1810
"18127",0.971253298077636,18100,1810
"18128",0.973098079441877,18100,1810
"18129",0.970041907622204,18100,1810
"18130",0.975141129459646,18100,1810
"18131",0.971180808048082,18100,1810
"18132",0.977726858406467,18100,1810
"18133",0.970637853257266,18100,1810
"18134",0.97366604148102,18100,1810
"18135",0.973577116041661,18100,1810
"18136",0.975953309331923,18100,1810
"18137",0.974849671657366,18100,1810
"18138",0.976534047669705,18100,1810
"18139",0.972218288346753,18100,1810
"18140",0.977341624763395,18100,1810
"18141",0.975608259653512,18100,1810
"18142",0.969646662626192,18100,1810
"18143",0.967216173865725,18100,1810
"18144",0.972501453949628,18100,1810
"18145",0.978173760971283,18100,1810
"18146",0.973025896658583,18100,1810
"18147",0.972061279886022,18100,1810
"18148",0.968488931126362,18100,1810
"18149",0.974381695775676,18100,1810
"18150",0.970708236693541,18100,1810
"18151",0.975242557217379,18100,1810
"18152",0.977406701114655,18100,1810
"18153",0.975832665636543,18100,1810
"18154",0.97889798941644,18100,1810
"18155",0.969032635918973,18100,1810
"18156",0.967034940555206,18100,1810
"18157",0.974622708803085,18100,1810
"18158",0.974835188028212,18100,1810
"18159",0.974380881369679,18100,1810
"18160",0.977375491837419,18100,1810
"18161",0.973857664480924,18100,1810
"18162",0.973990189379039,18100,1810
"18163",0.963608995405445,18100,1810
"18164",0.971523643759076,18100,1810
"18165",0.974754529075156,18100,1810
"18166",0.968005658244675,18100,1810
"18167",0.972180826512981,18100,1810
"18168",0.976184419041512,18100,1810
"18169",0.971184523799022,18100,1810
"18170",0.968710107183721,18100,1810
"18171",0.973290152450159,18100,1810
"18172",0.974154951937163,18100,1810
"18173",0.977165341100631,18100,1810
"18174",0.971413000137052,18100,1810
"18175",0.973221161198608,18100,1810
"18176",0.97418598237557,18100,1810
"18177",0.970861508936482,18100,1810
"18178",0.971149038945524,18100,1810
"18179",0.966146450772674,18100,1810
"18180",0.970218745229673,18100,1810
"18181",0.9786304199528,18100,1810
"18182",0.970865748011641,18100,1810
"18183",0.977828603352323,18100,1810
"18184",0.971172532215524,18100,1810
"18185",0.967088319421032,18100,1810
"18186",0.977821304276817,18100,1810
"18187",0.973106639905209,18100,1810
"18188",0.976526520137619,18100,1810
"18189",0.973045232284554,18100,1810
"18190",0.976123932227156,18100,1810
"18191",0.96993101891946,18100,1810
"18192",0.976287390970895,18100,1810
"18193",0.970721813520897,18100,1810
"18194",0.978018843620841,18100,1810
"18195",0.969972562690945,18100,1810
"18196",0.976719348093346,18100,1810
"18197",0.973294209471352,18100,1810
"18198",0.977138962666069,18100,1810
"18199",0.977980090333894,18100,1810
"18200",0.975136698965337,18100,1810
"18201",0.975162036252924,18100,1810
"18202",0.973926392179719,18100,1810
"18203",0.971033463610531,18100,1810
"18204",0.973315597673403,18100,1810
"18205",0.967947519024198,18100,1810
"18206",0.970034325379081,18100,1810
"18207",0.973126052158147,18100,1810
"18208",0.978872178333656,18100,1810
"18209",0.970117670421924,18100,1810
"18210",0.973807153480845,18100,1810
"18211",0.974384741997162,18100,1810
"18212",0.973721740844315,18100,1810
"18213",0.979472140984923,18100,1810
"18214",0.974539658951194,18100,1810
"18215",0.977599077922415,18100,1810
"18216",0.974876669227698,18100,1810
"18217",0.980018176961819,18100,1810
"18218",0.970782674942311,18100,1810
"18219",0.972757744937979,18100,1810
"18220",0.968136242314256,18100,1810
"18221",0.975912714312161,18100,1810
"18222",0.971454176561054,18100,1810
"18223",0.972051659783218,18100,1810
"18224",0.972654233118496,18100,1810
"18225",0.973306980156722,18100,1810
"18226",0.97475290535278,18100,1810
"18227",0.975846908046833,18100,1810
"18228",0.976528834095542,18100,1810
"18229",0.970499619994194,18100,1810
"18230",0.971203953398072,18100,1810
"18231",0.977920525602806,18100,1810
"18232",0.974711463001675,18100,1810
"18233",0.976304409098916,18100,1810
"18234",0.973596427183025,18100,1810
"18235",0.971693461578873,18100,1810
"18236",0.975577684302752,18100,1810
"18237",0.973544139414592,18100,1810
"18238",0.974183105311345,18100,1810
"18239",0.970113928926618,18100,1810
"18240",0.972995003870698,18100,1810
"18241",0.973658051505096,18100,1810
"18242",0.97570601098967,18100,1810
"18243",0.972729000282538,18100,1810
"18244",0.971414396694372,18100,1810
"18245",0.975566901165193,18100,1810
"18246",0.969799325493172,18100,1810
"18247",0.973424485878226,18100,1810
"18248",0.978248317218781,18100,1810
"18249",0.979998705054726,18100,1810
"18250",0.972872446829135,18100,1810
"18251",0.967585480452521,18100,1810
"18252",0.968266967307986,18100,1810
"18253",0.971731938955932,18100,1810
"18254",0.972941865078052,18100,1810
"18255",0.972187913765272,18100,1810
"18256",0.978858329598296,18100,1810
"18257",0.973206880805668,18100,1810
"18258",0.972891327946683,18100,1810
"18259",0.972423613820094,18100,1810
"18260",0.971621844640907,18100,1810
"18261",0.97703119389473,18100,1810
"18262",0.975006348005349,18100,1810
"18263",0.974381922564379,18100,1810
"18264",0.973280427532332,18100,1810
"18265",0.97526840914358,18100,1810
"18266",0.97266873847681,18100,1810
"18267",0.975066894078006,18100,1810
"18268",0.966243853944184,18100,1810
"18269",0.97213671520492,18100,1810
"18270",0.972130644638006,18100,1810
"18271",0.974705500183279,18100,1810
"18272",0.979093347019522,18100,1810
"18273",0.975515035678162,18100,1810
"18274",0.970888396162112,18100,1810
"18275",0.975356660901056,18100,1810
"18276",0.969439402960874,18100,1810
"18277",0.97392253256445,18100,1810
"18278",0.977687099349443,18100,1810
"18279",0.972929399798894,18100,1810
"18280",0.970796726958056,18100,1810
"18281",0.969989035182303,18100,1810
"18282",0.974148470923,18100,1810
"18283",0.970431978394888,18100,1810
"18284",0.977674105024026,18100,1810
"18285",0.97110795501462,18100,1810
"18286",0.97202329968826,18100,1810
"18287",0.970763699792924,18100,1810
"18288",0.974518932963747,18100,1810
"18289",0.972595072525957,18100,1810
"18290",0.973686910795444,18100,1810
"18291",0.975646157444536,18100,1810
"18292",0.970737629614223,18100,1810
"18293",0.980327061123211,18100,1810
"18294",0.976063582907037,18100,1810
"18295",0.972057106278878,18100,1810
"18296",0.971285097583987,18100,1810
"18297",0.977947737085306,18100,1810
"18298",0.976769724862979,18100,1810
"18299",0.977526901860774,18100,1810
"18300",0.973663968732728,18100,1810
"18301",0.975942662648949,18100,1810
"18302",0.979570032060293,18100,1810
"18303",0.971273630477356,18100,1810
"18304",0.972009216108351,18100,1810
"18305",0.973689267625749,18100,1810
"18306",0.973541930868453,18100,1810
"18307",0.976155576858814,18100,1810
"18308",0.971694772769667,18100,1810
"18309",0.977204974198453,18100,1810
"18310",0.968819970328295,18100,1810
"18311",0.971563937339117,18100,1810
"18312",0.974339299505254,18100,1810
"18313",0.968522659479515,18100,1810
"18314",0.977642590166609,18100,1810
"18315",0.973465708106059,18100,1810
"18316",0.974920045492454,18100,1810
"18317",0.973015198306752,18100,1810
"18318",0.971017468868459,18100,1810
"18319",0.973863194764587,18100,1810
"18320",0.971043512119518,18100,1810
"18321",0.967527340701314,18100,1810
"18322",0.974791582261201,18100,1810
"18323",0.970650044803612,18100,1810
"18324",0.974315205245095,18100,1810
"18325",0.972653407479789,18100,1810
"18326",0.974793145043575,18100,1810
"18327",0.976272445970852,18100,1810
"18328",0.976379926295159,18100,1810
"18329",0.976007964210472,18100,1810
"18330",0.974700110382307,18100,1810
"18331",0.970789913252488,18100,1810
"18332",0.97468076461495,18100,1810
"18333",0.973351011627872,18100,1810
"18334",0.975836916062913,18100,1810
"18335",0.97507817374655,18100,1810
"18336",0.976462596644284,18100,1810
"18337",0.976220345191608,18100,1810
"18338",0.973569538292132,18100,1810
"18339",0.971722141549807,18100,1810
"18340",0.970633697047714,18100,1810
"18341",0.97060497591254,18100,1810
"18342",0.975292470751297,18100,1810
"18343",0.976682033511988,18100,1810
"18344",0.974993348033486,18100,1810
"18345",0.974759257139918,18100,1810
"18346",0.975696391177908,18100,1810
"18347",0.974360597767401,18100,1810
"18348",0.973717513180297,18100,1810
"18349",0.976616156425019,18100,1810
"18350",0.974462589712194,18100,1810
"18351",0.972993193106859,18100,1810
"18352",0.974103684904679,18100,1810
"18353",0.975021170817962,18100,1810
"18354",0.967129018346756,18100,1810
"18355",0.975165495516657,18100,1810
"18356",0.973459165391025,18100,1810
"18357",0.97432564699834,18100,1810
"18358",0.971267840565851,18100,1810
"18359",0.974823211657322,18100,1810
"18360",0.97220465447484,18100,1810
"18361",0.977052104636655,18100,1810
"18362",0.975872226922956,18100,1810
"18363",0.970552275362846,18100,1810
"18364",0.975850776187958,18100,1810
"18365",0.978095086486257,18100,1810
"18366",0.972456096176049,18100,1810
"18367",0.973719661647109,18100,1810
"18368",0.97405555489151,18100,1810
"18369",0.976355550590223,18100,1810
"18370",0.973900705014592,18100,1810
"18371",0.975273276166901,18100,1810
"18372",0.97249961889148,18100,1810
"18373",0.977292282418557,18100,1810
"18374",0.971103470610682,18100,1810
"18375",0.973588747526292,18100,1810
"18376",0.974074927624055,18100,1810
"18377",0.967880421188005,18100,1810
"18378",0.973266125456455,18100,1810
"18379",0.971132924893144,18100,1810
"18380",0.970569303678859,18100,1810
"18381",0.97547107603872,18100,1810
"18382",0.974102186314679,18100,1810
"18383",0.978265234777995,18100,1810
"18384",0.975277421418532,18100,1810
"18385",0.973670414804792,18100,1810
"18386",0.971474917556405,18100,1810
"18387",0.978738463047897,18100,1810
"18388",0.968565180259203,18100,1810
"18389",0.971487230427955,18100,1810
"18390",0.975362876053862,18100,1810
"18391",0.975894996737522,18100,1810
"18392",0.974034385707562,18100,1810
"18393",0.970828937182428,18100,1810
"18394",0.973223424527556,18100,1810
"18395",0.972191460871301,18100,1810
"18396",0.972069487590639,18100,1810
"18397",0.97594422341728,18100,1810
"18398",0.967896630321394,18100,1810
"18399",0.972456921615413,18100,1810
"18400",0.975014205135226,18100,1810
"18401",0.973572195411633,18100,1810
"18402",0.979098065073863,18100,1810
"18403",0.975175524885649,18100,1810
"18404",0.975169593793948,18100,1810
"18405",0.96918796972023,18100,1810
"18406",0.972517039766541,18100,1810
"18407",0.97278250907676,18100,1810
"18408",0.974212999665406,18100,1810
"18409",0.97336687660302,18100,1810
"18410",0.973402701810872,18100,1810
"18411",0.969303781901639,18100,1810
"18412",0.974615180278004,18100,1810
"18413",0.975222329534821,18100,1810
"18414",0.973100726224923,18100,1810
"18415",0.973085533883192,18100,1810
"18416",0.973987829469334,18100,1810
"18417",0.974744395692091,18100,1810
"18418",0.970827630828962,18100,1810
"18419",0.972348360816354,18100,1810
"18420",0.971492769282902,18100,1810
"18421",0.974194806856338,18100,1810
"18422",0.976308407177916,18100,1810
"18423",0.972768465986379,18100,1810
"18424",0.976314168143936,18100,1810
"18425",0.970650578139256,18100,1810
"18426",0.974055803120416,18100,1810
"18427",0.978297752243227,18100,1810
"18428",0.971398635941373,18100,1810
"18429",0.974298341475636,18100,1810
"18430",0.975327681485483,18100,1810
"18431",0.976264932832424,18100,1810
"18432",0.97316338017844,18100,1810
"18433",0.976293721406903,18100,1810
"18434",0.975345783744528,18100,1810
"18435",0.973442178854959,18100,1810
"18436",0.972762686159933,18100,1810
"18437",0.973583971924744,18100,1810
"18438",0.974205954190379,18100,1810
"18439",0.97272858528881,18100,1810
"18440",0.977429809397942,18100,1810
"18441",0.974475327852226,18100,1810
"18442",0.978263565526379,18100,1810
"18443",0.973523027013718,18100,1810
"18444",0.976290879381225,18100,1810
"18445",0.977524442799532,18100,1810
"18446",0.969767327868953,18100,1810
"18447",0.97407980424408,18100,1810
"18448",0.972325792596241,18100,1810
"18449",0.975395601114808,18100,1810
"18450",0.975579169719732,18100,1810
"18451",0.977130914574799,18100,1810
"18452",0.975029670222865,18100,1810
"18453",0.971362291313018,18100,1810
"18454",0.976006642861754,18100,1810
"18455",0.973248619679498,18100,1810
"18456",0.972488564387679,18100,1810
"18457",0.97516060249642,18100,1810
"18458",0.974165242047076,18100,1810
"18459",0.973200521093107,18100,1810
"18460",0.970865996758919,18100,1810
"18461",0.976624594380503,18100,1810
"18462",0.97568747539109,18100,1810
"18463",0.975702796786956,18100,1810
"18464",0.973297055102865,18100,1810
"18465",0.971457085863498,18100,1810
"18466",0.975931927861278,18100,1810
"18467",0.970284849822169,18100,1810
"18468",0.975288592238712,18100,1810
"18469",0.973058369719122,18100,1810
"18470",0.962281912344937,18100,1810
"18471",0.976755241650578,18100,1810
"18472",0.970382954250103,18100,1810
"18473",0.976536427789459,18100,1810
"18474",0.97376856060347,18100,1810
"18475",0.979251003418827,18100,1810
"18476",0.969727605002831,18100,1810
"18477",0.972806878648278,18100,1810
"18478",0.97619169727577,18100,1810
"18479",0.97346462360588,18100,1810
"18480",0.97020928778389,18100,1810
"18481",0.974651968107022,18100,1810
"18482",0.976893510579686,18100,1810
"18483",0.971172942702023,18100,1810
"18484",0.973983144318812,18100,1810
"18485",0.974508325884124,18100,1810
"18486",0.973427915989671,18100,1810
"18487",0.972915147418451,18100,1810
"18488",0.975073011761631,18100,1810
"18489",0.967501276778718,18100,1810
"18490",0.977932478504274,18100,1810
"18491",0.972853063967822,18100,1810
"18492",0.971088420389172,18100,1810
"18493",0.975059663502524,18100,1810
"18494",0.975912865087096,18100,1810
"18495",0.972645197637809,18100,1810
"18496",0.976951258599161,18100,1810
"18497",0.972813692722864,18100,1810
"18498",0.974779106642879,18100,1810
"18499",0.970310643697798,18100,1810
"18500",0.975163078639591,18100,1810
"18501",0.972208445969749,18100,1810
"18502",0.970747100336795,18600,1860
"18503",0.974468345175658,18600,1860
"18504",0.974929556654055,18600,1860
"18505",0.972008303183003,18600,1860
"18506",0.976093587766921,18600,1860
"18507",0.974761199505365,18600,1860
"18508",0.975732403637735,18600,1860
"18509",0.974611985305757,18600,1860
"18510",0.972782084891267,18600,1860
"18511",0.969305543958012,18600,1860
"18512",0.973962915220554,18600,1860
"18513",0.976656650217813,18600,1860
"18514",0.976979665720902,18600,1860
"18515",0.976829058065819,18600,1860
"18516",0.973140405631706,18600,1860
"18517",0.975524341160219,18600,1860
"18518",0.978852327561387,18600,1860
"18519",0.973310813503762,18600,1860
"18520",0.979876732086374,18600,1860
"18521",0.973825075727327,18600,1860
"18522",0.969047492664226,18600,1860
"18523",0.974478838629458,18600,1860
"18524",0.972711692979393,18600,1860
"18525",0.973686242098385,18600,1860
"18526",0.972249505172146,18600,1860
"18527",0.979210716487526,18600,1860
"18528",0.970282297080333,18600,1860
"18529",0.968232273942728,18600,1860
"18530",0.976125021327698,18600,1860
"18531",0.975700371821158,18600,1860
"18532",0.975283926230302,18600,1860
"18533",0.9773783424325,18600,1860
"18534",0.977605199204241,18600,1860
"18535",0.975919515940462,18600,1860
"18536",0.975566683359582,18600,1860
"18537",0.974961039452589,18600,1860
"18538",0.972619752008594,18600,1860
"18539",0.97133859211163,18600,1860
"18540",0.975118699273271,18600,1860
"18541",0.977207937693519,18600,1860
"18542",0.973094004181975,18600,1860
"18543",0.977869255001835,18600,1860
"18544",0.975876145926592,18600,1860
"18545",0.9780790516168,18600,1860
"18546",0.974879757153843,18600,1860
"18547",0.974297996635507,18600,1860
"18548",0.974506221982854,18600,1860
"18549",0.976433771119772,18600,1860
"18550",0.973365460991236,18600,1860
"18551",0.97697199363404,18600,1860
"18552",0.97072158290249,18600,1860
"18553",0.974370351865493,18600,1860
"18554",0.974414709157368,18600,1860
"18555",0.977259764564019,18600,1860
"18556",0.970406633829748,18600,1860
"18557",0.975401951092941,18600,1860
"18558",0.975399751016236,18600,1860
"18559",0.976564040046144,18600,1860
"18560",0.977437273835561,18600,1860
"18561",0.981271400524293,18600,1860
"18562",0.970647944884075,18600,1860
"18563",0.976510978107051,18600,1860
"18564",0.97042116298047,18600,1860
"18565",0.976239049672066,18600,1860
"18566",0.971452038681091,18600,1860
"18567",0.972786496404845,18600,1860
"18568",0.970169011385512,18600,1860
"18569",0.977608722626095,18600,1860
"18570",0.972906000176571,18600,1860
"18571",0.970805014454207,18600,1860
"18572",0.979395935275472,18600,1860
"18573",0.974679625925525,18600,1860
"18574",0.973181882096396,18600,1860
"18575",0.97585550205414,18600,1860
"18576",0.973965600141989,18600,1860
"18577",0.974598729712676,18600,1860
"18578",0.978136080064855,18600,1860
"18579",0.975977056821262,18600,1860
"18580",0.974784095228595,18600,1860
"18581",0.977794054453654,18600,1860
"18582",0.979890240835069,18600,1860
"18583",0.972190402389442,18600,1860
"18584",0.971198367816712,18600,1860
"18585",0.968237178618205,18600,1860
"18586",0.975267296978929,18600,1860
"18587",0.976921283454504,18600,1860
"18588",0.973083381966666,18600,1860
"18589",0.975570804584842,18600,1860
"18590",0.969690282739772,18600,1860
"18591",0.977148888052624,18600,1860
"18592",0.973738783909922,18600,1860
"18593",0.977939741251696,18600,1860
"18594",0.97231880487497,18600,1860
"18595",0.97561432199179,18600,1860
"18596",0.974968561162086,18600,1860
"18597",0.972823632912345,18600,1860
"18598",0.975673468916579,18600,1860
"18599",0.971658323522924,18600,1860
"18600",0.973212456758978,18600,1860
"18601",0.974879390101614,18600,1860
"18602",0.970209488964035,18600,1860
"18603",0.971176818406011,18600,1860
"18604",0.972790811611757,18600,1860
"18605",0.97568751162285,18600,1860
"18606",0.972426004370106,18600,1860
"18607",0.974482327331307,18600,1860
"18608",0.975431327579584,18600,1860
"18609",0.971744232368781,18600,1860
"18610",0.977697761875001,18600,1860
"18611",0.974240738088543,18600,1860
"18612",0.974511828212867,18600,1860
"18613",0.972344480231395,18600,1860
"18614",0.974602326460623,18600,1860
"18615",0.974577902568522,18600,1860
"18616",0.973556485478442,18600,1860
"18617",0.97375302527933,18600,1860
"18618",0.978575325920892,18600,1860
"18619",0.97044845903163,18600,1860
"18620",0.975934374658127,18600,1860
"18621",0.980366243373086,18600,1860
"18622",0.971680298367048,18600,1860
"18623",0.974684492149354,18600,1860
"18624",0.973702702827412,18600,1860
"18625",0.977410784236648,18600,1860
"18626",0.979260584077432,18600,1860
"18627",0.974497973255476,18600,1860
"18628",0.973186295580005,18600,1860
"18629",0.975618868919217,18600,1860
"18630",0.977230473698185,18600,1860
"18631",0.973517143399411,18600,1860
"18632",0.976260516474347,18600,1860
"18633",0.974620296889734,18600,1860
"18634",0.970376796806695,18600,1860
"18635",0.973118005051103,18600,1860
"18636",0.974974695243977,18600,1860
"18637",0.976388800675676,18600,1860
"18638",0.978489489138515,18600,1860
"18639",0.97218214376495,18600,1860
"18640",0.971152553586627,18600,1860
"18641",0.972542325097452,18600,1860
"18642",0.977901202716669,18600,1860
"18643",0.978737747899283,18600,1860
"18644",0.974495141613519,18600,1860
"18645",0.976218472147323,18600,1860
"18646",0.978744608020956,18600,1860
"18647",0.972749467726813,18600,1860
"18648",0.97218879043307,18600,1860
"18649",0.975808133345329,18600,1860
"18650",0.97481543564122,18600,1860
"18651",0.976232389661528,18600,1860
"18652",0.976040372870073,18600,1860
"18653",0.975012972941103,18600,1860
"18654",0.974139292279374,18600,1860
"18655",0.976838818775886,18600,1860
"18656",0.976438612836056,18600,1860
"18657",0.974672485870137,18600,1860
"18658",0.976243170436175,18600,1860
"18659",0.973117754297275,18600,1860
"18660",0.970868967795303,18600,1860
"18661",0.97114081635539,18600,1860
"18662",0.977202912984436,18600,1860
"18663",0.973356295960938,18600,1860
"18664",0.97662985067816,18600,1860
"18665",0.975227773060011,18600,1860
"18666",0.978255199569376,18600,1860
"18667",0.969552382490105,18600,1860
"18668",0.97567726862438,18600,1860
"18669",0.972244350226773,18600,1860
"18670",0.97341673499472,18600,1860
"18671",0.975716242386205,18600,1860
"18672",0.972587832157113,18600,1860
"18673",0.970607232151249,18600,1860
"18674",0.975010285662121,18600,1860
"18675",0.978268779392562,18600,1860
"18676",0.970947549197128,18600,1860
"18677",0.976404756501945,18600,1860
"18678",0.972581050795107,18600,1860
"18679",0.974189633489652,18600,1860
"18680",0.977043726874294,18600,1860
"18681",0.971731757393824,18600,1860
"18682",0.974546105936924,18600,1860
"18683",0.974469686061283,18600,1860
"18684",0.975147899757513,18600,1860
"18685",0.975614619230507,18600,1860
"18686",0.978610084991427,18600,1860
"18687",0.971368741414539,18600,1860
"18688",0.976246152483791,18600,1860
"18689",0.976034276932905,18600,1860
"18690",0.970583098666769,18600,1860
"18691",0.976756363121725,18600,1860
"18692",0.971357794223634,18600,1860
"18693",0.975573623271922,18600,1860
"18694",0.977134652971413,18600,1860
"18695",0.972150634396055,18600,1860
"18696",0.974793137194143,18600,1860
"18697",0.976716905174391,18600,1860
"18698",0.978187370525202,18600,1860
"18699",0.974660821444439,18600,1860
"18700",0.97349855053173,18600,1860
"18701",0.971539159189751,18600,1860
"18702",0.972493573494759,18600,1860
"18703",0.979436328363209,18600,1860
"18704",0.971765377135566,18600,1860
"18705",0.974203112595708,18600,1860
"18706",0.977903585123131,18600,1860
"18707",0.97516305869733,18600,1860
"18708",0.970875895837592,18600,1860
"18709",0.969852562481155,18600,1860
"18710",0.97886650007956,18600,1860
"18711",0.97746458214988,18600,1860
"18712",0.973213469478779,18600,1860
"18713",0.972269555506597,18600,1860
"18714",0.971154661155265,18600,1860
"18715",0.97169607092412,18600,1860
"18716",0.974476961001429,18600,1860
"18717",0.975330638955987,18600,1860
"18718",0.978191907617372,18600,1860
"18719",0.977428079711583,18600,1860
"18720",0.978518021516313,18600,1860
"18721",0.974033152297737,18600,1860
"18722",0.974146571227939,18600,1860
"18723",0.973304130286529,18600,1860
"18724",0.971111585501107,18600,1860
"18725",0.974071495215229,18600,1860
"18726",0.97440691310331,18600,1860
"18727",0.975365293905898,18600,1860
"18728",0.977058012247058,18600,1860
"18729",0.975201556977737,18600,1860
"18730",0.975248188581078,18600,1860
"18731",0.971561573242526,18600,1860
"18732",0.976110924989115,18600,1860
"18733",0.976533524853671,18600,1860
"18734",0.976771594590265,18600,1860
"18735",0.973898546604544,18600,1860
"18736",0.973330615461122,18600,1860
"18737",0.972435855469657,18600,1860
"18738",0.97672610964178,18600,1860
"18739",0.971415374569681,18600,1860
"18740",0.974694807633279,18600,1860
"18741",0.979212008933333,18600,1860
"18742",0.972924873772084,18600,1860
"18743",0.974449882622578,18600,1860
"18744",0.978838091665805,18600,1860
"18745",0.966356676877785,18600,1860
"18746",0.976370084484281,18600,1860
"18747",0.975772348955994,18600,1860
"18748",0.974754942124726,18600,1860
"18749",0.971889501093715,18600,1860
"18750",0.978971915810546,18600,1860
"18751",0.973385242473895,18600,1860
"18752",0.972716766317056,18600,1860
"18753",0.976606726352532,18600,1860
"18754",0.976180745184728,18600,1860
"18755",0.972760234613236,18600,1860
"18756",0.972349761681183,18600,1860
"18757",0.973800900986712,18600,1860
"18758",0.976107409702356,18600,1860
"18759",0.976943243322311,18600,1860
"18760",0.975697799528026,18600,1860
"18761",0.973915659757686,18600,1860
"18762",0.972465149971036,18600,1860
"18763",0.979330826604616,18600,1860
"18764",0.975284603432269,18600,1860
"18765",0.970891328789639,18600,1860
"18766",0.96890807158927,18600,1860
"18767",0.972845899378305,18600,1860
"18768",0.973823004683273,18600,1860
"18769",0.971082211266543,18600,1860
"18770",0.97481173353663,18600,1860
"18771",0.975593837257369,18600,1860
"18772",0.970300598745366,18600,1860
"18773",0.974166995402516,18600,1860
"18774",0.974371986071049,18600,1860
"18775",0.976046647690101,18600,1860
"18776",0.9747639627256,18600,1860
"18777",0.975189990601236,18600,1860
"18778",0.97207491206109,18600,1860
"18779",0.971382640263467,18600,1860
"18780",0.970336305967756,18600,1860
"18781",0.978284876435278,18600,1860
"18782",0.973136833469923,18600,1860
"18783",0.971523578196244,18600,1860
"18784",0.972557868289901,18600,1860
"18785",0.978040535700272,18600,1860
"18786",0.973816939526705,18600,1860
"18787",0.973712638271577,18600,1860
"18788",0.974524818228954,18600,1860
"18789",0.977354519601989,18600,1860
"18790",0.974267506963744,18600,1860
"18791",0.973903702264306,18600,1860
"18792",0.975184846177146,18600,1860
"18793",0.97380453822313,18600,1860
"18794",0.969213349651941,18600,1860
"18795",0.978096135671365,18600,1860
"18796",0.970479338118503,18600,1860
"18797",0.977800791451684,18600,1860
"18798",0.975592011114909,18600,1860
"18799",0.970636273409608,18600,1860
"18800",0.972003027545356,18600,1860
"18801",0.971849951621001,18600,1860
"18802",0.970278107766915,18600,1860
"18803",0.976776295661374,18600,1860
"18804",0.97113591094566,18600,1860
"18805",0.973142168711348,18600,1860
"18806",0.977342847659608,18600,1860
"18807",0.972876546790529,18600,1860
"18808",0.977076342398038,18600,1860
"18809",0.977154670199687,18600,1860
"18810",0.977047921440724,18600,1860
"18811",0.971190934422234,18600,1860
"18812",0.974362475648729,18600,1860
"18813",0.978087125312441,18600,1860
"18814",0.974181502419499,18600,1860
"18815",0.981232591698014,18600,1860
"18816",0.980778798408017,18600,1860
"18817",0.97674853025831,18600,1860
"18818",0.97257926014414,18600,1860
"18819",0.973820646095002,18600,1860
"18820",0.974269524225165,18600,1860
"18821",0.974470496349039,18600,1860
"18822",0.976044251235898,18600,1860
"18823",0.974251491350228,18600,1860
"18824",0.968010196511359,18600,1860
"18825",0.974943542187463,18600,1860
"18826",0.976765194952608,18600,1860
"18827",0.975349470946867,18600,1860
"18828",0.972050179800547,18600,1860
"18829",0.975153762194925,18600,1860
"18830",0.973397198813553,18600,1860
"18831",0.975073922445161,18600,1860
"18832",0.974739864454624,18600,1860
"18833",0.972492893729108,18600,1860
"18834",0.97839326113322,18600,1860
"18835",0.976370300946747,18600,1860
"18836",0.977935507083298,18600,1860
"18837",0.975028735315682,18600,1860
"18838",0.977803541670897,18600,1860
"18839",0.97319856751719,18600,1860
"18840",0.975738132292159,18600,1860
"18841",0.968149036916194,18600,1860
"18842",0.974083435971367,18600,1860
"18843",0.97263549836868,18600,1860
"18844",0.974535716901114,18600,1860
"18845",0.976118282652954,18600,1860
"18846",0.975217324822281,18600,1860
"18847",0.97669475046714,18600,1860
"18848",0.974757848414438,18600,1860
"18849",0.968781066188504,18600,1860
"18850",0.973937031142175,18600,1860
"18851",0.977935250505402,18600,1860
"18852",0.969775278650534,18600,1860
"18853",0.973035935748878,18600,1860
"18854",0.97597494153764,18600,1860
"18855",0.974576517496564,18600,1860
"18856",0.969235322836725,18600,1860
"18857",0.976313386197655,18600,1860
"18858",0.977352889288448,18600,1860
"18859",0.969868268033751,18600,1860
"18860",0.970796376384734,18600,1860
"18861",0.972518700926715,18600,1860
"18862",0.967912210542675,18600,1860
"18863",0.973812308521761,18600,1860
"18864",0.977819394593251,18600,1860
"18865",0.97570895986079,18600,1860
"18866",0.975311873884664,18600,1860
"18867",0.975259119432533,18600,1860
"18868",0.973392043662195,18600,1860
"18869",0.978039437745688,18600,1860
"18870",0.976599575144951,18600,1860
"18871",0.977123875826832,18600,1860
"18872",0.973453606528512,18600,1860
"18873",0.975261087350176,18600,1860
"18874",0.970455945797735,18600,1860
"18875",0.971785863511946,18600,1860
"18876",0.970743225436163,18600,1860
"18877",0.977269644624311,18600,1860
"18878",0.980885092579339,18600,1860
"18879",0.975996861686293,18600,1860
"18880",0.979553098727361,18600,1860
"18881",0.964891768681741,18600,1860
"18882",0.975607525944608,18600,1860
"18883",0.973368738989242,18600,1860
"18884",0.969446926114652,18600,1860
"18885",0.96979874157716,18600,1860
"18886",0.976115541516878,18600,1860
"18887",0.976534516104232,18600,1860
"18888",0.977122118320308,18600,1860
"18889",0.975953422986111,18600,1860
"18890",0.977080689016685,18600,1860
"18891",0.967791303993896,18600,1860
"18892",0.975631906775779,18600,1860
"18893",0.975398010244431,18600,1860
"18894",0.974175695087306,18600,1860
"18895",0.974698130065852,18600,1860
"18896",0.975786496254003,18600,1860
"18897",0.97521192880523,18600,1860
"18898",0.971450229647415,18600,1860
"18899",0.976509328619036,18600,1860
"18900",0.973151962630755,18600,1860
"18901",0.969422495899939,18600,1860
"18902",0.977591381010478,18600,1860
"18903",0.972503278904453,18600,1860
"18904",0.975045940920803,18600,1860
"18905",0.972920931422482,18600,1860
"18906",0.975600953573969,18600,1860
"18907",0.977981727242386,18600,1860
"18908",0.973983981675919,18600,1860
"18909",0.971174359853542,18600,1860
"18910",0.97480630221487,18600,1860
"18911",0.977086906940075,18600,1860
"18912",0.971835987122967,18600,1860
"18913",0.978542318224933,18600,1860
"18914",0.977572073071301,18600,1860
"18915",0.978894577681724,18600,1860
"18916",0.976707195608436,18600,1860
"18917",0.977676278215414,18600,1860
"18918",0.974691225428111,18600,1860
"18919",0.975611852143085,18600,1860
"18920",0.974888714200771,18600,1860
"18921",0.974776643593073,18600,1860
"18922",0.971805656547204,18600,1860
"18923",0.969247018724396,18600,1860
"18924",0.972158193010532,18600,1860
"18925",0.974267728089283,18600,1860
"18926",0.979109467265904,18600,1860
"18927",0.9779308386974,18600,1860
"18928",0.974808026764378,18600,1860
"18929",0.97444643119262,18600,1860
"18930",0.973416197807296,18600,1860
"18931",0.974948606432586,18600,1860
"18932",0.974616970053216,18600,1860
"18933",0.977639736637122,18600,1860
"18934",0.979936076105982,18600,1860
"18935",0.976108015144199,18600,1860
"18936",0.971495802039775,18600,1860
"18937",0.978138147940381,18600,1860
"18938",0.974695388121076,18600,1860
"18939",0.972568704990554,18600,1860
"18940",0.977173925093211,18600,1860
"18941",0.979104812038746,18600,1860
"18942",0.973755293196759,18600,1860
"18943",0.969311234415871,18600,1860
"18944",0.972630127590587,18600,1860
"18945",0.974471747585267,18600,1860
"18946",0.975993537118045,18600,1860
"18947",0.972941894473864,18600,1860
"18948",0.978974900000132,18600,1860
"18949",0.976778228288848,18600,1860
"18950",0.973146551463645,18600,1860
"18951",0.972760876587876,18600,1860
"18952",0.978276943923743,18600,1860
"18953",0.973914161903763,18600,1860
"18954",0.97601396929513,18600,1860
"18955",0.976133015734905,18600,1860
"18956",0.974720867837242,18600,1860
"18957",0.975347571336633,18600,1860
"18958",0.978262462758543,18600,1860
"18959",0.974914661983132,18600,1860
"18960",0.972609664449597,18600,1860
"18961",0.971421233579073,18600,1860
"18962",0.97472609459609,18600,1860
"18963",0.976057503656224,18600,1860
"18964",0.972931577043956,18600,1860
"18965",0.975742514875938,18600,1860
"18966",0.9726994084267,18600,1860
"18967",0.974745016448154,18600,1860
"18968",0.971218775900542,18600,1860
"18969",0.976797374352211,18600,1860
"18970",0.98041625464009,18600,1860
"18971",0.979570766369759,18600,1860
"18972",0.970191136573876,18600,1860
"18973",0.973392627017041,18600,1860
"18974",0.971922655306088,18600,1860
"18975",0.972415815748933,18600,1860
"18976",0.968627196919871,18600,1860
"18977",0.971067826024594,18600,1860
"18978",0.975315210650654,18600,1860
"18979",0.979196407266621,18600,1860
"18980",0.978697766741743,18600,1860
"18981",0.978505702004536,18600,1860
"18982",0.976568193265119,18600,1860
"18983",0.974861571828801,18600,1860
"18984",0.97304380249979,18600,1860
"18985",0.974809174505895,18600,1860
"18986",0.979175979532356,18600,1860
"18987",0.971521469941439,18600,1860
"18988",0.976652920065758,18600,1860
"18989",0.972395601655278,18600,1860
"18990",0.977433353901206,18600,1860
"18991",0.975698706846767,18600,1860
"18992",0.976205825652146,18600,1860
"18993",0.971414185157643,18600,1860
"18994",0.975912192464351,18600,1860
"18995",0.975031959878257,18600,1860
"18996",0.975405192769553,18600,1860
"18997",0.974410579422658,18600,1860
"18998",0.973739654422604,18600,1860
"18999",0.975948836330656,18600,1860
"19000",0.977813485452538,18600,1860
"19001",0.976465482682209,18600,1860
"19002",0.977157063953394,19100,1910
"19003",0.977065477818828,19100,1910
"19004",0.972961564850937,19100,1910
"19005",0.975379260523317,19100,1910
"19006",0.978214310167769,19100,1910
"19007",0.977318755700765,19100,1910
"19008",0.971960496607533,19100,1910
"19009",0.981138747748624,19100,1910
"19010",0.973654543009318,19100,1910
"19011",0.976689346821866,19100,1910
"19012",0.97696051349425,19100,1910
"19013",0.979982464441197,19100,1910
"19014",0.973444983505687,19100,1910
"19015",0.977494718246512,19100,1910
"19016",0.977269150379161,19100,1910
"19017",0.973966250779535,19100,1910
"19018",0.979955212558843,19100,1910
"19019",0.978644353389692,19100,1910
"19020",0.975659279845743,19100,1910
"19021",0.976774068062209,19100,1910
"19022",0.976634987491855,19100,1910
"19023",0.97586735270754,19100,1910
"19024",0.973732388773471,19100,1910
"19025",0.970881097924294,19100,1910
"19026",0.970088190515927,19100,1910
"19027",0.973259639888639,19100,1910
"19028",0.980554041488915,19100,1910
"19029",0.968579723308172,19100,1910
"19030",0.975920172724124,19100,1910
"19031",0.97373168441352,19100,1910
"19032",0.974014320725236,19100,1910
"19033",0.976575452734651,19100,1910
"19034",0.976724716148673,19100,1910
"19035",0.976431177275399,19100,1910
"19036",0.97393312197691,19100,1910
"19037",0.974758016483708,19100,1910
"19038",0.976628487944438,19100,1910
"19039",0.973086580344065,19100,1910
"19040",0.970549925146697,19100,1910
"19041",0.973452337587247,19100,1910
"19042",0.975405227515544,19100,1910
"19043",0.973434043567667,19100,1910
"19044",0.975032704022928,19100,1910
"19045",0.977176195023922,19100,1910
"19046",0.975756660261335,19100,1910
"19047",0.976272844725966,19100,1910
"19048",0.974693886887304,19100,1910
"19049",0.977785428499141,19100,1910
"19050",0.974952949182487,19100,1910
"19051",0.976827398985026,19100,1910
"19052",0.97782960632266,19100,1910
"19053",0.978380844632589,19100,1910
"19054",0.972263208392597,19100,1910
"19055",0.978930598276519,19100,1910
"19056",0.978106714674603,19100,1910
"19057",0.977932376213847,19100,1910
"19058",0.980238454169867,19100,1910
"19059",0.977362675220139,19100,1910
"19060",0.977009007985329,19100,1910
"19061",0.975769890707569,19100,1910
"19062",0.975332167856624,19100,1910
"19063",0.967259991745734,19100,1910
"19064",0.974034080234616,19100,1910
"19065",0.973658121872756,19100,1910
"19066",0.969692718626266,19100,1910
"19067",0.977292598927499,19100,1910
"19068",0.97129529106607,19100,1910
"19069",0.978241897881526,19100,1910
"19070",0.977277074899906,19100,1910
"19071",0.973146844443671,19100,1910
"19072",0.974536531122063,19100,1910
"19073",0.968193085317509,19100,1910
"19074",0.977052741247177,19100,1910
"19075",0.974837708148335,19100,1910
"19076",0.969881542027769,19100,1910
"19077",0.972051065192534,19100,1910
"19078",0.976309177449599,19100,1910
"19079",0.973888075208202,19100,1910
"19080",0.970468322986686,19100,1910
"19081",0.973984487517259,19100,1910
"19082",0.977045651833211,19100,1910
"19083",0.975485301029582,19100,1910
"19084",0.970686367273008,19100,1910
"19085",0.973343416813922,19100,1910
"19086",0.974581981950207,19100,1910
"19087",0.974409395039312,19100,1910
"19088",0.976291472734394,19100,1910
"19089",0.972782809716732,19100,1910
"19090",0.972109575415291,19100,1910
"19091",0.978575443516342,19100,1910
"19092",0.978478157945796,19100,1910
"19093",0.969005802094591,19100,1910
"19094",0.977688713677404,19100,1910
"19095",0.977316989239111,19100,1910
"19096",0.972718218254423,19100,1910
"19097",0.973488958913819,19100,1910
"19098",0.972272024325122,19100,1910
"19099",0.967948864023517,19100,1910
"19100",0.973062920344144,19100,1910
"19101",0.977445989020172,19100,1910
"19102",0.969359328769076,19100,1910
"19103",0.976805799533272,19100,1910
"19104",0.979125160713704,19100,1910
"19105",0.97352223713254,19100,1910
"19106",0.97216741933458,19100,1910
"19107",0.973667013444559,19100,1910
"19108",0.979742976720636,19100,1910
"19109",0.974536905124121,19100,1910
"19110",0.974634810580296,19100,1910
"19111",0.978212240948482,19100,1910
"19112",0.975347665068079,19100,1910
"19113",0.982595393339804,19100,1910
"19114",0.973138731429067,19100,1910
"19115",0.981879780692316,19100,1910
"19116",0.976247066900761,19100,1910
"19117",0.979174717548901,19100,1910
"19118",0.975909504280823,19100,1910
"19119",0.972956763609709,19100,1910
"19120",0.975693341680766,19100,1910
"19121",0.972332971301573,19100,1910
"19122",0.980468744764205,19100,1910
"19123",0.975001572815951,19100,1910
"19124",0.977364884095908,19100,1910
"19125",0.980224956083218,19100,1910
"19126",0.973986293792921,19100,1910
"19127",0.978773729856089,19100,1910
"19128",0.973306741094217,19100,1910
"19129",0.974687233503166,19100,1910
"19130",0.970626633243618,19100,1910
"19131",0.975397632156392,19100,1910
"19132",0.975880099872115,19100,1910
"19133",0.97735132600965,19100,1910
"19134",0.976990002652765,19100,1910
"19135",0.971914879358666,19100,1910
"19136",0.975607557820883,19100,1910
"19137",0.975292004893961,19100,1910
"19138",0.977792213501952,19100,1910
"19139",0.975140077676935,19100,1910
"19140",0.971533024157608,19100,1910
"19141",0.970889115400223,19100,1910
"19142",0.969694241208007,19100,1910
"19143",0.979065027906925,19100,1910
"19144",0.974228017518905,19100,1910
"19145",0.9725763623923,19100,1910
"19146",0.974057442728602,19100,1910
"19147",0.976462498464502,19100,1910
"19148",0.979854753753251,19100,1910
"19149",0.976090152479115,19100,1910
"19150",0.970930975484629,19100,1910
"19151",0.975265303680158,19100,1910
"19152",0.975524290623,19100,1910
"19153",0.971734901721925,19100,1910
"19154",0.970842411309011,19100,1910
"19155",0.973452373852738,19100,1910
"19156",0.974596314854806,19100,1910
"19157",0.970684103134731,19100,1910
"19158",0.976910280197998,19100,1910
"19159",0.971722325439097,19100,1910
"19160",0.977056675309986,19100,1910
"19161",0.977827019407987,19100,1910
"19162",0.977197288429145,19100,1910
"19163",0.975388382486645,19100,1910
"19164",0.97438762449436,19100,1910
"19165",0.96759818414534,19100,1910
"19166",0.977423307617155,19100,1910
"19167",0.975692291633996,19100,1910
"19168",0.971709999584926,19100,1910
"19169",0.97289831998613,19100,1910
"19170",0.973470330904066,19100,1910
"19171",0.974451188901115,19100,1910
"19172",0.974516131098617,19100,1910
"19173",0.974446344076345,19100,1910
"19174",0.974004397397906,19100,1910
"19175",0.974924144883098,19100,1910
"19176",0.973021043821242,19100,1910
"19177",0.969424055301643,19100,1910
"19178",0.973686707895534,19100,1910
"19179",0.972236883073097,19100,1910
"19180",0.976573366986198,19100,1910
"19181",0.977232896543973,19100,1910
"19182",0.974234152916571,19100,1910
"19183",0.973243281175685,19100,1910
"19184",0.977794712955251,19100,1910
"19185",0.976153343802243,19100,1910
"19186",0.972009035416048,19100,1910
"19187",0.975192192582536,19100,1910
"19188",0.978269591266377,19100,1910
"19189",0.975930154319799,19100,1910
"19190",0.97722954857528,19100,1910
"19191",0.971464505158569,19100,1910
"19192",0.977469781358754,19100,1910
"19193",0.975024859312235,19100,1910
"19194",0.978233307899119,19100,1910
"19195",0.97187337832833,19100,1910
"19196",0.973827141690607,19100,1910
"19197",0.973327229033885,19100,1910
"19198",0.978450244427782,19100,1910
"19199",0.973240921196479,19100,1910
"19200",0.97399359977214,19100,1910
"19201",0.971021397203429,19100,1910
"19202",0.976096883855692,19100,1910
"19203",0.97368174432075,19100,1910
"19204",0.97220751311683,19100,1910
"19205",0.965994255310216,19100,1910
"19206",0.972149053478473,19100,1910
"19207",0.973336175236054,19100,1910
"19208",0.975404490768721,19100,1910
"19209",0.972786250268203,19100,1910
"19210",0.974012934180015,19100,1910
"19211",0.972672480534034,19100,1910
"19212",0.976334091270565,19100,1910
"19213",0.97570833914235,19100,1910
"19214",0.978417085445109,19100,1910
"19215",0.977301219097272,19100,1910
"19216",0.973771249287809,19100,1910
"19217",0.978715308777465,19100,1910
"19218",0.976122912109348,19100,1910
"19219",0.969043466970136,19100,1910
"19220",0.975175520807615,19100,1910
"19221",0.974995259727213,19100,1910
"19222",0.981114900454409,19100,1910
"19223",0.978001829380468,19100,1910
"19224",0.97648319748678,19100,1910
"19225",0.975425383228762,19100,1910
"19226",0.978533066929533,19100,1910
"19227",0.976811849628316,19100,1910
"19228",0.979481186938983,19100,1910
"19229",0.974616052028896,19100,1910
"19230",0.976273077145435,19100,1910
"19231",0.974681045916419,19100,1910
"19232",0.975282586483228,19100,1910
"19233",0.97825928563669,19100,1910
"19234",0.975874935455603,19100,1910
"19235",0.977999619345595,19100,1910
"19236",0.97286458430615,19100,1910
"19237",0.974229269646481,19100,1910
"19238",0.975204794352315,19100,1910
"19239",0.976700732908533,19100,1910
"19240",0.968215296210671,19100,1910
"19241",0.974602450131562,19100,1910
"19242",0.97927695165219,19100,1910
"19243",0.971859276671185,19100,1910
"19244",0.973002718971791,19100,1910
"19245",0.975710606199522,19100,1910
"19246",0.974638849177601,19100,1910
"19247",0.972806432653551,19100,1910
"19248",0.974438068396931,19100,1910
"19249",0.974038346482684,19100,1910
"19250",0.972141081410618,19100,1910
"19251",0.975439470517442,19100,1910
"19252",0.970628922785765,19100,1910
"19253",0.977170721603287,19100,1910
"19254",0.979315202406821,19100,1910
"19255",0.974742278223988,19100,1910
"19256",0.974147153225301,19100,1910
"19257",0.978747086109108,19100,1910
"19258",0.976542981681525,19100,1910
"19259",0.967370354522922,19100,1910
"19260",0.976340739966213,19100,1910
"19261",0.972856351820171,19100,1910
"19262",0.972565719107169,19100,1910
"19263",0.972729949150801,19100,1910
"19264",0.9762667994937,19100,1910
"19265",0.979915342360989,19100,1910
"19266",0.971273091639267,19100,1910
"19267",0.976014760028298,19100,1910
"19268",0.974512751654951,19100,1910
"19269",0.976889572098186,19100,1910
"19270",0.973430022750737,19100,1910
"19271",0.970519806449141,19100,1910
"19272",0.979333679047351,19100,1910
"19273",0.969838842301162,19100,1910
"19274",0.975776677985346,19100,1910
"19275",0.975259570849248,19100,1910
"19276",0.969243097974754,19100,1910
"19277",0.97654798529988,19100,1910
"19278",0.976034191780432,19100,1910
"19279",0.974481575146612,19100,1910
"19280",0.970791623042438,19100,1910
"19281",0.973510901416187,19100,1910
"19282",0.973702158771255,19100,1910
"19283",0.977644657380907,19100,1910
"19284",0.972619940391372,19100,1910
"19285",0.972077509559187,19100,1910
"19286",0.974436865726442,19100,1910
"19287",0.975957981615648,19100,1910
"19288",0.978434144458869,19100,1910
"19289",0.971238041041026,19100,1910
"19290",0.971946044156253,19100,1910
"19291",0.978323938095737,19100,1910
"19292",0.977678197983587,19100,1910
"19293",0.972947077646091,19100,1910
"19294",0.980409519297385,19100,1910
"19295",0.975923723903361,19100,1910
"19296",0.972585096450563,19100,1910
"19297",0.977011294951601,19100,1910
"19298",0.976503243669584,19100,1910
"19299",0.976578445364888,19100,1910
"19300",0.975699611763614,19100,1910
"19301",0.982063393146781,19100,1910
"19302",0.978210476978504,19100,1910
"19303",0.971709007904075,19100,1910
"19304",0.977347788329689,19100,1910
"19305",0.976003246683094,19100,1910
"19306",0.974879953521621,19100,1910
"19307",0.97128792884526,19100,1910
"19308",0.974288576211537,19100,1910
"19309",0.976924358663604,19100,1910
"19310",0.976141039044485,19100,1910
"19311",0.972528544845209,19100,1910
"19312",0.969163794556209,19100,1910
"19313",0.972890989285702,19100,1910
"19314",0.971587854462211,19100,1910
"19315",0.973311766707736,19100,1910
"19316",0.975046270975371,19100,1910
"19317",0.970303780234701,19100,1910
"19318",0.974002050824585,19100,1910
"19319",0.971188415525253,19100,1910
"19320",0.978120278068324,19100,1910
"19321",0.973720087385227,19100,1910
"19322",0.974032780137878,19100,1910
"19323",0.976156200451232,19100,1910
"19324",0.97599688184116,19100,1910
"19325",0.975563347409716,19100,1910
"19326",0.970829557360935,19100,1910
"19327",0.9719290570706,19100,1910
"19328",0.974214333516672,19100,1910
"19329",0.975860708073425,19100,1910
"19330",0.97677146577002,19100,1910
"19331",0.974662188338749,19100,1910
"19332",0.979307134055745,19100,1910
"19333",0.973973087582031,19100,1910
"19334",0.976171311890845,19100,1910
"19335",0.973458127423956,19100,1910
"19336",0.978942526898919,19100,1910
"19337",0.978150733657111,19100,1910
"19338",0.974534483180485,19100,1910
"19339",0.976297895349579,19100,1910
"19340",0.979163369730412,19100,1910
"19341",0.979462888863646,19100,1910
"19342",0.971668851883392,19100,1910
"19343",0.973347531827549,19100,1910
"19344",0.975306012488811,19100,1910
"19345",0.973358658691482,19100,1910
"19346",0.972910364569345,19100,1910
"19347",0.975957387483922,19100,1910
"19348",0.982101895486205,19100,1910
"19349",0.97573063598425,19100,1910
"19350",0.970523168339872,19100,1910
"19351",0.971807384684104,19100,1910
"19352",0.975852187629164,19100,1910
"19353",0.974540326223462,19100,1910
"19354",0.974232062296082,19100,1910
"19355",0.971246125123798,19100,1910
"19356",0.969531105228406,19100,1910
"19357",0.974817060050864,19100,1910
"19358",0.980523634698469,19100,1910
"19359",0.973502771865557,19100,1910
"19360",0.974047464606604,19100,1910
"19361",0.979118363366557,19100,1910
"19362",0.97506607736431,19100,1910
"19363",0.975234379151678,19100,1910
"19364",0.972635379663039,19100,1910
"19365",0.977799282255918,19100,1910
"19366",0.977297892914069,19100,1910
"19367",0.978342406407246,19100,1910
"19368",0.974784456403935,19100,1910
"19369",0.978277160964961,19100,1910
"19370",0.974029686022124,19100,1910
"19371",0.976390160039581,19100,1910
"19372",0.977240638227138,19100,1910
"19373",0.98028458642064,19100,1910
"19374",0.970715999278317,19100,1910
"19375",0.974867539668506,19100,1910
"19376",0.977484729239884,19100,1910
"19377",0.975101047016681,19100,1910
"19378",0.973148850394071,19100,1910
"19379",0.977590765632455,19100,1910
"19380",0.974635974551899,19100,1910
"19381",0.975934304875114,19100,1910
"19382",0.97098136949577,19100,1910
"19383",0.975911785573606,19100,1910
"19384",0.978110307976081,19100,1910
"19385",0.983527834469147,19100,1910
"19386",0.97773735355382,19100,1910
"19387",0.974492501612148,19100,1910
"19388",0.969555663188961,19100,1910
"19389",0.976247019710414,19100,1910
"19390",0.971944726918161,19100,1910
"19391",0.973657509820935,19100,1910
"19392",0.975048069896605,19100,1910
"19393",0.980537670883184,19100,1910
"19394",0.975129295275218,19100,1910
"19395",0.976387022875891,19100,1910
"19396",0.978230721798093,19100,1910
"19397",0.977852390746109,19100,1910
"19398",0.975281625717072,19100,1910
"19399",0.975689548447141,19100,1910
"19400",0.978198678889607,19100,1910
"19401",0.969186380224167,19100,1910
"19402",0.976042633028927,19100,1910
"19403",0.973887378083232,19100,1910
"19404",0.975823986400788,19100,1910
"19405",0.974216132617383,19100,1910
"19406",0.979347244638151,19100,1910
"19407",0.977876079921068,19100,1910
"19408",0.977724933540682,19100,1910
"19409",0.976016992055019,19100,1910
"19410",0.970967933268383,19100,1910
"19411",0.977996258726551,19100,1910
"19412",0.979204483015568,19100,1910
"19413",0.979116342126001,19100,1910
"19414",0.975610297590898,19100,1910
"19415",0.973747071315328,19100,1910
"19416",0.973313116101752,19100,1910
"19417",0.976075746598739,19100,1910
"19418",0.97317619518172,19100,1910
"19419",0.971720528415283,19100,1910
"19420",0.976238414286903,19100,1910
"19421",0.971101211609306,19100,1910
"19422",0.977081641519302,19100,1910
"19423",0.976702045601408,19100,1910
"19424",0.974954927409109,19100,1910
"19425",0.971285475819952,19100,1910
"19426",0.978467494123554,19100,1910
"19427",0.979112028186238,19100,1910
"19428",0.975194489191617,19100,1910
"19429",0.973771125092183,19100,1910
"19430",0.975196299566476,19100,1910
"19431",0.975469512214515,19100,1910
"19432",0.975098115157012,19100,1910
"19433",0.980853268900024,19100,1910
"19434",0.972356564489034,19100,1910
"19435",0.972554128742928,19100,1910
"19436",0.973818456623682,19100,1910
"19437",0.974597873752421,19100,1910
"19438",0.973429003251316,19100,1910
"19439",0.975021852711024,19100,1910
"19440",0.974304794660082,19100,1910
"19441",0.975065859476916,19100,1910
"19442",0.97676000290655,19100,1910
"19443",0.979089113906121,19100,1910
"19444",0.972201666864745,19100,1910
"19445",0.974095375649465,19100,1910
"19446",0.97415952273692,19100,1910
"19447",0.978594700518272,19100,1910
"19448",0.974900105883293,19100,1910
"19449",0.972647023520476,19100,1910
"19450",0.97623163990331,19100,1910
"19451",0.974176657302643,19100,1910
"19452",0.977216092473121,19100,1910
"19453",0.971926070346299,19100,1910
"19454",0.97643759030064,19100,1910
"19455",0.979348164880982,19100,1910
"19456",0.977978910722537,19100,1910
"19457",0.972534763251708,19100,1910
"19458",0.979135948013467,19100,1910
"19459",0.974609010694025,19100,1910
"19460",0.972155363131109,19100,1910
"19461",0.968714344420416,19100,1910
"19462",0.973656418554125,19100,1910
"19463",0.97459645715835,19100,1910
"19464",0.978656907862428,19100,1910
"19465",0.975951744496655,19100,1910
"19466",0.979720347979614,19100,1910
"19467",0.974015609548316,19100,1910
"19468",0.975167807743452,19100,1910
"19469",0.972919310164229,19100,1910
"19470",0.975075803683833,19100,1910
"19471",0.975977214696605,19100,1910
"19472",0.97569582752297,19100,1910
"19473",0.973901438087669,19100,1910
"19474",0.972373283898644,19100,1910
"19475",0.976443292119359,19100,1910
"19476",0.971949053376505,19100,1910
"19477",0.977804903979471,19100,1910
"19478",0.973907577180176,19100,1910
"19479",0.980050130572006,19100,1910
"19480",0.977122623808049,19100,1910
"19481",0.972188219178167,19100,1910
"19482",0.969951771731254,19100,1910
"19483",0.977975568556006,19100,1910
"19484",0.977627697143611,19100,1910
"19485",0.977590099627027,19100,1910
"19486",0.976502827817168,19100,1910
"19487",0.978956473416905,19100,1910
"19488",0.978008853313007,19100,1910
"19489",0.97620345809534,19100,1910
"19490",0.97395648949208,19100,1910
"19491",0.974240049174469,19100,1910
"19492",0.979281556621655,19100,1910
"19493",0.974476232406607,19100,1910
"19494",0.977573936863112,19100,1910
"19495",0.972473819610114,19100,1910
"19496",0.974336395963497,19100,1910
"19497",0.972623869152411,19100,1910
"19498",0.978448812236023,19100,1910
"19499",0.972029053033733,19100,1910
"19500",0.973548533164569,19100,1910
"19501",0.974559844373481,19100,1910
"19502",0.979802148076006,19600,1960
"19503",0.974100520550089,19600,1960
"19504",0.976653136252473,19600,1960
"19505",0.980838154720937,19600,1960
"19506",0.976124605377995,19600,1960
"19507",0.973548697329468,19600,1960
"19508",0.975480224081917,19600,1960
"19509",0.979377814744064,19600,1960
"19510",0.980707173907049,19600,1960
"19511",0.975374352045778,19600,1960
"19512",0.976403391821098,19600,1960
"19513",0.976755409131373,19600,1960
"19514",0.975225009710725,19600,1960
"19515",0.971515039715074,19600,1960
"19516",0.976217200120332,19600,1960
"19517",0.975143330295918,19600,1960
"19518",0.982822333698344,19600,1960
"19519",0.980945735385008,19600,1960
"19520",0.97661820960024,19600,1960
"19521",0.977821738388502,19600,1960
"19522",0.978546253451349,19600,1960
"19523",0.97776245539499,19600,1960
"19524",0.97110735522568,19600,1960
"19525",0.972546543565963,19600,1960
"19526",0.978276767684985,19600,1960
"19527",0.978157900833959,19600,1960
"19528",0.976089736344678,19600,1960
"19529",0.977072606839298,19600,1960
"19530",0.974583253952812,19600,1960
"19531",0.973044548202819,19600,1960
"19532",0.979322180171976,19600,1960
"19533",0.980369616592521,19600,1960
"19534",0.973977593624421,19600,1960
"19535",0.977112533796828,19600,1960
"19536",0.972306273246032,19600,1960
"19537",0.973029013191536,19600,1960
"19538",0.97603414216758,19600,1960
"19539",0.971161083137768,19600,1960
"19540",0.976181701118193,19600,1960
"19541",0.973520416006895,19600,1960
"19542",0.978281036328271,19600,1960
"19543",0.975802904600906,19600,1960
"19544",0.972999071624934,19600,1960
"19545",0.971699100229816,19600,1960
"19546",0.97471343677621,19600,1960
"19547",0.976582069455321,19600,1960
"19548",0.971663936604422,19600,1960
"19549",0.976231341812068,19600,1960
"19550",0.976644448258184,19600,1960
"19551",0.972899052698521,19600,1960
"19552",0.971062057557423,19600,1960
"19553",0.978799378816378,19600,1960
"19554",0.979232758968427,19600,1960
"19555",0.973487213950301,19600,1960
"19556",0.974202311491186,19600,1960
"19557",0.97554143495194,19600,1960
"19558",0.978265532316857,19600,1960
"19559",0.978165333657427,19600,1960
"19560",0.976792101983833,19600,1960
"19561",0.982029439199005,19600,1960
"19562",0.974611917238909,19600,1960
"19563",0.973901426721004,19600,1960
"19564",0.976018720808786,19600,1960
"19565",0.977368657416188,19600,1960
"19566",0.975474808730171,19600,1960
"19567",0.974484095142981,19600,1960
"19568",0.974678587194029,19600,1960
"19569",0.975683185790941,19600,1960
"19570",0.975256205702106,19600,1960
"19571",0.972128311818591,19600,1960
"19572",0.975847473681055,19600,1960
"19573",0.975265184852352,19600,1960
"19574",0.975350035365275,19600,1960
"19575",0.980521972855311,19600,1960
"19576",0.978037929203652,19600,1960
"19577",0.97784081627072,19600,1960
"19578",0.977925898735715,19600,1960
"19579",0.975418392381301,19600,1960
"19580",0.974734363789217,19600,1960
"19581",0.976653867915517,19600,1960
"19582",0.975125917868305,19600,1960
"19583",0.977455587958144,19600,1960
"19584",0.970818606977977,19600,1960
"19585",0.972997901084932,19600,1960
"19586",0.980444802428156,19600,1960
"19587",0.977028034494039,19600,1960
"19588",0.977444978129002,19600,1960
"19589",0.975768801263319,19600,1960
"19590",0.97504573266689,19600,1960
"19591",0.972994764467844,19600,1960
"19592",0.974755407323493,19600,1960
"19593",0.973005185208143,19600,1960
"19594",0.975986147158163,19600,1960
"19595",0.974916924014421,19600,1960
"19596",0.981303748748317,19600,1960
"19597",0.978115776519766,19600,1960
"19598",0.975252444035596,19600,1960
"19599",0.974184766753985,19600,1960
"19600",0.976365657269809,19600,1960
"19601",0.977825293563616,19600,1960
"19602",0.978101997541109,19600,1960
"19603",0.978552305998809,19600,1960
"19604",0.976858809283277,19600,1960
"19605",0.975057723000781,19600,1960
"19606",0.973456294805679,19600,1960
"19607",0.976565887083657,19600,1960
"19608",0.977178112746288,19600,1960
"19609",0.972627538894588,19600,1960
"19610",0.974140006199535,19600,1960
"19611",0.976860280711251,19600,1960
"19612",0.976362073131469,19600,1960
"19613",0.97535407748239,19600,1960
"19614",0.975309605860868,19600,1960
"19615",0.981629925221472,19600,1960
"19616",0.980108568790678,19600,1960
"19617",0.976554501293793,19600,1960
"19618",0.975994970344965,19600,1960
"19619",0.972787802773222,19600,1960
"19620",0.980100419627281,19600,1960
"19621",0.975260157745754,19600,1960
"19622",0.973688466821051,19600,1960
"19623",0.979370815505232,19600,1960
"19624",0.973620280528263,19600,1960
"19625",0.980805815019696,19600,1960
"19626",0.973630389351573,19600,1960
"19627",0.974213042898247,19600,1960
"19628",0.978192455891114,19600,1960
"19629",0.974287516379846,19600,1960
"19630",0.975142295315288,19600,1960
"19631",0.972526859866806,19600,1960
"19632",0.972933095271755,19600,1960
"19633",0.977666232302236,19600,1960
"19634",0.977750677322547,19600,1960
"19635",0.97709127792269,19600,1960
"19636",0.978580876420055,19600,1960
"19637",0.976364157895523,19600,1960
"19638",0.974200575183411,19600,1960
"19639",0.975626222348379,19600,1960
"19640",0.973766466091855,19600,1960
"19641",0.972712922964095,19600,1960
"19642",0.974350456295974,19600,1960
"19643",0.975545762917469,19600,1960
"19644",0.973467175740446,19600,1960
"19645",0.976656406472497,19600,1960
"19646",0.979139651296993,19600,1960
"19647",0.976549767860314,19600,1960
"19648",0.97760763912437,19600,1960
"19649",0.971669790869508,19600,1960
"19650",0.975871412519652,19600,1960
"19651",0.979240914664789,19600,1960
"19652",0.982079583916971,19600,1960
"19653",0.977543004286565,19600,1960
"19654",0.973455005360975,19600,1960
"19655",0.976458548694837,19600,1960
"19656",0.972736495371313,19600,1960
"19657",0.975405000008205,19600,1960
"19658",0.9764508492244,19600,1960
"19659",0.97884468833387,19600,1960
"19660",0.975507308597285,19600,1960
"19661",0.970464444388674,19600,1960
"19662",0.975411552159304,19600,1960
"19663",0.977970576158204,19600,1960
"19664",0.977592955061462,19600,1960
"19665",0.976302121263238,19600,1960
"19666",0.971904512355082,19600,1960
"19667",0.973210776713279,19600,1960
"19668",0.974194704977778,19600,1960
"19669",0.972017687472057,19600,1960
"19670",0.974386085875615,19600,1960
"19671",0.974942034852843,19600,1960
"19672",0.974497890420364,19600,1960
"19673",0.972041248729528,19600,1960
"19674",0.975940318025269,19600,1960
"19675",0.976890060365205,19600,1960
"19676",0.97369389513477,19600,1960
"19677",0.976037788203966,19600,1960
"19678",0.971009403491682,19600,1960
"19679",0.978186464438005,19600,1960
"19680",0.975257838197545,19600,1960
"19681",0.976742725494598,19600,1960
"19682",0.972236560286449,19600,1960
"19683",0.974771227014628,19600,1960
"19684",0.976504793808878,19600,1960
"19685",0.978964361562094,19600,1960
"19686",0.973973702429516,19600,1960
"19687",0.978806085293755,19600,1960
"19688",0.973620769345307,19600,1960
"19689",0.978171513073066,19600,1960
"19690",0.977988195098797,19600,1960
"19691",0.976867897587734,19600,1960
"19692",0.980431752548541,19600,1960
"19693",0.974310017941934,19600,1960
"19694",0.975519843553942,19600,1960
"19695",0.980392284497414,19600,1960
"19696",0.973055527581014,19600,1960
"19697",0.97384388236929,19600,1960
"19698",0.971781794505463,19600,1960
"19699",0.980219132502978,19600,1960
"19700",0.97572213168866,19600,1960
"19701",0.979216070183872,19600,1960
"19702",0.973265729915297,19600,1960
"19703",0.974487265223561,19600,1960
"19704",0.979177762563197,19600,1960
"19705",0.974951149999896,19600,1960
"19706",0.973672165617452,19600,1960
"19707",0.971688128150915,19600,1960
"19708",0.977815591985412,19600,1960
"19709",0.977469967503859,19600,1960
"19710",0.9760256839451,19600,1960
"19711",0.976108234153005,19600,1960
"19712",0.973500645128714,19600,1960
"19713",0.976968834324223,19600,1960
"19714",0.975482803722583,19600,1960
"19715",0.97722164804746,19600,1960
"19716",0.97715619908829,19600,1960
"19717",0.981883663430531,19600,1960
"19718",0.974778005601971,19600,1960
"19719",0.979888641297319,19600,1960
"19720",0.974677538286802,19600,1960
"19721",0.977104692079697,19600,1960
"19722",0.977887920950582,19600,1960
"19723",0.98034721794167,19600,1960
"19724",0.978218276902827,19600,1960
"19725",0.975256782929753,19600,1960
"19726",0.978074865324603,19600,1960
"19727",0.976274020383878,19600,1960
"19728",0.972398659287371,19600,1960
"19729",0.975664826235354,19600,1960
"19730",0.97573868717868,19600,1960
"19731",0.975194391289853,19600,1960
"19732",0.978080049420147,19600,1960
"19733",0.97882384752278,19600,1960
"19734",0.980535338080572,19600,1960
"19735",0.976774959710829,19600,1960
"19736",0.976680194597894,19600,1960
"19737",0.978778752254807,19600,1960
"19738",0.97514961193561,19600,1960
"19739",0.977043205514247,19600,1960
"19740",0.976744575150702,19600,1960
"19741",0.978625035497997,19600,1960
"19742",0.977688426954524,19600,1960
"19743",0.969681569578492,19600,1960
"19744",0.972632618937457,19600,1960
"19745",0.978757028981769,19600,1960
"19746",0.973367160675811,19600,1960
"19747",0.97714668211959,19600,1960
"19748",0.974030094345505,19600,1960
"19749",0.978733338270806,19600,1960
"19750",0.976329638265787,19600,1960
"19751",0.974373149370622,19600,1960
"19752",0.974531594709128,19600,1960
"19753",0.967054481168848,19600,1960
"19754",0.974962489260613,19600,1960
"19755",0.969214830846415,19600,1960
"19756",0.977967166411508,19600,1960
"19757",0.976202349334309,19600,1960
"19758",0.973649049567083,19600,1960
"19759",0.976978502504211,19600,1960
"19760",0.97351715357762,19600,1960
"19761",0.978874557508551,19600,1960
"19762",0.97646477480276,19600,1960
"19763",0.971546741810778,19600,1960
"19764",0.976298479866998,19600,1960
"19765",0.976198714316331,19600,1960
"19766",0.976469248650731,19600,1960
"19767",0.978677213601281,19600,1960
"19768",0.977696148266712,19600,1960
"19769",0.977456084020429,19600,1960
"19770",0.979619570323072,19600,1960
"19771",0.975170928174477,19600,1960
"19772",0.974718814075753,19600,1960
"19773",0.972913675229309,19600,1960
"19774",0.979226657922746,19600,1960
"19775",0.968914741941977,19600,1960
"19776",0.972927009434023,19600,1960
"19777",0.977427000976609,19600,1960
"19778",0.97436633074302,19600,1960
"19779",0.979786337598366,19600,1960
"19780",0.972009282996906,19600,1960
"19781",0.976904045401013,19600,1960
"19782",0.980324065886711,19600,1960
"19783",0.971730769592053,19600,1960
"19784",0.979245404603277,19600,1960
"19785",0.973843073943919,19600,1960
"19786",0.975026555478546,19600,1960
"19787",0.978986552981138,19600,1960
"19788",0.978674877940396,19600,1960
"19789",0.977532418778542,19600,1960
"19790",0.978452287853931,19600,1960
"19791",0.975434742360626,19600,1960
"19792",0.972601644468442,19600,1960
"19793",0.971827906338098,19600,1960
"19794",0.976324696502903,19600,1960
"19795",0.97189104576194,19600,1960
"19796",0.975546823610219,19600,1960
"19797",0.974558778092331,19600,1960
"19798",0.974474261921815,19600,1960
"19799",0.977296170481456,19600,1960
"19800",0.973598196730428,19600,1960
"19801",0.97862166207265,19600,1960
"19802",0.979551048712245,19600,1960
"19803",0.977481175327904,19600,1960
"19804",0.979451063956162,19600,1960
"19805",0.978074718225755,19600,1960
"19806",0.973394902049581,19600,1960
"19807",0.973021542476155,19600,1960
"19808",0.975200939141619,19600,1960
"19809",0.975287647430816,19600,1960
"19810",0.974371923432239,19600,1960
"19811",0.974532876740081,19600,1960
"19812",0.979465522161439,19600,1960
"19813",0.972756120107996,19600,1960
"19814",0.975503403579041,19600,1960
"19815",0.977410430578551,19600,1960
"19816",0.976392967544115,19600,1960
"19817",0.97432747285781,19600,1960
"19818",0.976266462917838,19600,1960
"19819",0.976631653910619,19600,1960
"19820",0.978497840584532,19600,1960
"19821",0.980335188627448,19600,1960
"19822",0.974277104471745,19600,1960
"19823",0.977373303900808,19600,1960
"19824",0.975302158638305,19600,1960
"19825",0.973855831370198,19600,1960
"19826",0.974456259079945,19600,1960
"19827",0.975098877325341,19600,1960
"19828",0.973802683948773,19600,1960
"19829",0.974201788204688,19600,1960
"19830",0.980525197220297,19600,1960
"19831",0.977522339294982,19600,1960
"19832",0.974646805825679,19600,1960
"19833",0.972171951202051,19600,1960
"19834",0.972245334739883,19600,1960
"19835",0.973082948204222,19600,1960
"19836",0.978834269487495,19600,1960
"19837",0.976619916664304,19600,1960
"19838",0.973809050533004,19600,1960
"19839",0.976381323805513,19600,1960
"19840",0.975091597014331,19600,1960
"19841",0.969619405074025,19600,1960
"19842",0.976632226506044,19600,1960
"19843",0.981938731465928,19600,1960
"19844",0.97914584373076,19600,1960
"19845",0.975220817369642,19600,1960
"19846",0.979794332854331,19600,1960
"19847",0.974267359232232,19600,1960
"19848",0.974883798130528,19600,1960
"19849",0.976477351547722,19600,1960
"19850",0.973436615967246,19600,1960
"19851",0.974162080148072,19600,1960
"19852",0.975386728681428,19600,1960
"19853",0.977144351793436,19600,1960
"19854",0.976208723697534,19600,1960
"19855",0.978304323978865,19600,1960
"19856",0.9701709409911,19600,1960
"19857",0.975770334964845,19600,1960
"19858",0.973552820916986,19600,1960
"19859",0.977172933158596,19600,1960
"19860",0.978205841554231,19600,1960
"19861",0.97569862578364,19600,1960
"19862",0.978690641744309,19600,1960
"19863",0.977454273525353,19600,1960
"19864",0.974334238714842,19600,1960
"19865",0.97671638071545,19600,1960
"19866",0.976953996942325,19600,1960
"19867",0.972830403579121,19600,1960
"19868",0.970855036279831,19600,1960
"19869",0.978685210186106,19600,1960
"19870",0.974295439792561,19600,1960
"19871",0.978633066461128,19600,1960
"19872",0.976122959318317,19600,1960
"19873",0.975198730612165,19600,1960
"19874",0.977923878838403,19600,1960
"19875",0.974348483977677,19600,1960
"19876",0.975469381859706,19600,1960
"19877",0.978174516926904,19600,1960
"19878",0.975259862456954,19600,1960
"19879",0.975868776261673,19600,1960
"19880",0.978660661594242,19600,1960
"19881",0.974452167037992,19600,1960
"19882",0.971223009725439,19600,1960
"19883",0.979198965849123,19600,1960
"19884",0.974786180437572,19600,1960
"19885",0.974531984026605,19600,1960
"19886",0.977224762881599,19600,1960
"19887",0.974470772330207,19600,1960
"19888",0.977400339870468,19600,1960
"19889",0.970445623639632,19600,1960
"19890",0.981674532843879,19600,1960
"19891",0.977474166682644,19600,1960
"19892",0.970041796919793,19600,1960
"19893",0.975408546484819,19600,1960
"19894",0.979805708884715,19600,1960
"19895",0.978369525174197,19600,1960
"19896",0.975617214615343,19600,1960
"19897",0.974272772849384,19600,1960
"19898",0.979344196248452,19600,1960
"19899",0.978257991223211,19600,1960
"19900",0.978127585263023,19600,1960
"19901",0.981239550590563,19600,1960
"19902",0.974460335039692,19600,1960
"19903",0.973395601955467,19600,1960
"19904",0.973217296129206,19600,1960
"19905",0.973770757849233,19600,1960
"19906",0.974050858614699,19600,1960
"19907",0.975819683770223,19600,1960
"19908",0.976544052487046,19600,1960
"19909",0.973198786602964,19600,1960
"19910",0.980717200814803,19600,1960
"19911",0.976967041545526,19600,1960
"19912",0.975897833740069,19600,1960
"19913",0.975444985334632,19600,1960
"19914",0.97778850250693,19600,1960
"19915",0.976460428485204,19600,1960
"19916",0.974301002381112,19600,1960
"19917",0.974689643840119,19600,1960
"19918",0.976562417147684,19600,1960
"19919",0.976433505760195,19600,1960
"19920",0.977403950617556,19600,1960
"19921",0.975882759372364,19600,1960
"19922",0.976427429256159,19600,1960
"19923",0.978581270004886,19600,1960
"19924",0.975412349576824,19600,1960
"19925",0.975702221533117,19600,1960
"19926",0.968642256640951,19600,1960
"19927",0.978574220945585,19600,1960
"19928",0.97480492269392,19600,1960
"19929",0.971148485269818,19600,1960
"19930",0.979371257993947,19600,1960
"19931",0.974891697781789,19600,1960
"19932",0.972866098995269,19600,1960
"19933",0.979534714622194,19600,1960
"19934",0.974220449235901,19600,1960
"19935",0.97738210456992,19600,1960
"19936",0.977103296296152,19600,1960
"19937",0.975296218581541,19600,1960
"19938",0.979682190928152,19600,1960
"19939",0.978540037204924,19600,1960
"19940",0.97619046859262,19600,1960
"19941",0.979014737193961,19600,1960
"19942",0.975814055214269,19600,1960
"19943",0.977429613095342,19600,1960
"19944",0.971387297332925,19600,1960
"19945",0.968648434807961,19600,1960
"19946",0.981182355646686,19600,1960
"19947",0.97418585349153,19600,1960
"19948",0.976030938845871,19600,1960
"19949",0.971697668977403,19600,1960
"19950",0.970580287989195,19600,1960
"19951",0.978887849276331,19600,1960
"19952",0.975282938252773,19600,1960
"19953",0.97651960241145,19600,1960
"19954",0.971386180634894,19600,1960
"19955",0.975431169512049,19600,1960
"19956",0.978551357382018,19600,1960
"19957",0.971308182545899,19600,1960
"19958",0.976565947072528,19600,1960
"19959",0.976295225470326,19600,1960
"19960",0.974775717238853,19600,1960
"19961",0.978533897802523,19600,1960
"19962",0.979058400655304,19600,1960
"19963",0.974502916694448,19600,1960
"19964",0.977995087984945,19600,1960
"19965",0.973250490504349,19600,1960
"19966",0.975906597706262,19600,1960
"19967",0.974199194181926,19600,1960
"19968",0.977209155342011,19600,1960
"19969",0.980596882035037,19600,1960
"19970",0.977064021715017,19600,1960
"19971",0.973993779141155,19600,1960
"19972",0.972276048242351,19600,1960
"19973",0.976548937013449,19600,1960
"19974",0.978290277138415,19600,1960
"19975",0.982567593135259,19600,1960
"19976",0.971681613211626,19600,1960
"19977",0.977758250901096,19600,1960
"19978",0.977291523637765,19600,1960
"19979",0.975405181621514,19600,1960
"19980",0.978443504625846,19600,1960
"19981",0.973212515733328,19600,1960
"19982",0.975394966233959,19600,1960
"19983",0.979126138848151,19600,1960
"19984",0.975128581803301,19600,1960
"19985",0.971380222918547,19600,1960
"19986",0.973705772891273,19600,1960
"19987",0.976576471355787,19600,1960
"19988",0.974116223643264,19600,1960
"19989",0.973869226469487,19600,1960
"19990",0.974229444586049,19600,1960
"19991",0.973527972080749,19600,1960
"19992",0.978496361077178,19600,1960
"19993",0.971707380644403,19600,1960
"19994",0.977782809014243,19600,1960
"19995",0.976082137440263,19600,1960
"19996",0.974051315340516,19600,1960
"19997",0.978951837804095,19600,1960
"19998",0.97242490808077,19600,1960
"19999",0.97427207252445,19600,1960
"20000",0.975152396549129,19600,1960
"20001",0.97891393577506,19600,1960
