"","taphonomyValues","decayRate","PerDay"
"2",0.514083215187405,5.479452e-05,0.0005479452
"3",0.513146092263213,5.479452e-05,0.0005479452
"4",0.514006527377949,5.479452e-05,0.0005479452
"5",0.513119605847653,5.479452e-05,0.0005479452
"6",0.513518745823871,5.479452e-05,0.0005479452
"7",0.513260182737179,5.479452e-05,0.0005479452
"8",0.513542864311537,5.479452e-05,0.0005479452
"9",0.514270374478507,5.479452e-05,0.0005479452
"10",0.514427112346786,5.479452e-05,0.0005479452
"11",0.512918811004835,5.479452e-05,0.0005479452
"12",0.51368629361599,5.479452e-05,0.0005479452
"13",0.512925136155489,5.479452e-05,0.0005479452
"14",0.513556814401466,5.479452e-05,0.0005479452
"15",0.513279597972105,5.479452e-05,0.0005479452
"16",0.513050346797512,5.479452e-05,0.0005479452
"17",0.514032441390123,5.479452e-05,0.0005479452
"18",0.512888748472723,5.479452e-05,0.0005479452
"19",0.512974558468906,5.479452e-05,0.0005479452
"20",0.513167147354281,5.479452e-05,0.0005479452
"21",0.513105567589358,5.479452e-05,0.0005479452
"22",0.513291152516402,5.479452e-05,0.0005479452
"23",0.51392997838195,5.479452e-05,0.0005479452
"24",0.513144377313193,5.479452e-05,0.0005479452
"25",0.513559312328368,5.479452e-05,0.0005479452
"26",0.51290595692364,5.479452e-05,0.0005479452
"27",0.5130132690299,5.479452e-05,0.0005479452
"28",0.513814658920233,5.479452e-05,0.0005479452
"29",0.5126445103777,5.479452e-05,0.0005479452
"30",0.513512780632173,5.479452e-05,0.0005479452
"31",0.51343457406188,5.479452e-05,0.0005479452
"32",0.512684007919329,5.479452e-05,0.0005479452
"33",0.513544558242494,5.479452e-05,0.0005479452
"34",0.513301280281649,5.479452e-05,0.0005479452
"35",0.513004382774117,5.479452e-05,0.0005479452
"36",0.513049327885881,5.479452e-05,0.0005479452
"37",0.513251522183302,5.479452e-05,0.0005479452
"38",0.512700876642464,5.479452e-05,0.0005479452
"39",0.513626032632058,5.479452e-05,0.0005479452
"40",0.513725871349962,5.479452e-05,0.0005479452
"41",0.513362498323047,5.479452e-05,0.0005479452
"42",0.513491562379985,5.479452e-05,0.0005479452
"43",0.51369121873264,5.479452e-05,0.0005479452
"44",0.512618579901978,5.479452e-05,0.0005479452
"45",0.513950069773201,5.479452e-05,0.0005479452
"46",0.513144577249414,5.479452e-05,0.0005479452
"47",0.513451694854611,5.479452e-05,0.0005479452
"48",0.513100265885136,5.479452e-05,0.0005479452
"49",0.513242335602025,5.479452e-05,0.0005479452
"50",0.513664953344383,5.479452e-05,0.0005479452
"51",0.512612622248028,5.479452e-05,0.0005479452
"52",0.513045137611939,5.479452e-05,0.0005479452
"53",0.513758887406245,5.479452e-05,0.0005479452
"54",0.513303174899884,5.479452e-05,0.0005479452
"55",0.512996236915285,5.479452e-05,0.0005479452
"56",0.512872825063595,5.479452e-05,0.0005479452
"57",0.512674929346474,5.479452e-05,0.0005479452
"58",0.512618759261452,5.479452e-05,0.0005479452
"59",0.512687970079573,5.479452e-05,0.0005479452
"60",0.513370472101859,5.479452e-05,0.0005479452
"61",0.513470694325914,5.479452e-05,0.0005479452
"62",0.513607003729392,5.479452e-05,0.0005479452
"63",0.513490121262558,5.479452e-05,0.0005479452
"64",0.512285281746365,5.479452e-05,0.0005479452
"65",0.513482868868008,5.479452e-05,0.0005479452
"66",0.512934160493187,5.479452e-05,0.0005479452
"67",0.513682626647756,5.479452e-05,0.0005479452
"68",0.513853423281065,5.479452e-05,0.0005479452
"69",0.512245179967571,5.479452e-05,0.0005479452
"70",0.512579895500254,5.479452e-05,0.0005479452
"71",0.513094975965549,5.479452e-05,0.0005479452
"72",0.514233486820766,5.479452e-05,0.0005479452
"73",0.512731906577878,5.479452e-05,0.0005479452
"74",0.513633397738421,5.479452e-05,0.0005479452
"75",0.513116801549532,5.479452e-05,0.0005479452
"76",0.513515776953473,5.479452e-05,0.0005479452
"77",0.51383892711222,5.479452e-05,0.0005479452
"78",0.512576289108777,5.479452e-05,0.0005479452
"79",0.514080164299926,5.479452e-05,0.0005479452
"80",0.512989773153391,5.479452e-05,0.0005479452
"81",0.513707892480056,5.479452e-05,0.0005479452
"82",0.513481120014949,5.479452e-05,0.0005479452
"83",0.513160973333074,5.479452e-05,0.0005479452
"84",0.512986702821913,5.479452e-05,0.0005479452
"85",0.513231711366824,5.479452e-05,0.0005479452
"86",0.513096631071162,5.479452e-05,0.0005479452
"87",0.512542593571679,5.479452e-05,0.0005479452
"88",0.513987692106864,5.479452e-05,0.0005479452
"89",0.514038599011808,5.479452e-05,0.0005479452
"90",0.513170267020085,5.479452e-05,0.0005479452
"91",0.513603834327,5.479452e-05,0.0005479452
"92",0.512773688237095,5.479452e-05,0.0005479452
"93",0.512526553708626,5.479452e-05,0.0005479452
"94",0.514265092019251,5.479452e-05,0.0005479452
"95",0.513379623601686,5.479452e-05,0.0005479452
"96",0.513516793687941,5.479452e-05,0.0005479452
"97",0.514369579768288,5.479452e-05,0.0005479452
"98",0.512596859713555,5.479452e-05,0.0005479452
"99",0.512810253240991,5.479452e-05,0.0005479452
"100",0.514175194966984,5.479452e-05,0.0005479452
"101",0.513309723067166,5.479452e-05,0.0005479452
"102",0.513407739272431,5.479452e-05,0.0005479452
"103",0.512902792014832,5.479452e-05,0.0005479452
"104",0.513071344169966,5.479452e-05,0.0005479452
"105",0.513372202721929,5.479452e-05,0.0005479452
"106",0.513604934077888,5.479452e-05,0.0005479452
"107",0.513398217910896,5.479452e-05,0.0005479452
"108",0.512088241129092,5.479452e-05,0.0005479452
"109",0.513926512606299,5.479452e-05,0.0005479452
"110",0.513206225094952,5.479452e-05,0.0005479452
"111",0.512607818476873,5.479452e-05,0.0005479452
"112",0.5130536723416,5.479452e-05,0.0005479452
"113",0.512431076312036,5.479452e-05,0.0005479452
"114",0.514129872671695,5.479452e-05,0.0005479452
"115",0.513788331279579,5.479452e-05,0.0005479452
"116",0.512624335754495,5.479452e-05,0.0005479452
"117",0.513306993683575,5.479452e-05,0.0005479452
"118",0.513501037771209,5.479452e-05,0.0005479452
"119",0.512982883737016,5.479452e-05,0.0005479452
"120",0.513097305142385,5.479452e-05,0.0005479452
"121",0.51379243146424,5.479452e-05,0.0005479452
"122",0.512636023754892,5.479452e-05,0.0005479452
"123",0.512950256286563,5.479452e-05,0.0005479452
"124",0.513994503944918,5.479452e-05,0.0005479452
"125",0.512997844258793,5.479452e-05,0.0005479452
"126",0.513123423982834,5.479452e-05,0.0005479452
"127",0.51262229089973,5.479452e-05,0.0005479452
"128",0.512744452083706,5.479452e-05,0.0005479452
"129",0.513322059829055,5.479452e-05,0.0005479452
"130",0.513479220511153,5.479452e-05,0.0005479452
"131",0.513290998666719,5.479452e-05,0.0005479452
"132",0.512925169632155,5.479452e-05,0.0005479452
"133",0.512953957699457,5.479452e-05,0.0005479452
"134",0.513190394953931,5.479452e-05,0.0005479452
"135",0.51329315238055,5.479452e-05,0.0005479452
"136",0.513369408909337,5.479452e-05,0.0005479452
"137",0.51255116827684,5.479452e-05,0.0005479452
"138",0.513509384290901,5.479452e-05,0.0005479452
"139",0.513036332731805,5.479452e-05,0.0005479452
"140",0.513242510950551,5.479452e-05,0.0005479452
"141",0.513513464999313,5.479452e-05,0.0005479452
"142",0.514142005404748,5.479452e-05,0.0005479452
"143",0.513263299914512,5.479452e-05,0.0005479452
"144",0.513497240491921,5.479452e-05,0.0005479452
"145",0.513567726749925,5.479452e-05,0.0005479452
"146",0.513123803195894,5.479452e-05,0.0005479452
"147",0.513053691209589,5.479452e-05,0.0005479452
"148",0.513490833604867,5.479452e-05,0.0005479452
"149",0.513266348909254,5.479452e-05,0.0005479452
"150",0.512907819029076,5.479452e-05,0.0005479452
"151",0.5135644666356,5.479452e-05,0.0005479452
"152",0.513636360877885,5.479452e-05,0.0005479452
"153",0.513845704618924,5.479452e-05,0.0005479452
"154",0.512877912718045,5.479452e-05,0.0005479452
"155",0.513245842002722,5.479452e-05,0.0005479452
"156",0.513290767695671,5.479452e-05,0.0005479452
"157",0.513144207993809,5.479452e-05,0.0005479452
"158",0.513069451728607,5.479452e-05,0.0005479452
"159",0.514011036788539,5.479452e-05,0.0005479452
"160",0.513567704651568,5.479452e-05,0.0005479452
"161",0.512627976826232,5.479452e-05,0.0005479452
"162",0.514151014649603,5.479452e-05,0.0005479452
"163",0.512611756718444,5.479452e-05,0.0005479452
"164",0.513090169958458,5.479452e-05,0.0005479452
"165",0.513510193930691,5.479452e-05,0.0005479452
"166",0.512899978231894,5.479452e-05,0.0005479452
"167",0.512744443682137,5.479452e-05,0.0005479452
"168",0.513286746383597,5.479452e-05,0.0005479452
"169",0.513146613877158,5.479452e-05,0.0005479452
"170",0.514652455419007,5.479452e-05,0.0005479452
"171",0.512675689129419,5.479452e-05,0.0005479452
"172",0.513274396757303,5.479452e-05,0.0005479452
"173",0.512178464130322,5.479452e-05,0.0005479452
"174",0.512781939558445,5.479452e-05,0.0005479452
"175",0.513310365911722,5.479452e-05,0.0005479452
"176",0.513135311824869,5.479452e-05,0.0005479452
"177",0.513488425498457,5.479452e-05,0.0005479452
"178",0.514100369891457,5.479452e-05,0.0005479452
"179",0.514491035070652,5.479452e-05,0.0005479452
"180",0.512417923293255,5.479452e-05,0.0005479452
"181",0.512599210530158,5.479452e-05,0.0005479452
"182",0.513811597246692,5.479452e-05,0.0005479452
"183",0.513260114393881,5.479452e-05,0.0005479452
"184",0.513098023920372,5.479452e-05,0.0005479452
"185",0.513695476915527,5.479452e-05,0.0005479452
"186",0.513005280570872,5.479452e-05,0.0005479452
"187",0.513442391489466,5.479452e-05,0.0005479452
"188",0.513288325435056,5.479452e-05,0.0005479452
"189",0.513546335322794,5.479452e-05,0.0005479452
"190",0.5136404075598,5.479452e-05,0.0005479452
"191",0.512896769406868,5.479452e-05,0.0005479452
"192",0.514187920739633,5.479452e-05,0.0005479452
"193",0.513346697187507,5.479452e-05,0.0005479452
"194",0.513347610727162,5.479452e-05,0.0005479452
"195",0.513169326005952,5.479452e-05,0.0005479452
"196",0.513259611387843,5.479452e-05,0.0005479452
"197",0.513190249281335,5.479452e-05,0.0005479452
"198",0.512887291981128,5.479452e-05,0.0005479452
"199",0.51336656113086,5.479452e-05,0.0005479452
"200",0.512992257526893,5.479452e-05,0.0005479452
"201",0.513381096301251,5.479452e-05,0.0005479452
"202",0.51280677063518,5.479452e-05,0.0005479452
"203",0.513682744939811,5.479452e-05,0.0005479452
"204",0.514145142293874,5.479452e-05,0.0005479452
"205",0.512317413279839,5.479452e-05,0.0005479452
"206",0.513462131308838,5.479452e-05,0.0005479452
"207",0.512761777091822,5.479452e-05,0.0005479452
"208",0.512910025455205,5.479452e-05,0.0005479452
"209",0.514085172052235,5.479452e-05,0.0005479452
"210",0.51314210012045,5.479452e-05,0.0005479452
"211",0.513794547316416,5.479452e-05,0.0005479452
"212",0.513952560163046,5.479452e-05,0.0005479452
"213",0.513050771050336,5.479452e-05,0.0005479452
"214",0.513456003108566,5.479452e-05,0.0005479452
"215",0.513550777573586,5.479452e-05,0.0005479452
"216",0.514073708770359,5.479452e-05,0.0005479452
"217",0.512883333709397,5.479452e-05,0.0005479452
"218",0.51315817559229,5.479452e-05,0.0005479452
"219",0.513701014577271,5.479452e-05,0.0005479452
"220",0.513103203035712,5.479452e-05,0.0005479452
"221",0.513315603840527,5.479452e-05,0.0005479452
"222",0.513572866382411,5.479452e-05,0.0005479452
"223",0.514158781543749,5.479452e-05,0.0005479452
"224",0.513340046625949,5.479452e-05,0.0005479452
"225",0.512896123116027,5.479452e-05,0.0005479452
"226",0.513545947345342,5.479452e-05,0.0005479452
"227",0.513323452397934,5.479452e-05,0.0005479452
"228",0.513087326127867,5.479452e-05,0.0005479452
"229",0.512890234059989,5.479452e-05,0.0005479452
"230",0.512811186326832,5.479452e-05,0.0005479452
"231",0.513104432842257,5.479452e-05,0.0005479452
"232",0.512189169316302,5.479452e-05,0.0005479452
"233",0.513641030288836,5.479452e-05,0.0005479452
"234",0.513748771396426,5.479452e-05,0.0005479452
"235",0.513396539229226,5.479452e-05,0.0005479452
"236",0.513444419016476,5.479452e-05,0.0005479452
"237",0.512707651326369,5.479452e-05,0.0005479452
"238",0.513101376572567,5.479452e-05,0.0005479452
"239",0.513595963042101,5.479452e-05,0.0005479452
"240",0.513556177299272,5.479452e-05,0.0005479452
"241",0.513485595637299,5.479452e-05,0.0005479452
"242",0.512781962059077,5.479452e-05,0.0005479452
"243",0.512685256312883,5.479452e-05,0.0005479452
"244",0.513963214041027,5.479452e-05,0.0005479452
"245",0.513428655503983,5.479452e-05,0.0005479452
"246",0.513042176008712,5.479452e-05,0.0005479452
"247",0.514333961469357,5.479452e-05,0.0005479452
"248",0.513308222554796,5.479452e-05,0.0005479452
"249",0.512971546720772,5.479452e-05,0.0005479452
"250",0.512890356352078,5.479452e-05,0.0005479452
"251",0.512509985724146,5.479452e-05,0.0005479452
"252",0.513696277445481,5.479452e-05,0.0005479452
"253",0.513097439331253,5.479452e-05,0.0005479452
"254",0.513582638930964,5.479452e-05,0.0005479452
"255",0.513561869786392,5.479452e-05,0.0005479452
"256",0.51351155110245,5.479452e-05,0.0005479452
"257",0.513559120244244,5.479452e-05,0.0005479452
"258",0.513259652630352,5.479452e-05,0.0005479452
"259",0.513106655155927,5.479452e-05,0.0005479452
"260",0.513082394439376,5.479452e-05,0.0005479452
"261",0.514161090467565,5.479452e-05,0.0005479452
"262",0.513689733282413,5.479452e-05,0.0005479452
"263",0.512818727924009,5.479452e-05,0.0005479452
"264",0.51341043139713,5.479452e-05,0.0005479452
"265",0.51308444052089,5.479452e-05,0.0005479452
"266",0.512737696148097,5.479452e-05,0.0005479452
"267",0.514025118357489,5.479452e-05,0.0005479452
"268",0.51322841335629,5.479452e-05,0.0005479452
"269",0.513667865534411,5.479452e-05,0.0005479452
"270",0.512994788018199,5.479452e-05,0.0005479452
"271",0.513444761655514,5.479452e-05,0.0005479452
"272",0.513253314750036,5.479452e-05,0.0005479452
"273",0.513394070379302,5.479452e-05,0.0005479452
"274",0.513457738441775,5.479452e-05,0.0005479452
"275",0.51374506873779,5.479452e-05,0.0005479452
"276",0.512653018796652,5.479452e-05,0.0005479452
"277",0.513122995718851,5.479452e-05,0.0005479452
"278",0.512432014441012,5.479452e-05,0.0005479452
"279",0.513173235312621,5.479452e-05,0.0005479452
"280",0.513739704955513,5.479452e-05,0.0005479452
"281",0.513076011114858,5.479452e-05,0.0005479452
"282",0.512937923289152,5.479452e-05,0.0005479452
"283",0.513427427398587,5.479452e-05,0.0005479452
"284",0.513557492453248,5.479452e-05,0.0005479452
"285",0.512574278675287,5.479452e-05,0.0005479452
"286",0.513190253650326,5.479452e-05,0.0005479452
"287",0.512349511531873,5.479452e-05,0.0005479452
"288",0.513244961566497,5.479452e-05,0.0005479452
"289",0.512956258301908,5.479452e-05,0.0005479452
"290",0.513500733178169,5.479452e-05,0.0005479452
"291",0.513455883921374,5.479452e-05,0.0005479452
"292",0.514006868270209,5.479452e-05,0.0005479452
"293",0.513583883859372,5.479452e-05,0.0005479452
"294",0.512580543203871,5.479452e-05,0.0005479452
"295",0.513598222416651,5.479452e-05,0.0005479452
"296",0.513710650809794,5.479452e-05,0.0005479452
"297",0.513360458244609,5.479452e-05,0.0005479452
"298",0.513529419518481,5.479452e-05,0.0005479452
"299",0.513508342689934,5.479452e-05,0.0005479452
"300",0.51380093403318,5.479452e-05,0.0005479452
"301",0.512748154631061,5.479452e-05,0.0005479452
"302",0.513661395809744,5.479452e-05,0.0005479452
"303",0.51211920577282,5.479452e-05,0.0005479452
"304",0.513170684909181,5.479452e-05,0.0005479452
"305",0.513745246984414,5.479452e-05,0.0005479452
"306",0.512435788965901,5.479452e-05,0.0005479452
"307",0.513981715928343,5.479452e-05,0.0005479452
"308",0.512614311275732,5.479452e-05,0.0005479452
"309",0.512886577203789,5.479452e-05,0.0005479452
"310",0.512547436818392,5.479452e-05,0.0005479452
"311",0.513366755458726,5.479452e-05,0.0005479452
"312",0.514330510133163,5.479452e-05,0.0005479452
"313",0.5127771234859,5.479452e-05,0.0005479452
"314",0.51219975505529,5.479452e-05,0.0005479452
"315",0.513490456032786,5.479452e-05,0.0005479452
"316",0.513565691318639,5.479452e-05,0.0005479452
"317",0.513714190370518,5.479452e-05,0.0005479452
"318",0.51317934033185,5.479452e-05,0.0005479452
"319",0.51368185281597,5.479452e-05,0.0005479452
"320",0.513816561493686,5.479452e-05,0.0005479452
"321",0.512817853117906,5.479452e-05,0.0005479452
"322",0.513136589441476,5.479452e-05,0.0005479452
"323",0.513724885761769,5.479452e-05,0.0005479452
"324",0.513351471357862,5.479452e-05,0.0005479452
"325",0.51392556996223,5.479452e-05,0.0005479452
"326",0.512708806012375,5.479452e-05,0.0005479452
"327",0.512513017752115,5.479452e-05,0.0005479452
"328",0.513239071553154,5.479452e-05,0.0005479452
"329",0.513011985584785,5.479452e-05,0.0005479452
"330",0.513517090070049,5.479452e-05,0.0005479452
"331",0.512692665889112,5.479452e-05,0.0005479452
"332",0.513253777652388,5.479452e-05,0.0005479452
"333",0.513028977353858,5.479452e-05,0.0005479452
"334",0.513529100899528,5.479452e-05,0.0005479452
"335",0.513563635629797,5.479452e-05,0.0005479452
"336",0.514290189824912,5.479452e-05,0.0005479452
"337",0.513646115532755,5.479452e-05,0.0005479452
"338",0.513540803633682,5.479452e-05,0.0005479452
"339",0.513381750787417,5.479452e-05,0.0005479452
"340",0.51390875946395,5.479452e-05,0.0005479452
"341",0.513734654475336,5.479452e-05,0.0005479452
"342",0.513307192281239,5.479452e-05,0.0005479452
"343",0.512659998993002,5.479452e-05,0.0005479452
"344",0.513744597772912,5.479452e-05,0.0005479452
"345",0.512935721024163,5.479452e-05,0.0005479452
"346",0.512825510121628,5.479452e-05,0.0005479452
"347",0.513307835534584,5.479452e-05,0.0005479452
"348",0.513913022238728,5.479452e-05,0.0005479452
"349",0.513851405507303,5.479452e-05,0.0005479452
"350",0.513918484083797,5.479452e-05,0.0005479452
"351",0.513431166485931,5.479452e-05,0.0005479452
"352",0.513615175405245,5.479452e-05,0.0005479452
"353",0.513426870428877,5.479452e-05,0.0005479452
"354",0.513530163679259,5.479452e-05,0.0005479452
"355",0.513119761152738,5.479452e-05,0.0005479452
"356",0.514240847565063,5.479452e-05,0.0005479452
"357",0.513731514038798,5.479452e-05,0.0005479452
"358",0.513124360734235,5.479452e-05,0.0005479452
"359",0.514059180332706,5.479452e-05,0.0005479452
"360",0.513662109590503,5.479452e-05,0.0005479452
"361",0.513589369219967,5.479452e-05,0.0005479452
"362",0.512667456632761,5.479452e-05,0.0005479452
"363",0.513290811422417,5.479452e-05,0.0005479452
"364",0.514088810094386,5.479452e-05,0.0005479452
"365",0.51366573160505,5.479452e-05,0.0005479452
"366",0.513103819764342,5.479452e-05,0.0005479452
"367",0.51279035667767,5.479452e-05,0.0005479452
"368",0.512714730638498,5.479452e-05,0.0005479452
"369",0.513246549074396,5.479452e-05,0.0005479452
"370",0.513041848834335,5.479452e-05,0.0005479452
"371",0.513128391417478,5.479452e-05,0.0005479452
"372",0.513177674440506,5.479452e-05,0.0005479452
"373",0.513997665532595,5.479452e-05,0.0005479452
"374",0.512706770888831,5.479452e-05,0.0005479452
"375",0.512861571252307,5.479452e-05,0.0005479452
"376",0.513506230459064,5.479452e-05,0.0005479452
"377",0.513169492257706,5.479452e-05,0.0005479452
"378",0.513488075609792,5.479452e-05,0.0005479452
"379",0.512841125052772,5.479452e-05,0.0005479452
"380",0.513723371164175,5.479452e-05,0.0005479452
"381",0.512560336124533,5.479452e-05,0.0005479452
"382",0.513267664023838,5.479452e-05,0.0005479452
"383",0.513176518278379,5.479452e-05,0.0005479452
"384",0.512940009177653,5.479452e-05,0.0005479452
"385",0.51321582059683,5.479452e-05,0.0005479452
"386",0.513201762430314,5.479452e-05,0.0005479452
"387",0.5141814437146,5.479452e-05,0.0005479452
"388",0.513588280668354,5.479452e-05,0.0005479452
"389",0.512126179002436,5.479452e-05,0.0005479452
"390",0.513231277515813,5.479452e-05,0.0005479452
"391",0.51320056954784,5.479452e-05,0.0005479452
"392",0.513935083856368,5.479452e-05,0.0005479452
"393",0.513601119719587,5.479452e-05,0.0005479452
"394",0.513560510660935,5.479452e-05,0.0005479452
"395",0.51318098189822,5.479452e-05,0.0005479452
"396",0.512723506089584,5.479452e-05,0.0005479452
"397",0.512681441149554,5.479452e-05,0.0005479452
"398",0.513676450006581,5.479452e-05,0.0005479452
"399",0.512650906306257,5.479452e-05,0.0005479452
"400",0.513003275446576,5.479452e-05,0.0005479452
"401",0.512833978448122,5.479452e-05,0.0005479452
"402",0.513844465603295,5.479452e-05,0.0005479452
"403",0.513040597251793,5.479452e-05,0.0005479452
"404",0.513386285598996,5.479452e-05,0.0005479452
"405",0.513840896035372,5.479452e-05,0.0005479452
"406",0.512899134894965,5.479452e-05,0.0005479452
"407",0.513763493240253,5.479452e-05,0.0005479452
"408",0.512879503121361,5.479452e-05,0.0005479452
"409",0.512821792452721,5.479452e-05,0.0005479452
"410",0.513449255207145,5.479452e-05,0.0005479452
"411",0.513438289262737,5.479452e-05,0.0005479452
"412",0.51263306797338,5.479452e-05,0.0005479452
"413",0.514014967237896,5.479452e-05,0.0005479452
"414",0.51344278747321,5.479452e-05,0.0005479452
"415",0.513237660424822,5.479452e-05,0.0005479452
"416",0.513428231043926,5.479452e-05,0.0005479452
"417",0.513324428759196,5.479452e-05,0.0005479452
"418",0.513310836561033,5.479452e-05,0.0005479452
"419",0.513201543919499,5.479452e-05,0.0005479452
"420",0.513362944068746,5.479452e-05,0.0005479452
"421",0.513580093455287,5.479452e-05,0.0005479452
"422",0.514034615379074,5.479452e-05,0.0005479452
"423",0.512712225581742,5.479452e-05,0.0005479452
"424",0.514078553742537,5.479452e-05,0.0005479452
"425",0.513479460026289,5.479452e-05,0.0005479452
"426",0.513376660964476,5.479452e-05,0.0005479452
"427",0.513655543854631,5.479452e-05,0.0005479452
"428",0.512850373985257,5.479452e-05,0.0005479452
"429",0.514209258762469,5.479452e-05,0.0005479452
"430",0.513709376309429,5.479452e-05,0.0005479452
"431",0.514224704488057,5.479452e-05,0.0005479452
"432",0.513769901753533,5.479452e-05,0.0005479452
"433",0.51234909236049,5.479452e-05,0.0005479452
"434",0.513561447032744,5.479452e-05,0.0005479452
"435",0.513644760881131,5.479452e-05,0.0005479452
"436",0.512922624706205,5.479452e-05,0.0005479452
"437",0.513149692510641,5.479452e-05,0.0005479452
"438",0.513395850199222,5.479452e-05,0.0005479452
"439",0.513559086768093,5.479452e-05,0.0005479452
"440",0.513595169268368,5.479452e-05,0.0005479452
"441",0.513616012187171,5.479452e-05,0.0005479452
"442",0.513805236342611,5.479452e-05,0.0005479452
"443",0.51345916427822,5.479452e-05,0.0005479452
"444",0.512543106922366,5.479452e-05,0.0005479452
"445",0.514072786541618,5.479452e-05,0.0005479452
"446",0.513781826426585,5.479452e-05,0.0005479452
"447",0.513542697255902,5.479452e-05,0.0005479452
"448",0.513859718467185,5.479452e-05,0.0005479452
"449",0.51375098005244,5.479452e-05,0.0005479452
"450",0.512907862398947,5.479452e-05,0.0005479452
"451",0.514167827177434,5.479452e-05,0.0005479452
"452",0.513091237546379,5.479452e-05,0.0005479452
"453",0.513331773549694,5.479452e-05,0.0005479452
"454",0.513402998249075,5.479452e-05,0.0005479452
"455",0.51366574371706,5.479452e-05,0.0005479452
"456",0.513003456008741,5.479452e-05,0.0005479452
"457",0.512996027459453,5.479452e-05,0.0005479452
"458",0.514563395183969,5.479452e-05,0.0005479452
"459",0.513029000439695,5.479452e-05,0.0005479452
"460",0.513307995818254,5.479452e-05,0.0005479452
"461",0.513304099255675,5.479452e-05,0.0005479452
"462",0.513806320406625,5.479452e-05,0.0005479452
"463",0.513074800990934,5.479452e-05,0.0005479452
"464",0.513894724690397,5.479452e-05,0.0005479452
"465",0.512670122869646,5.479452e-05,0.0005479452
"466",0.513285645900127,5.479452e-05,0.0005479452
"467",0.513379085145956,5.479452e-05,0.0005479452
"468",0.513718704866217,5.479452e-05,0.0005479452
"469",0.513268850651308,5.479452e-05,0.0005479452
"470",0.514147433840727,5.479452e-05,0.0005479452
"471",0.513328500632051,5.479452e-05,0.0005479452
"472",0.513878642075677,5.479452e-05,0.0005479452
"473",0.513446171731612,5.479452e-05,0.0005479452
"474",0.5136031538024,5.479452e-05,0.0005479452
"475",0.513761855530016,5.479452e-05,0.0005479452
"476",0.513172477849585,5.479452e-05,0.0005479452
"477",0.51266183704615,5.479452e-05,0.0005479452
"478",0.513560307449774,5.479452e-05,0.0005479452
"479",0.513227772857907,5.479452e-05,0.0005479452
"480",0.513122373282583,5.479452e-05,0.0005479452
"481",0.514106020396298,5.479452e-05,0.0005479452
"482",0.512971014460261,5.479452e-05,0.0005479452
"483",0.514223158202183,5.479452e-05,0.0005479452
"484",0.513096898084402,5.479452e-05,0.0005479452
"485",0.513578037249541,5.479452e-05,0.0005479452
"486",0.51324262985294,5.479452e-05,0.0005479452
"487",0.513953241874561,5.479452e-05,0.0005479452
"488",0.513662167339584,5.479452e-05,0.0005479452
"489",0.512856812743474,5.479452e-05,0.0005479452
"490",0.512229089071876,5.479452e-05,0.0005479452
"491",0.513624140912105,5.479452e-05,0.0005479452
"492",0.513357002655617,5.479452e-05,0.0005479452
"493",0.512716021084623,5.479452e-05,0.0005479452
"494",0.513907216440812,5.479452e-05,0.0005479452
"495",0.5132057590647,5.479452e-05,0.0005479452
"496",0.512769117102854,5.479452e-05,0.0005479452
"497",0.513158108303738,5.479452e-05,0.0005479452
"498",0.513232973029569,5.479452e-05,0.0005479452
"499",0.513457966396464,5.479452e-05,0.0005479452
"500",0.513852772592709,5.479452e-05,0.0005479452
"501",0.514126136475042,5.479452e-05,0.0005479452
"502",0.673391019985043,0.001052054794,0.01052054794
"503",0.670918686546845,0.001052054794,0.01052054794
"504",0.675946540330729,0.001052054794,0.01052054794
"505",0.67209998575823,0.001052054794,0.01052054794
"506",0.670876536545899,0.001052054794,0.01052054794
"507",0.672754873875927,0.001052054794,0.01052054794
"508",0.670816721304718,0.001052054794,0.01052054794
"509",0.672015574947321,0.001052054794,0.01052054794
"510",0.673451653306955,0.001052054794,0.01052054794
"511",0.672202114830075,0.001052054794,0.01052054794
"512",0.672842684012271,0.001052054794,0.01052054794
"513",0.669009963179663,0.001052054794,0.01052054794
"514",0.672959517482226,0.001052054794,0.01052054794
"515",0.66858632269587,0.001052054794,0.01052054794
"516",0.669623193036672,0.001052054794,0.01052054794
"517",0.670592055971867,0.001052054794,0.01052054794
"518",0.671305857987014,0.001052054794,0.01052054794
"519",0.671211733688175,0.001052054794,0.01052054794
"520",0.670762298985748,0.001052054794,0.01052054794
"521",0.67320566116996,0.001052054794,0.01052054794
"522",0.671199743820679,0.001052054794,0.01052054794
"523",0.67259997732969,0.001052054794,0.01052054794
"524",0.672848209340991,0.001052054794,0.01052054794
"525",0.673309216522312,0.001052054794,0.01052054794
"526",0.672904119266046,0.001052054794,0.01052054794
"527",0.67049385501765,0.001052054794,0.01052054794
"528",0.670455155112313,0.001052054794,0.01052054794
"529",0.668824014077264,0.001052054794,0.01052054794
"530",0.67114812282974,0.001052054794,0.01052054794
"531",0.671250754139444,0.001052054794,0.01052054794
"532",0.671830897086794,0.001052054794,0.01052054794
"533",0.67272011421057,0.001052054794,0.01052054794
"534",0.67255968723524,0.001052054794,0.01052054794
"535",0.673774664958868,0.001052054794,0.01052054794
"536",0.672698402026784,0.001052054794,0.01052054794
"537",0.670151609143957,0.001052054794,0.01052054794
"538",0.671576666823371,0.001052054794,0.01052054794
"539",0.671890781902407,0.001052054794,0.01052054794
"540",0.67247108883267,0.001052054794,0.01052054794
"541",0.673541934042904,0.001052054794,0.01052054794
"542",0.673081603045195,0.001052054794,0.01052054794
"543",0.672188586246458,0.001052054794,0.01052054794
"544",0.670107641785002,0.001052054794,0.01052054794
"545",0.672403548820067,0.001052054794,0.01052054794
"546",0.672810511214566,0.001052054794,0.01052054794
"547",0.675911115665803,0.001052054794,0.01052054794
"548",0.672874760077699,0.001052054794,0.01052054794
"549",0.671969002367991,0.001052054794,0.01052054794
"550",0.671109500406571,0.001052054794,0.01052054794
"551",0.671351393122403,0.001052054794,0.01052054794
"552",0.674065664862043,0.001052054794,0.01052054794
"553",0.673222944990733,0.001052054794,0.01052054794
"554",0.672146602250677,0.001052054794,0.01052054794
"555",0.672993903161972,0.001052054794,0.01052054794
"556",0.670344264774112,0.001052054794,0.01052054794
"557",0.669334687053648,0.001052054794,0.01052054794
"558",0.672737419771945,0.001052054794,0.01052054794
"559",0.674120815857045,0.001052054794,0.01052054794
"560",0.672080890479267,0.001052054794,0.01052054794
"561",0.670574592683922,0.001052054794,0.01052054794
"562",0.67267704144793,0.001052054794,0.01052054794
"563",0.673850048367346,0.001052054794,0.01052054794
"564",0.671327909827609,0.001052054794,0.01052054794
"565",0.671578816600032,0.001052054794,0.01052054794
"566",0.671483999370252,0.001052054794,0.01052054794
"567",0.673963805911697,0.001052054794,0.01052054794
"568",0.674179340675214,0.001052054794,0.01052054794
"569",0.671878706780377,0.001052054794,0.01052054794
"570",0.673261864730952,0.001052054794,0.01052054794
"571",0.672955570759395,0.001052054794,0.01052054794
"572",0.671225825634293,0.001052054794,0.01052054794
"573",0.671539828151668,0.001052054794,0.01052054794
"574",0.672671085053523,0.001052054794,0.01052054794
"575",0.671192890600104,0.001052054794,0.01052054794
"576",0.669665439936464,0.001052054794,0.01052054794
"577",0.672963226645014,0.001052054794,0.01052054794
"578",0.67311595683544,0.001052054794,0.01052054794
"579",0.668472928963754,0.001052054794,0.01052054794
"580",0.672353826403446,0.001052054794,0.01052054794
"581",0.671356068606062,0.001052054794,0.01052054794
"582",0.672783113446068,0.001052054794,0.01052054794
"583",0.671634812946308,0.001052054794,0.01052054794
"584",0.672062663670072,0.001052054794,0.01052054794
"585",0.671450128076013,0.001052054794,0.01052054794
"586",0.670685198956403,0.001052054794,0.01052054794
"587",0.671917765784936,0.001052054794,0.01052054794
"588",0.670712764599566,0.001052054794,0.01052054794
"589",0.675225279763546,0.001052054794,0.01052054794
"590",0.675442784583359,0.001052054794,0.01052054794
"591",0.671247159538889,0.001052054794,0.01052054794
"592",0.670156405149241,0.001052054794,0.01052054794
"593",0.672480289134536,0.001052054794,0.01052054794
"594",0.67234998984548,0.001052054794,0.01052054794
"595",0.672567807738863,0.001052054794,0.01052054794
"596",0.669677015073176,0.001052054794,0.01052054794
"597",0.669954963444634,0.001052054794,0.01052054794
"598",0.674042443887122,0.001052054794,0.01052054794
"599",0.671336046300413,0.001052054794,0.01052054794
"600",0.67198509634329,0.001052054794,0.01052054794
"601",0.674932577798098,0.001052054794,0.01052054794
"602",0.671464489604936,0.001052054794,0.01052054794
"603",0.672781449698157,0.001052054794,0.01052054794
"604",0.672587130921539,0.001052054794,0.01052054794
"605",0.671095004383503,0.001052054794,0.01052054794
"606",0.670576348603769,0.001052054794,0.01052054794
"607",0.671791582973593,0.001052054794,0.01052054794
"608",0.671585327582195,0.001052054794,0.01052054794
"609",0.673505823895208,0.001052054794,0.01052054794
"610",0.672440123993612,0.001052054794,0.01052054794
"611",0.673549076236487,0.001052054794,0.01052054794
"612",0.671476916144012,0.001052054794,0.01052054794
"613",0.673172284611275,0.001052054794,0.01052054794
"614",0.668529132061957,0.001052054794,0.01052054794
"615",0.672639600797351,0.001052054794,0.01052054794
"616",0.673122078822718,0.001052054794,0.01052054794
"617",0.67024952590841,0.001052054794,0.01052054794
"618",0.670262583270954,0.001052054794,0.01052054794
"619",0.671146507606734,0.001052054794,0.01052054794
"620",0.671367149807643,0.001052054794,0.01052054794
"621",0.671252482390688,0.001052054794,0.01052054794
"622",0.672185809081271,0.001052054794,0.01052054794
"623",0.674284830390377,0.001052054794,0.01052054794
"624",0.671564115403082,0.001052054794,0.01052054794
"625",0.673558799854884,0.001052054794,0.01052054794
"626",0.670836314326871,0.001052054794,0.01052054794
"627",0.672827257813444,0.001052054794,0.01052054794
"628",0.67156397027599,0.001052054794,0.01052054794
"629",0.6724209482199,0.001052054794,0.01052054794
"630",0.675282619622629,0.001052054794,0.01052054794
"631",0.671787823132751,0.001052054794,0.01052054794
"632",0.67157764721292,0.001052054794,0.01052054794
"633",0.674898906878824,0.001052054794,0.01052054794
"634",0.671639585845544,0.001052054794,0.01052054794
"635",0.672912882529939,0.001052054794,0.01052054794
"636",0.671888312543534,0.001052054794,0.01052054794
"637",0.671337333357728,0.001052054794,0.01052054794
"638",0.66969374865912,0.001052054794,0.01052054794
"639",0.674324638752233,0.001052054794,0.01052054794
"640",0.67077904937747,0.001052054794,0.01052054794
"641",0.671456239362697,0.001052054794,0.01052054794
"642",0.6712526661754,0.001052054794,0.01052054794
"643",0.671166183037301,0.001052054794,0.01052054794
"644",0.672933243732248,0.001052054794,0.01052054794
"645",0.673721245534118,0.001052054794,0.01052054794
"646",0.673790889375002,0.001052054794,0.01052054794
"647",0.67025862789469,0.001052054794,0.01052054794
"648",0.671611633722331,0.001052054794,0.01052054794
"649",0.670823963294486,0.001052054794,0.01052054794
"650",0.673722303280869,0.001052054794,0.01052054794
"651",0.671085010909889,0.001052054794,0.01052054794
"652",0.671993993000545,0.001052054794,0.01052054794
"653",0.67176526039328,0.001052054794,0.01052054794
"654",0.671621104950898,0.001052054794,0.01052054794
"655",0.672963609068348,0.001052054794,0.01052054794
"656",0.671907219217131,0.001052054794,0.01052054794
"657",0.673474970223636,0.001052054794,0.01052054794
"658",0.670971586944375,0.001052054794,0.01052054794
"659",0.670731897255945,0.001052054794,0.01052054794
"660",0.673789974335675,0.001052054794,0.01052054794
"661",0.672056295925199,0.001052054794,0.01052054794
"662",0.671909632876867,0.001052054794,0.01052054794
"663",0.674316002482886,0.001052054794,0.01052054794
"664",0.672050541032599,0.001052054794,0.01052054794
"665",0.671358125076341,0.001052054794,0.01052054794
"666",0.671047239796977,0.001052054794,0.01052054794
"667",0.673946652178257,0.001052054794,0.01052054794
"668",0.671755673960111,0.001052054794,0.01052054794
"669",0.673130447186287,0.001052054794,0.01052054794
"670",0.670159995360264,0.001052054794,0.01052054794
"671",0.669252832364856,0.001052054794,0.01052054794
"672",0.669408773267011,0.001052054794,0.01052054794
"673",0.671273874084892,0.001052054794,0.01052054794
"674",0.671708316807396,0.001052054794,0.01052054794
"675",0.671839362309136,0.001052054794,0.01052054794
"676",0.669676346139546,0.001052054794,0.01052054794
"677",0.669595026271325,0.001052054794,0.01052054794
"678",0.674087926620019,0.001052054794,0.01052054794
"679",0.672391995037632,0.001052054794,0.01052054794
"680",0.672434966519306,0.001052054794,0.01052054794
"681",0.672283855702322,0.001052054794,0.01052054794
"682",0.671342343893557,0.001052054794,0.01052054794
"683",0.672854366228842,0.001052054794,0.01052054794
"684",0.670977881661255,0.001052054794,0.01052054794
"685",0.67215953138917,0.001052054794,0.01052054794
"686",0.671035186260926,0.001052054794,0.01052054794
"687",0.67311565719659,0.001052054794,0.01052054794
"688",0.672515091842042,0.001052054794,0.01052054794
"689",0.673674799529032,0.001052054794,0.01052054794
"690",0.671842475075212,0.001052054794,0.01052054794
"691",0.671056547999601,0.001052054794,0.01052054794
"692",0.672504397132843,0.001052054794,0.01052054794
"693",0.670768774263391,0.001052054794,0.01052054794
"694",0.672402133191763,0.001052054794,0.01052054794
"695",0.671712900237952,0.001052054794,0.01052054794
"696",0.671056572517374,0.001052054794,0.01052054794
"697",0.669654288016437,0.001052054794,0.01052054794
"698",0.674633224958811,0.001052054794,0.01052054794
"699",0.672471956772272,0.001052054794,0.01052054794
"700",0.671744991685523,0.001052054794,0.01052054794
"701",0.67351012042897,0.001052054794,0.01052054794
"702",0.672381709484545,0.001052054794,0.01052054794
"703",0.673623117136012,0.001052054794,0.01052054794
"704",0.671965646001809,0.001052054794,0.01052054794
"705",0.669368727408288,0.001052054794,0.01052054794
"706",0.671807418052431,0.001052054794,0.01052054794
"707",0.672337510301413,0.001052054794,0.01052054794
"708",0.671055177716541,0.001052054794,0.01052054794
"709",0.671344557134372,0.001052054794,0.01052054794
"710",0.672135750635437,0.001052054794,0.01052054794
"711",0.670724415188344,0.001052054794,0.01052054794
"712",0.671635952129233,0.001052054794,0.01052054794
"713",0.671098779080355,0.001052054794,0.01052054794
"714",0.670892816476776,0.001052054794,0.01052054794
"715",0.672317962461354,0.001052054794,0.01052054794
"716",0.674864414312162,0.001052054794,0.01052054794
"717",0.67266713279246,0.001052054794,0.01052054794
"718",0.670297190993758,0.001052054794,0.01052054794
"719",0.672825079614669,0.001052054794,0.01052054794
"720",0.672148365706056,0.001052054794,0.01052054794
"721",0.671405689607708,0.001052054794,0.01052054794
"722",0.671468728401754,0.001052054794,0.01052054794
"723",0.672037205640201,0.001052054794,0.01052054794
"724",0.670499353211382,0.001052054794,0.01052054794
"725",0.672785963015014,0.001052054794,0.01052054794
"726",0.671885623116056,0.001052054794,0.01052054794
"727",0.671691057932753,0.001052054794,0.01052054794
"728",0.671786863266023,0.001052054794,0.01052054794
"729",0.671892780369879,0.001052054794,0.01052054794
"730",0.673006977587395,0.001052054794,0.01052054794
"731",0.670855728064419,0.001052054794,0.01052054794
"732",0.672536179797478,0.001052054794,0.01052054794
"733",0.674215398606167,0.001052054794,0.01052054794
"734",0.67079237161501,0.001052054794,0.01052054794
"735",0.669253038306721,0.001052054794,0.01052054794
"736",0.671652645595417,0.001052054794,0.01052054794
"737",0.670800365276988,0.001052054794,0.01052054794
"738",0.672199279607424,0.001052054794,0.01052054794
"739",0.671765523048439,0.001052054794,0.01052054794
"740",0.673444483479267,0.001052054794,0.01052054794
"741",0.672528698612621,0.001052054794,0.01052054794
"742",0.672837431637247,0.001052054794,0.01052054794
"743",0.671369553871357,0.001052054794,0.01052054794
"744",0.671421729215612,0.001052054794,0.01052054794
"745",0.669937627475125,0.001052054794,0.01052054794
"746",0.671597283232649,0.001052054794,0.01052054794
"747",0.671810396116108,0.001052054794,0.01052054794
"748",0.671822876707852,0.001052054794,0.01052054794
"749",0.670784745241051,0.001052054794,0.01052054794
"750",0.673304365516107,0.001052054794,0.01052054794
"751",0.672545297644562,0.001052054794,0.01052054794
"752",0.670659456266314,0.001052054794,0.01052054794
"753",0.670499605383407,0.001052054794,0.01052054794
"754",0.670668703833459,0.001052054794,0.01052054794
"755",0.673628910224397,0.001052054794,0.01052054794
"756",0.672316033832196,0.001052054794,0.01052054794
"757",0.671070668830501,0.001052054794,0.01052054794
"758",0.670898664935382,0.001052054794,0.01052054794
"759",0.671122737457638,0.001052054794,0.01052054794
"760",0.673580806234901,0.001052054794,0.01052054794
"761",0.672775084367671,0.001052054794,0.01052054794
"762",0.672021710155311,0.001052054794,0.01052054794
"763",0.673230569594917,0.001052054794,0.01052054794
"764",0.671460365405863,0.001052054794,0.01052054794
"765",0.672082770043817,0.001052054794,0.01052054794
"766",0.670266866642501,0.001052054794,0.01052054794
"767",0.671235284635654,0.001052054794,0.01052054794
"768",0.673607363199198,0.001052054794,0.01052054794
"769",0.671343932463462,0.001052054794,0.01052054794
"770",0.669721661543458,0.001052054794,0.01052054794
"771",0.672760685806606,0.001052054794,0.01052054794
"772",0.672258234824664,0.001052054794,0.01052054794
"773",0.671404324805726,0.001052054794,0.01052054794
"774",0.671351622663288,0.001052054794,0.01052054794
"775",0.67018492482156,0.001052054794,0.01052054794
"776",0.673015092869303,0.001052054794,0.01052054794
"777",0.670414904027714,0.001052054794,0.01052054794
"778",0.673697049685646,0.001052054794,0.01052054794
"779",0.670649747359252,0.001052054794,0.01052054794
"780",0.673028355665541,0.001052054794,0.01052054794
"781",0.671007228431588,0.001052054794,0.01052054794
"782",0.670645418952884,0.001052054794,0.01052054794
"783",0.669181320423328,0.001052054794,0.01052054794
"784",0.67499313034475,0.001052054794,0.01052054794
"785",0.671254897974253,0.001052054794,0.01052054794
"786",0.669800408380839,0.001052054794,0.01052054794
"787",0.67192932606648,0.001052054794,0.01052054794
"788",0.673875677259369,0.001052054794,0.01052054794
"789",0.671064374400088,0.001052054794,0.01052054794
"790",0.670904000003154,0.001052054794,0.01052054794
"791",0.673885458804068,0.001052054794,0.01052054794
"792",0.674560684708441,0.001052054794,0.01052054794
"793",0.671899493024062,0.001052054794,0.01052054794
"794",0.673238168299342,0.001052054794,0.01052054794
"795",0.672629282048163,0.001052054794,0.01052054794
"796",0.673233622285176,0.001052054794,0.01052054794
"797",0.672261462556815,0.001052054794,0.01052054794
"798",0.67103117108072,0.001052054794,0.01052054794
"799",0.671731325158399,0.001052054794,0.01052054794
"800",0.671342053293637,0.001052054794,0.01052054794
"801",0.675619182733003,0.001052054794,0.01052054794
"802",0.671735490465625,0.001052054794,0.01052054794
"803",0.670718596446949,0.001052054794,0.01052054794
"804",0.671078257800405,0.001052054794,0.01052054794
"805",0.669300663207837,0.001052054794,0.01052054794
"806",0.673033800245722,0.001052054794,0.01052054794
"807",0.669777196471375,0.001052054794,0.01052054794
"808",0.671783840645376,0.001052054794,0.01052054794
"809",0.669024165877744,0.001052054794,0.01052054794
"810",0.671709247072388,0.001052054794,0.01052054794
"811",0.670645953676785,0.001052054794,0.01052054794
"812",0.671465918486883,0.001052054794,0.01052054794
"813",0.671728061477091,0.001052054794,0.01052054794
"814",0.673697934500759,0.001052054794,0.01052054794
"815",0.672156918136111,0.001052054794,0.01052054794
"816",0.672561556720781,0.001052054794,0.01052054794
"817",0.6714008472056,0.001052054794,0.01052054794
"818",0.672197235420964,0.001052054794,0.01052054794
"819",0.672271404711778,0.001052054794,0.01052054794
"820",0.670185477272036,0.001052054794,0.01052054794
"821",0.674948143167156,0.001052054794,0.01052054794
"822",0.672280188516074,0.001052054794,0.01052054794
"823",0.671741501954363,0.001052054794,0.01052054794
"824",0.671004243616358,0.001052054794,0.01052054794
"825",0.672662086124915,0.001052054794,0.01052054794
"826",0.671662699924916,0.001052054794,0.01052054794
"827",0.67179574941979,0.001052054794,0.01052054794
"828",0.674214490253234,0.001052054794,0.01052054794
"829",0.672059762998867,0.001052054794,0.01052054794
"830",0.673451644117305,0.001052054794,0.01052054794
"831",0.674011808395816,0.001052054794,0.01052054794
"832",0.672436161580979,0.001052054794,0.01052054794
"833",0.670029950570808,0.001052054794,0.01052054794
"834",0.671691481575183,0.001052054794,0.01052054794
"835",0.673405488966279,0.001052054794,0.01052054794
"836",0.672287777126971,0.001052054794,0.01052054794
"837",0.671604986820774,0.001052054794,0.01052054794
"838",0.67298342158583,0.001052054794,0.01052054794
"839",0.673180280161871,0.001052054794,0.01052054794
"840",0.672197973252992,0.001052054794,0.01052054794
"841",0.670777112182012,0.001052054794,0.01052054794
"842",0.671040350770912,0.001052054794,0.01052054794
"843",0.674559082677517,0.001052054794,0.01052054794
"844",0.670669003706782,0.001052054794,0.01052054794
"845",0.671429926884745,0.001052054794,0.01052054794
"846",0.672564283392112,0.001052054794,0.01052054794
"847",0.67244764572439,0.001052054794,0.01052054794
"848",0.673516206222994,0.001052054794,0.01052054794
"849",0.67177050472926,0.001052054794,0.01052054794
"850",0.671171118141895,0.001052054794,0.01052054794
"851",0.670623567477115,0.001052054794,0.01052054794
"852",0.67046369356177,0.001052054794,0.01052054794
"853",0.674081371932306,0.001052054794,0.01052054794
"854",0.67095418739542,0.001052054794,0.01052054794
"855",0.672447072335715,0.001052054794,0.01052054794
"856",0.671921389877227,0.001052054794,0.01052054794
"857",0.670304650393997,0.001052054794,0.01052054794
"858",0.671937559001958,0.001052054794,0.01052054794
"859",0.67134432270272,0.001052054794,0.01052054794
"860",0.673852012705372,0.001052054794,0.01052054794
"861",0.673027653678395,0.001052054794,0.01052054794
"862",0.674473714763291,0.001052054794,0.01052054794
"863",0.669925588315889,0.001052054794,0.01052054794
"864",0.671033579245966,0.001052054794,0.01052054794
"865",0.675271802616505,0.001052054794,0.01052054794
"866",0.670047391316433,0.001052054794,0.01052054794
"867",0.671135289981413,0.001052054794,0.01052054794
"868",0.673868323367273,0.001052054794,0.01052054794
"869",0.670008116166248,0.001052054794,0.01052054794
"870",0.672535503366541,0.001052054794,0.01052054794
"871",0.671316358136731,0.001052054794,0.01052054794
"872",0.67326354619068,0.001052054794,0.01052054794
"873",0.670932434578826,0.001052054794,0.01052054794
"874",0.670559317378614,0.001052054794,0.01052054794
"875",0.670374193254681,0.001052054794,0.01052054794
"876",0.672096700394691,0.001052054794,0.01052054794
"877",0.672113017597906,0.001052054794,0.01052054794
"878",0.671324961907189,0.001052054794,0.01052054794
"879",0.671004774694849,0.001052054794,0.01052054794
"880",0.672254828118072,0.001052054794,0.01052054794
"881",0.672536206214715,0.001052054794,0.01052054794
"882",0.673506594471052,0.001052054794,0.01052054794
"883",0.671664112181052,0.001052054794,0.01052054794
"884",0.670048855451707,0.001052054794,0.01052054794
"885",0.670629986685183,0.001052054794,0.01052054794
"886",0.67173427089109,0.001052054794,0.01052054794
"887",0.669846817039617,0.001052054794,0.01052054794
"888",0.673037903800241,0.001052054794,0.01052054794
"889",0.673052172724429,0.001052054794,0.01052054794
"890",0.672785620651871,0.001052054794,0.01052054794
"891",0.671392984247289,0.001052054794,0.01052054794
"892",0.672027318842847,0.001052054794,0.01052054794
"893",0.670991993385659,0.001052054794,0.01052054794
"894",0.673959472631472,0.001052054794,0.01052054794
"895",0.672325173043168,0.001052054794,0.01052054794
"896",0.671663769008122,0.001052054794,0.01052054794
"897",0.673002134664623,0.001052054794,0.01052054794
"898",0.671219688299411,0.001052054794,0.01052054794
"899",0.670940074239749,0.001052054794,0.01052054794
"900",0.670724523542927,0.001052054794,0.01052054794
"901",0.67056171391573,0.001052054794,0.01052054794
"902",0.669003090144923,0.001052054794,0.01052054794
"903",0.673148995189884,0.001052054794,0.01052054794
"904",0.671122452553909,0.001052054794,0.01052054794
"905",0.671348119860276,0.001052054794,0.01052054794
"906",0.670357322486812,0.001052054794,0.01052054794
"907",0.669916078405527,0.001052054794,0.01052054794
"908",0.671409118270628,0.001052054794,0.01052054794
"909",0.66929542967084,0.001052054794,0.01052054794
"910",0.67120827161599,0.001052054794,0.01052054794
"911",0.671734936711965,0.001052054794,0.01052054794
"912",0.670787045660864,0.001052054794,0.01052054794
"913",0.673824104133729,0.001052054794,0.01052054794
"914",0.66810375671664,0.001052054794,0.01052054794
"915",0.669270407920302,0.001052054794,0.01052054794
"916",0.670557926458233,0.001052054794,0.01052054794
"917",0.675223818444467,0.001052054794,0.01052054794
"918",0.670449977478824,0.001052054794,0.01052054794
"919",0.674745672056538,0.001052054794,0.01052054794
"920",0.673127152401084,0.001052054794,0.01052054794
"921",0.671933270531466,0.001052054794,0.01052054794
"922",0.670361948434178,0.001052054794,0.01052054794
"923",0.67156818031409,0.001052054794,0.01052054794
"924",0.671780955264464,0.001052054794,0.01052054794
"925",0.674537422431293,0.001052054794,0.01052054794
"926",0.671461084000325,0.001052054794,0.01052054794
"927",0.670869725273653,0.001052054794,0.01052054794
"928",0.669156007634898,0.001052054794,0.01052054794
"929",0.671831637415499,0.001052054794,0.01052054794
"930",0.669991713704969,0.001052054794,0.01052054794
"931",0.670683305441012,0.001052054794,0.01052054794
"932",0.671357395945903,0.001052054794,0.01052054794
"933",0.674828129306208,0.001052054794,0.01052054794
"934",0.671710569044009,0.001052054794,0.01052054794
"935",0.67155817381978,0.001052054794,0.01052054794
"936",0.672111406312609,0.001052054794,0.01052054794
"937",0.672440442550642,0.001052054794,0.01052054794
"938",0.67093366862712,0.001052054794,0.01052054794
"939",0.669461315716333,0.001052054794,0.01052054794
"940",0.669527741771095,0.001052054794,0.01052054794
"941",0.671937375586413,0.001052054794,0.01052054794
"942",0.673591762693717,0.001052054794,0.01052054794
"943",0.675050931201552,0.001052054794,0.01052054794
"944",0.673767552779531,0.001052054794,0.01052054794
"945",0.672042099819013,0.001052054794,0.01052054794
"946",0.671015642810535,0.001052054794,0.01052054794
"947",0.674215352327427,0.001052054794,0.01052054794
"948",0.67203080751696,0.001052054794,0.01052054794
"949",0.672825114507799,0.001052054794,0.01052054794
"950",0.667773549848153,0.001052054794,0.01052054794
"951",0.670746987840403,0.001052054794,0.01052054794
"952",0.672514400955184,0.001052054794,0.01052054794
"953",0.67230282604636,0.001052054794,0.01052054794
"954",0.674960824800911,0.001052054794,0.01052054794
"955",0.672661878986513,0.001052054794,0.01052054794
"956",0.671266469230163,0.001052054794,0.01052054794
"957",0.671696446887105,0.001052054794,0.01052054794
"958",0.671569457744784,0.001052054794,0.01052054794
"959",0.673771645985842,0.001052054794,0.01052054794
"960",0.673604268640181,0.001052054794,0.01052054794
"961",0.672469122676047,0.001052054794,0.01052054794
"962",0.67303842848933,0.001052054794,0.01052054794
"963",0.671731859992914,0.001052054794,0.01052054794
"964",0.672491970285276,0.001052054794,0.01052054794
"965",0.67292162807963,0.001052054794,0.01052054794
"966",0.67360616922912,0.001052054794,0.01052054794
"967",0.673064883100183,0.001052054794,0.01052054794
"968",0.670768751942344,0.001052054794,0.01052054794
"969",0.670529416629587,0.001052054794,0.01052054794
"970",0.670236102439111,0.001052054794,0.01052054794
"971",0.672552814852057,0.001052054794,0.01052054794
"972",0.673128315211175,0.001052054794,0.01052054794
"973",0.672385366898754,0.001052054794,0.01052054794
"974",0.671512931090532,0.001052054794,0.01052054794
"975",0.672138052368513,0.001052054794,0.01052054794
"976",0.672459749956096,0.001052054794,0.01052054794
"977",0.671642516279402,0.001052054794,0.01052054794
"978",0.674397557215239,0.001052054794,0.01052054794
"979",0.672682186043109,0.001052054794,0.01052054794
"980",0.671893440417423,0.001052054794,0.01052054794
"981",0.671426000371139,0.001052054794,0.01052054794
"982",0.672089893653512,0.001052054794,0.01052054794
"983",0.673394152792109,0.001052054794,0.01052054794
"984",0.673400452457615,0.001052054794,0.01052054794
"985",0.671908283223747,0.001052054794,0.01052054794
"986",0.671670965711002,0.001052054794,0.01052054794
"987",0.671525263481305,0.001052054794,0.01052054794
"988",0.670326450461614,0.001052054794,0.01052054794
"989",0.671298150160814,0.001052054794,0.01052054794
"990",0.672783560837552,0.001052054794,0.01052054794
"991",0.670608925327338,0.001052054794,0.01052054794
"992",0.672685775185058,0.001052054794,0.01052054794
"993",0.674357350145643,0.001052054794,0.01052054794
"994",0.66989947886226,0.001052054794,0.01052054794
"995",0.672087892574029,0.001052054794,0.01052054794
"996",0.673055839548491,0.001052054794,0.01052054794
"997",0.671930886271116,0.001052054794,0.01052054794
"998",0.670817471874777,0.001052054794,0.01052054794
"999",0.672236151392784,0.001052054794,0.01052054794
"1000",0.67153766094529,0.001052054794,0.01052054794
"1001",0.671443760171981,0.001052054794,0.01052054794
"1002",0.753041476414433,0.002049315068,0.02049315068
"1003",0.752872523959271,0.002049315068,0.02049315068
"1004",0.753461672626521,0.002049315068,0.02049315068
"1005",0.754170073983032,0.002049315068,0.02049315068
"1006",0.7531461820377,0.002049315068,0.02049315068
"1007",0.751647915273861,0.002049315068,0.02049315068
"1008",0.749828271642148,0.002049315068,0.02049315068
"1009",0.750480814141864,0.002049315068,0.02049315068
"1010",0.753530071809315,0.002049315068,0.02049315068
"1011",0.751040433619276,0.002049315068,0.02049315068
"1012",0.753677747389119,0.002049315068,0.02049315068
"1013",0.754039176323842,0.002049315068,0.02049315068
"1014",0.752825171356911,0.002049315068,0.02049315068
"1015",0.752797363403155,0.002049315068,0.02049315068
"1016",0.754199989499612,0.002049315068,0.02049315068
"1017",0.751097820862429,0.002049315068,0.02049315068
"1018",0.75168443055488,0.002049315068,0.02049315068
"1019",0.752227329424981,0.002049315068,0.02049315068
"1020",0.752762253332698,0.002049315068,0.02049315068
"1021",0.752915229339631,0.002049315068,0.02049315068
"1022",0.75383169549768,0.002049315068,0.02049315068
"1023",0.755747577599776,0.002049315068,0.02049315068
"1024",0.75207715685531,0.002049315068,0.02049315068
"1025",0.754444897090249,0.002049315068,0.02049315068
"1026",0.754421857165832,0.002049315068,0.02049315068
"1027",0.752740669337606,0.002049315068,0.02049315068
"1028",0.751896267286849,0.002049315068,0.02049315068
"1029",0.755482399996811,0.002049315068,0.02049315068
"1030",0.753188687589258,0.002049315068,0.02049315068
"1031",0.75295210514976,0.002049315068,0.02049315068
"1032",0.755744952449577,0.002049315068,0.02049315068
"1033",0.752904593927693,0.002049315068,0.02049315068
"1034",0.751968026915721,0.002049315068,0.02049315068
"1035",0.751069026507814,0.002049315068,0.02049315068
"1036",0.753029030675267,0.002049315068,0.02049315068
"1037",0.751371720356148,0.002049315068,0.02049315068
"1038",0.751952132920933,0.002049315068,0.02049315068
"1039",0.753281538438317,0.002049315068,0.02049315068
"1040",0.753629378791932,0.002049315068,0.02049315068
"1041",0.751922967851195,0.002049315068,0.02049315068
"1042",0.754249978394523,0.002049315068,0.02049315068
"1043",0.751102617575505,0.002049315068,0.02049315068
"1044",0.752736522016685,0.002049315068,0.02049315068
"1045",0.751252825948779,0.002049315068,0.02049315068
"1046",0.75196875674392,0.002049315068,0.02049315068
"1047",0.751503000178834,0.002049315068,0.02049315068
"1048",0.751390308960397,0.002049315068,0.02049315068
"1049",0.753107987300558,0.002049315068,0.02049315068
"1050",0.753804228234022,0.002049315068,0.02049315068
"1051",0.75352000425382,0.002049315068,0.02049315068
"1052",0.754127919008751,0.002049315068,0.02049315068
"1053",0.754011057053942,0.002049315068,0.02049315068
"1054",0.751625217579461,0.002049315068,0.02049315068
"1055",0.750310343391953,0.002049315068,0.02049315068
"1056",0.751329250248272,0.002049315068,0.02049315068
"1057",0.754068184724264,0.002049315068,0.02049315068
"1058",0.754072813061901,0.002049315068,0.02049315068
"1059",0.752360711695989,0.002049315068,0.02049315068
"1060",0.751354623765251,0.002049315068,0.02049315068
"1061",0.751683653242574,0.002049315068,0.02049315068
"1062",0.751427965660002,0.002049315068,0.02049315068
"1063",0.75308936899345,0.002049315068,0.02049315068
"1064",0.752166137320526,0.002049315068,0.02049315068
"1065",0.752464569765009,0.002049315068,0.02049315068
"1066",0.753680767852405,0.002049315068,0.02049315068
"1067",0.751729803654842,0.002049315068,0.02049315068
"1068",0.75220004558323,0.002049315068,0.02049315068
"1069",0.75305856500859,0.002049315068,0.02049315068
"1070",0.751774786462234,0.002049315068,0.02049315068
"1071",0.752951905779574,0.002049315068,0.02049315068
"1072",0.754008018698878,0.002049315068,0.02049315068
"1073",0.752886166007592,0.002049315068,0.02049315068
"1074",0.754290985779309,0.002049315068,0.02049315068
"1075",0.7520444313687,0.002049315068,0.02049315068
"1076",0.752184713324606,0.002049315068,0.02049315068
"1077",0.753472311475021,0.002049315068,0.02049315068
"1078",0.752710795130881,0.002049315068,0.02049315068
"1079",0.752178901645259,0.002049315068,0.02049315068
"1080",0.753367186481254,0.002049315068,0.02049315068
"1081",0.751126061812579,0.002049315068,0.02049315068
"1082",0.754949842283328,0.002049315068,0.02049315068
"1083",0.753091627685733,0.002049315068,0.02049315068
"1084",0.752191990225425,0.002049315068,0.02049315068
"1085",0.753300727618552,0.002049315068,0.02049315068
"1086",0.753562503718306,0.002049315068,0.02049315068
"1087",0.75275608783405,0.002049315068,0.02049315068
"1088",0.75131861540476,0.002049315068,0.02049315068
"1089",0.753877349791724,0.002049315068,0.02049315068
"1090",0.753302187298321,0.002049315068,0.02049315068
"1091",0.752251544984934,0.002049315068,0.02049315068
"1092",0.751284858287544,0.002049315068,0.02049315068
"1093",0.752600268086595,0.002049315068,0.02049315068
"1094",0.752871754501302,0.002049315068,0.02049315068
"1095",0.752998326066418,0.002049315068,0.02049315068
"1096",0.751792618111372,0.002049315068,0.02049315068
"1097",0.75231615099204,0.002049315068,0.02049315068
"1098",0.752990006112601,0.002049315068,0.02049315068
"1099",0.753117187420672,0.002049315068,0.02049315068
"1100",0.754194064928912,0.002049315068,0.02049315068
"1101",0.753553353128689,0.002049315068,0.02049315068
"1102",0.754461497281127,0.002049315068,0.02049315068
"1103",0.753367240241734,0.002049315068,0.02049315068
"1104",0.751314162435157,0.002049315068,0.02049315068
"1105",0.752011814892022,0.002049315068,0.02049315068
"1106",0.753602310936231,0.002049315068,0.02049315068
"1107",0.752433500836022,0.002049315068,0.02049315068
"1108",0.75194560717807,0.002049315068,0.02049315068
"1109",0.752455906561739,0.002049315068,0.02049315068
"1110",0.752070198141121,0.002049315068,0.02049315068
"1111",0.753450760566621,0.002049315068,0.02049315068
"1112",0.750790936032505,0.002049315068,0.02049315068
"1113",0.752380332446191,0.002049315068,0.02049315068
"1114",0.751834588566379,0.002049315068,0.02049315068
"1115",0.751525331699853,0.002049315068,0.02049315068
"1116",0.754003896181675,0.002049315068,0.02049315068
"1117",0.751655136678588,0.002049315068,0.02049315068
"1118",0.752793731471649,0.002049315068,0.02049315068
"1119",0.753453325536863,0.002049315068,0.02049315068
"1120",0.751930757441176,0.002049315068,0.02049315068
"1121",0.750440382348424,0.002049315068,0.02049315068
"1122",0.75104821616405,0.002049315068,0.02049315068
"1123",0.755160742330391,0.002049315068,0.02049315068
"1124",0.75201748602483,0.002049315068,0.02049315068
"1125",0.751429920296626,0.002049315068,0.02049315068
"1126",0.752800139862811,0.002049315068,0.02049315068
"1127",0.753352406704687,0.002049315068,0.02049315068
"1128",0.751274261626514,0.002049315068,0.02049315068
"1129",0.752394664442399,0.002049315068,0.02049315068
"1130",0.752252912195263,0.002049315068,0.02049315068
"1131",0.753315941554346,0.002049315068,0.02049315068
"1132",0.7546322061697,0.002049315068,0.02049315068
"1133",0.754075884433517,0.002049315068,0.02049315068
"1134",0.753682663983923,0.002049315068,0.02049315068
"1135",0.751368277838849,0.002049315068,0.02049315068
"1136",0.751450586750842,0.002049315068,0.02049315068
"1137",0.752917918160243,0.002049315068,0.02049315068
"1138",0.752371573580778,0.002049315068,0.02049315068
"1139",0.753833171156401,0.002049315068,0.02049315068
"1140",0.752520237016076,0.002049315068,0.02049315068
"1141",0.751992223652724,0.002049315068,0.02049315068
"1142",0.752231565821797,0.002049315068,0.02049315068
"1143",0.753764300822515,0.002049315068,0.02049315068
"1144",0.753339392340894,0.002049315068,0.02049315068
"1145",0.752215021383147,0.002049315068,0.02049315068
"1146",0.752495859411518,0.002049315068,0.02049315068
"1147",0.751730140239165,0.002049315068,0.02049315068
"1148",0.75310829120688,0.002049315068,0.02049315068
"1149",0.754172331555106,0.002049315068,0.02049315068
"1150",0.752290492065192,0.002049315068,0.02049315068
"1151",0.751506353631309,0.002049315068,0.02049315068
"1152",0.753857697538738,0.002049315068,0.02049315068
"1153",0.752083986982289,0.002049315068,0.02049315068
"1154",0.751733229726737,0.002049315068,0.02049315068
"1155",0.752672855498071,0.002049315068,0.02049315068
"1156",0.754386543161364,0.002049315068,0.02049315068
"1157",0.752775804820204,0.002049315068,0.02049315068
"1158",0.752943585140556,0.002049315068,0.02049315068
"1159",0.753279607682318,0.002049315068,0.02049315068
"1160",0.753227718288529,0.002049315068,0.02049315068
"1161",0.754445413126934,0.002049315068,0.02049315068
"1162",0.751676946411741,0.002049315068,0.02049315068
"1163",0.753918200632472,0.002049315068,0.02049315068
"1164",0.7507404607871,0.002049315068,0.02049315068
"1165",0.753586889861877,0.002049315068,0.02049315068
"1166",0.753259634938776,0.002049315068,0.02049315068
"1167",0.753179865647113,0.002049315068,0.02049315068
"1168",0.752155870229031,0.002049315068,0.02049315068
"1169",0.753900112528003,0.002049315068,0.02049315068
"1170",0.752504919721298,0.002049315068,0.02049315068
"1171",0.753483495559717,0.002049315068,0.02049315068
"1172",0.752920883218999,0.002049315068,0.02049315068
"1173",0.754878622909759,0.002049315068,0.02049315068
"1174",0.754369756352304,0.002049315068,0.02049315068
"1175",0.74931088478396,0.002049315068,0.02049315068
"1176",0.751377416897971,0.002049315068,0.02049315068
"1177",0.752947323168465,0.002049315068,0.02049315068
"1178",0.754011207821772,0.002049315068,0.02049315068
"1179",0.75217270817819,0.002049315068,0.02049315068
"1180",0.753098611240074,0.002049315068,0.02049315068
"1181",0.753646651299249,0.002049315068,0.02049315068
"1182",0.752585686661715,0.002049315068,0.02049315068
"1183",0.752043993553779,0.002049315068,0.02049315068
"1184",0.751309068049934,0.002049315068,0.02049315068
"1185",0.754133358841075,0.002049315068,0.02049315068
"1186",0.753944963355333,0.002049315068,0.02049315068
"1187",0.753438139368373,0.002049315068,0.02049315068
"1188",0.752497844188827,0.002049315068,0.02049315068
"1189",0.752789213852282,0.002049315068,0.02049315068
"1190",0.751731432548406,0.002049315068,0.02049315068
"1191",0.754123733474734,0.002049315068,0.02049315068
"1192",0.753324931295407,0.002049315068,0.02049315068
"1193",0.752564911658141,0.002049315068,0.02049315068
"1194",0.751480363058751,0.002049315068,0.02049315068
"1195",0.752398068789195,0.002049315068,0.02049315068
"1196",0.751921645644948,0.002049315068,0.02049315068
"1197",0.752259129241436,0.002049315068,0.02049315068
"1198",0.752136497401293,0.002049315068,0.02049315068
"1199",0.754279055152472,0.002049315068,0.02049315068
"1200",0.753672888524732,0.002049315068,0.02049315068
"1201",0.752071104782595,0.002049315068,0.02049315068
"1202",0.754769137134747,0.002049315068,0.02049315068
"1203",0.753415734057447,0.002049315068,0.02049315068
"1204",0.753041370042489,0.002049315068,0.02049315068
"1205",0.754683109133619,0.002049315068,0.02049315068
"1206",0.752397111141505,0.002049315068,0.02049315068
"1207",0.75168456192845,0.002049315068,0.02049315068
"1208",0.752794233437323,0.002049315068,0.02049315068
"1209",0.751571941535419,0.002049315068,0.02049315068
"1210",0.75267588688777,0.002049315068,0.02049315068
"1211",0.753794104150275,0.002049315068,0.02049315068
"1212",0.751190680623051,0.002049315068,0.02049315068
"1213",0.754456066206072,0.002049315068,0.02049315068
"1214",0.752469640412881,0.002049315068,0.02049315068
"1215",0.752383152365407,0.002049315068,0.02049315068
"1216",0.753205314392872,0.002049315068,0.02049315068
"1217",0.753485432422037,0.002049315068,0.02049315068
"1218",0.754909945287182,0.002049315068,0.02049315068
"1219",0.752318959657663,0.002049315068,0.02049315068
"1220",0.751215884164509,0.002049315068,0.02049315068
"1221",0.753428671465933,0.002049315068,0.02049315068
"1222",0.753880377150776,0.002049315068,0.02049315068
"1223",0.751935612413819,0.002049315068,0.02049315068
"1224",0.75196179409,0.002049315068,0.02049315068
"1225",0.752481528271577,0.002049315068,0.02049315068
"1226",0.752203550951209,0.002049315068,0.02049315068
"1227",0.751124615053329,0.002049315068,0.02049315068
"1228",0.751536900619855,0.002049315068,0.02049315068
"1229",0.75487117577989,0.002049315068,0.02049315068
"1230",0.752606796317522,0.002049315068,0.02049315068
"1231",0.754770433504774,0.002049315068,0.02049315068
"1232",0.751279265312328,0.002049315068,0.02049315068
"1233",0.751461266311203,0.002049315068,0.02049315068
"1234",0.752752432082912,0.002049315068,0.02049315068
"1235",0.752459713729761,0.002049315068,0.02049315068
"1236",0.751843962568215,0.002049315068,0.02049315068
"1237",0.754135860384705,0.002049315068,0.02049315068
"1238",0.752123138212309,0.002049315068,0.02049315068
"1239",0.754599067093233,0.002049315068,0.02049315068
"1240",0.752867267815179,0.002049315068,0.02049315068
"1241",0.753901548745791,0.002049315068,0.02049315068
"1242",0.753048461785709,0.002049315068,0.02049315068
"1243",0.753840269890047,0.002049315068,0.02049315068
"1244",0.75358316438924,0.002049315068,0.02049315068
"1245",0.750413840276966,0.002049315068,0.02049315068
"1246",0.753045632001128,0.002049315068,0.02049315068
"1247",0.753265114842147,0.002049315068,0.02049315068
"1248",0.751978120655857,0.002049315068,0.02049315068
"1249",0.751304097985198,0.002049315068,0.02049315068
"1250",0.752470519205169,0.002049315068,0.02049315068
"1251",0.752544133412453,0.002049315068,0.02049315068
"1252",0.751922188976828,0.002049315068,0.02049315068
"1253",0.752656916387754,0.002049315068,0.02049315068
"1254",0.752145068975853,0.002049315068,0.02049315068
"1255",0.753705643957044,0.002049315068,0.02049315068
"1256",0.753607651571714,0.002049315068,0.02049315068
"1257",0.75180697794994,0.002049315068,0.02049315068
"1258",0.751734069452431,0.002049315068,0.02049315068
"1259",0.75189540243646,0.002049315068,0.02049315068
"1260",0.753332250755524,0.002049315068,0.02049315068
"1261",0.754231436720256,0.002049315068,0.02049315068
"1262",0.751950040406484,0.002049315068,0.02049315068
"1263",0.753323051149188,0.002049315068,0.02049315068
"1264",0.751249026306589,0.002049315068,0.02049315068
"1265",0.75241298183319,0.002049315068,0.02049315068
"1266",0.754557966770706,0.002049315068,0.02049315068
"1267",0.752605217418873,0.002049315068,0.02049315068
"1268",0.755034616324472,0.002049315068,0.02049315068
"1269",0.750913953064317,0.002049315068,0.02049315068
"1270",0.753677303343983,0.002049315068,0.02049315068
"1271",0.752943162500693,0.002049315068,0.02049315068
"1272",0.751140896931264,0.002049315068,0.02049315068
"1273",0.750469778088302,0.002049315068,0.02049315068
"1274",0.751790680145666,0.002049315068,0.02049315068
"1275",0.752024956222946,0.002049315068,0.02049315068
"1276",0.750362536640026,0.002049315068,0.02049315068
"1277",0.75425761573618,0.002049315068,0.02049315068
"1278",0.753525418739868,0.002049315068,0.02049315068
"1279",0.752307627965661,0.002049315068,0.02049315068
"1280",0.754397572944974,0.002049315068,0.02049315068
"1281",0.754548973539128,0.002049315068,0.02049315068
"1282",0.752833045546905,0.002049315068,0.02049315068
"1283",0.755312117153438,0.002049315068,0.02049315068
"1284",0.752713525851277,0.002049315068,0.02049315068
"1285",0.751897179920639,0.002049315068,0.02049315068
"1286",0.754923052981859,0.002049315068,0.02049315068
"1287",0.751538322249212,0.002049315068,0.02049315068
"1288",0.752133433533887,0.002049315068,0.02049315068
"1289",0.751799942872195,0.002049315068,0.02049315068
"1290",0.751779057121218,0.002049315068,0.02049315068
"1291",0.753821680348337,0.002049315068,0.02049315068
"1292",0.753476755458502,0.002049315068,0.02049315068
"1293",0.752765474547266,0.002049315068,0.02049315068
"1294",0.753990715307562,0.002049315068,0.02049315068
"1295",0.753483519667945,0.002049315068,0.02049315068
"1296",0.753784992670095,0.002049315068,0.02049315068
"1297",0.751690637440006,0.002049315068,0.02049315068
"1298",0.752639218692447,0.002049315068,0.02049315068
"1299",0.752638600119651,0.002049315068,0.02049315068
"1300",0.752885558579719,0.002049315068,0.02049315068
"1301",0.752971334888012,0.002049315068,0.02049315068
"1302",0.752933812057458,0.002049315068,0.02049315068
"1303",0.751180004191464,0.002049315068,0.02049315068
"1304",0.754224784748207,0.002049315068,0.02049315068
"1305",0.753291644876549,0.002049315068,0.02049315068
"1306",0.752784202584867,0.002049315068,0.02049315068
"1307",0.75376139622778,0.002049315068,0.02049315068
"1308",0.752387238672843,0.002049315068,0.02049315068
"1309",0.752358373483603,0.002049315068,0.02049315068
"1310",0.753804489658613,0.002049315068,0.02049315068
"1311",0.752720797466644,0.002049315068,0.02049315068
"1312",0.753038007662782,0.002049315068,0.02049315068
"1313",0.753429350911817,0.002049315068,0.02049315068
"1314",0.752945421930299,0.002049315068,0.02049315068
"1315",0.751538200502497,0.002049315068,0.02049315068
"1316",0.752509886790822,0.002049315068,0.02049315068
"1317",0.751144994748901,0.002049315068,0.02049315068
"1318",0.75192535711344,0.002049315068,0.02049315068
"1319",0.749954845818967,0.002049315068,0.02049315068
"1320",0.751281829135909,0.002049315068,0.02049315068
"1321",0.749700286095664,0.002049315068,0.02049315068
"1322",0.751910968796235,0.002049315068,0.02049315068
"1323",0.753236934672476,0.002049315068,0.02049315068
"1324",0.751598295450758,0.002049315068,0.02049315068
"1325",0.753321960558874,0.002049315068,0.02049315068
"1326",0.752506798666766,0.002049315068,0.02049315068
"1327",0.75322769940872,0.002049315068,0.02049315068
"1328",0.752548764824518,0.002049315068,0.02049315068
"1329",0.752935007785384,0.002049315068,0.02049315068
"1330",0.754600688433082,0.002049315068,0.02049315068
"1331",0.752811137273921,0.002049315068,0.02049315068
"1332",0.753498594496394,0.002049315068,0.02049315068
"1333",0.752482149654845,0.002049315068,0.02049315068
"1334",0.751034253438514,0.002049315068,0.02049315068
"1335",0.751998809175262,0.002049315068,0.02049315068
"1336",0.749641219567153,0.002049315068,0.02049315068
"1337",0.752665906110817,0.002049315068,0.02049315068
"1338",0.75272283850643,0.002049315068,0.02049315068
"1339",0.752096975180687,0.002049315068,0.02049315068
"1340",0.752039892909061,0.002049315068,0.02049315068
"1341",0.752840622944136,0.002049315068,0.02049315068
"1342",0.75156637102596,0.002049315068,0.02049315068
"1343",0.754078312887924,0.002049315068,0.02049315068
"1344",0.753432944348882,0.002049315068,0.02049315068
"1345",0.752552932853533,0.002049315068,0.02049315068
"1346",0.755087053980148,0.002049315068,0.02049315068
"1347",0.752286961890585,0.002049315068,0.02049315068
"1348",0.751883046501491,0.002049315068,0.02049315068
"1349",0.750169034237596,0.002049315068,0.02049315068
"1350",0.752028952542493,0.002049315068,0.02049315068
"1351",0.753343467425616,0.002049315068,0.02049315068
"1352",0.753314992114828,0.002049315068,0.02049315068
"1353",0.753651597487982,0.002049315068,0.02049315068
"1354",0.754029786721764,0.002049315068,0.02049315068
"1355",0.752655736677632,0.002049315068,0.02049315068
"1356",0.752855391963424,0.002049315068,0.02049315068
"1357",0.753084944532688,0.002049315068,0.02049315068
"1358",0.752751872653367,0.002049315068,0.02049315068
"1359",0.754734428224571,0.002049315068,0.02049315068
"1360",0.750715898081692,0.002049315068,0.02049315068
"1361",0.753522122298407,0.002049315068,0.02049315068
"1362",0.753781573624539,0.002049315068,0.02049315068
"1363",0.7523669884648,0.002049315068,0.02049315068
"1364",0.752321356134465,0.002049315068,0.02049315068
"1365",0.752309104707043,0.002049315068,0.02049315068
"1366",0.753040001717429,0.002049315068,0.02049315068
"1367",0.750983746753397,0.002049315068,0.02049315068
"1368",0.752631043815526,0.002049315068,0.02049315068
"1369",0.75123686954461,0.002049315068,0.02049315068
"1370",0.752626313946125,0.002049315068,0.02049315068
"1371",0.756323120260038,0.002049315068,0.02049315068
"1372",0.75177813553127,0.002049315068,0.02049315068
"1373",0.753143088230449,0.002049315068,0.02049315068
"1374",0.754137847075149,0.002049315068,0.02049315068
"1375",0.753642888643589,0.002049315068,0.02049315068
"1376",0.754041769017165,0.002049315068,0.02049315068
"1377",0.751908710655956,0.002049315068,0.02049315068
"1378",0.75291224550291,0.002049315068,0.02049315068
"1379",0.752075377891537,0.002049315068,0.02049315068
"1380",0.752654037021048,0.002049315068,0.02049315068
"1381",0.75029323188447,0.002049315068,0.02049315068
"1382",0.752525402512509,0.002049315068,0.02049315068
"1383",0.752526495773757,0.002049315068,0.02049315068
"1384",0.752594331805955,0.002049315068,0.02049315068
"1385",0.751201975821896,0.002049315068,0.02049315068
"1386",0.752689116672003,0.002049315068,0.02049315068
"1387",0.754746746930814,0.002049315068,0.02049315068
"1388",0.753591283837594,0.002049315068,0.02049315068
"1389",0.753210829168496,0.002049315068,0.02049315068
"1390",0.752791909682671,0.002049315068,0.02049315068
"1391",0.755367061179945,0.002049315068,0.02049315068
"1392",0.753282432958127,0.002049315068,0.02049315068
"1393",0.754089852393726,0.002049315068,0.02049315068
"1394",0.753040971532399,0.002049315068,0.02049315068
"1395",0.752466474884519,0.002049315068,0.02049315068
"1396",0.753575880586111,0.002049315068,0.02049315068
"1397",0.754561508261059,0.002049315068,0.02049315068
"1398",0.756070963896783,0.002049315068,0.02049315068
"1399",0.753390948042401,0.002049315068,0.02049315068
"1400",0.751600714397991,0.002049315068,0.02049315068
"1401",0.750542222876323,0.002049315068,0.02049315068
"1402",0.750578813238174,0.002049315068,0.02049315068
"1403",0.751772319793335,0.002049315068,0.02049315068
"1404",0.753196823092638,0.002049315068,0.02049315068
"1405",0.751674912759688,0.002049315068,0.02049315068
"1406",0.752212033652304,0.002049315068,0.02049315068
"1407",0.753844795091978,0.002049315068,0.02049315068
"1408",0.752225717747348,0.002049315068,0.02049315068
"1409",0.755078540729969,0.002049315068,0.02049315068
"1410",0.752447422235836,0.002049315068,0.02049315068
"1411",0.75194711416672,0.002049315068,0.02049315068
"1412",0.752953610519633,0.002049315068,0.02049315068
"1413",0.752550285600568,0.002049315068,0.02049315068
"1414",0.752068270476445,0.002049315068,0.02049315068
"1415",0.753203676370976,0.002049315068,0.02049315068
"1416",0.753433096204707,0.002049315068,0.02049315068
"1417",0.753848768163991,0.002049315068,0.02049315068
"1418",0.753615335600115,0.002049315068,0.02049315068
"1419",0.752963275500654,0.002049315068,0.02049315068
"1420",0.749822817451599,0.002049315068,0.02049315068
"1421",0.752610431801389,0.002049315068,0.02049315068
"1422",0.751954163205161,0.002049315068,0.02049315068
"1423",0.752080212511874,0.002049315068,0.02049315068
"1424",0.752034487543024,0.002049315068,0.02049315068
"1425",0.751889626067275,0.002049315068,0.02049315068
"1426",0.754522411013343,0.002049315068,0.02049315068
"1427",0.752649429163434,0.002049315068,0.02049315068
"1428",0.752412290909567,0.002049315068,0.02049315068
"1429",0.750743763979763,0.002049315068,0.02049315068
"1430",0.750904182403347,0.002049315068,0.02049315068
"1431",0.753941920280115,0.002049315068,0.02049315068
"1432",0.752057684245651,0.002049315068,0.02049315068
"1433",0.753530015546656,0.002049315068,0.02049315068
"1434",0.75208731436749,0.002049315068,0.02049315068
"1435",0.75345323807273,0.002049315068,0.02049315068
"1436",0.754369187751882,0.002049315068,0.02049315068
"1437",0.754756571764902,0.002049315068,0.02049315068
"1438",0.752486316859987,0.002049315068,0.02049315068
"1439",0.753163772965527,0.002049315068,0.02049315068
"1440",0.751328770025524,0.002049315068,0.02049315068
"1441",0.753438189670905,0.002049315068,0.02049315068
"1442",0.752399360000199,0.002049315068,0.02049315068
"1443",0.753269941564548,0.002049315068,0.02049315068
"1444",0.752081552296279,0.002049315068,0.02049315068
"1445",0.752941910676581,0.002049315068,0.02049315068
"1446",0.754665477797464,0.002049315068,0.02049315068
"1447",0.756919326584681,0.002049315068,0.02049315068
"1448",0.752490861571711,0.002049315068,0.02049315068
"1449",0.753442944672141,0.002049315068,0.02049315068
"1450",0.75369851865954,0.002049315068,0.02049315068
"1451",0.752164004762452,0.002049315068,0.02049315068
"1452",0.753834450424907,0.002049315068,0.02049315068
"1453",0.751774120351927,0.002049315068,0.02049315068
"1454",0.752015707012501,0.002049315068,0.02049315068
"1455",0.751702750712952,0.002049315068,0.02049315068
"1456",0.752096220523529,0.002049315068,0.02049315068
"1457",0.75368042582761,0.002049315068,0.02049315068
"1458",0.752186376801791,0.002049315068,0.02049315068
"1459",0.753166451715031,0.002049315068,0.02049315068
"1460",0.75380180985974,0.002049315068,0.02049315068
"1461",0.751758384524558,0.002049315068,0.02049315068
"1462",0.752193552038304,0.002049315068,0.02049315068
"1463",0.754036403662463,0.002049315068,0.02049315068
"1464",0.752393222841794,0.002049315068,0.02049315068
"1465",0.753173885063302,0.002049315068,0.02049315068
"1466",0.755465987558452,0.002049315068,0.02049315068
"1467",0.753554638484365,0.002049315068,0.02049315068
"1468",0.753396867748055,0.002049315068,0.02049315068
"1469",0.7529074442989,0.002049315068,0.02049315068
"1470",0.752645998102361,0.002049315068,0.02049315068
"1471",0.752792225469523,0.002049315068,0.02049315068
"1472",0.752363517319781,0.002049315068,0.02049315068
"1473",0.753866268836825,0.002049315068,0.02049315068
"1474",0.75221706148864,0.002049315068,0.02049315068
"1475",0.752239118204291,0.002049315068,0.02049315068
"1476",0.752941230864242,0.002049315068,0.02049315068
"1477",0.751551184314719,0.002049315068,0.02049315068
"1478",0.75357548063335,0.002049315068,0.02049315068
"1479",0.752380610957018,0.002049315068,0.02049315068
"1480",0.75242524805063,0.002049315068,0.02049315068
"1481",0.752698579524374,0.002049315068,0.02049315068
"1482",0.752303273761309,0.002049315068,0.02049315068
"1483",0.751013929427712,0.002049315068,0.02049315068
"1484",0.752198285514957,0.002049315068,0.02049315068
"1485",0.754690487477953,0.002049315068,0.02049315068
"1486",0.754035311654169,0.002049315068,0.02049315068
"1487",0.754463874968933,0.002049315068,0.02049315068
"1488",0.75375432989726,0.002049315068,0.02049315068
"1489",0.753980834935757,0.002049315068,0.02049315068
"1490",0.752783694820051,0.002049315068,0.02049315068
"1491",0.753029818535156,0.002049315068,0.02049315068
"1492",0.753442466788142,0.002049315068,0.02049315068
"1493",0.751956970856115,0.002049315068,0.02049315068
"1494",0.753490213533257,0.002049315068,0.02049315068
"1495",0.751881991588617,0.002049315068,0.02049315068
"1496",0.752131468815213,0.002049315068,0.02049315068
"1497",0.753575147892422,0.002049315068,0.02049315068
"1498",0.753235570950134,0.002049315068,0.02049315068
"1499",0.752193998092434,0.002049315068,0.02049315068
"1500",0.753560616043462,0.002049315068,0.02049315068
"1501",0.752288401557094,0.002049315068,0.02049315068
"1502",0.800679529473639,0.003046575342,0.03046575342
"1503",0.801264832286618,0.003046575342,0.03046575342
"1504",0.801672454485152,0.003046575342,0.03046575342
"1505",0.800476570928328,0.003046575342,0.03046575342
"1506",0.799821854040338,0.003046575342,0.03046575342
"1507",0.800131998169133,0.003046575342,0.03046575342
"1508",0.799765400332839,0.003046575342,0.03046575342
"1509",0.801061875784561,0.003046575342,0.03046575342
"1510",0.79854452598689,0.003046575342,0.03046575342
"1511",0.800989737987264,0.003046575342,0.03046575342
"1512",0.800083959986408,0.003046575342,0.03046575342
"1513",0.799250199141384,0.003046575342,0.03046575342
"1514",0.80154451872542,0.003046575342,0.03046575342
"1515",0.801975477019378,0.003046575342,0.03046575342
"1516",0.800458625955045,0.003046575342,0.03046575342
"1517",0.801265072805256,0.003046575342,0.03046575342
"1518",0.799093167772349,0.003046575342,0.03046575342
"1519",0.8002556048384,0.003046575342,0.03046575342
"1520",0.800735767813359,0.003046575342,0.03046575342
"1521",0.79997850899504,0.003046575342,0.03046575342
"1522",0.802616759260758,0.003046575342,0.03046575342
"1523",0.801274028711993,0.003046575342,0.03046575342
"1524",0.801260177304559,0.003046575342,0.03046575342
"1525",0.800741312946406,0.003046575342,0.03046575342
"1526",0.801976650934295,0.003046575342,0.03046575342
"1527",0.800209246284271,0.003046575342,0.03046575342
"1528",0.801431034777536,0.003046575342,0.03046575342
"1529",0.799963152793413,0.003046575342,0.03046575342
"1530",0.800715213903165,0.003046575342,0.03046575342
"1531",0.800148173234003,0.003046575342,0.03046575342
"1532",0.800942008927674,0.003046575342,0.03046575342
"1533",0.800209934844714,0.003046575342,0.03046575342
"1534",0.800279869572575,0.003046575342,0.03046575342
"1535",0.800844599778021,0.003046575342,0.03046575342
"1536",0.801766680643884,0.003046575342,0.03046575342
"1537",0.801672619201182,0.003046575342,0.03046575342
"1538",0.801337775403847,0.003046575342,0.03046575342
"1539",0.801278822587752,0.003046575342,0.03046575342
"1540",0.801071812547608,0.003046575342,0.03046575342
"1541",0.801043843764276,0.003046575342,0.03046575342
"1542",0.79907991968691,0.003046575342,0.03046575342
"1543",0.800665508536957,0.003046575342,0.03046575342
"1544",0.799362690501774,0.003046575342,0.03046575342
"1545",0.800843514942089,0.003046575342,0.03046575342
"1546",0.800512443609575,0.003046575342,0.03046575342
"1547",0.801825139384752,0.003046575342,0.03046575342
"1548",0.801308867694796,0.003046575342,0.03046575342
"1549",0.801616359194051,0.003046575342,0.03046575342
"1550",0.801056618396935,0.003046575342,0.03046575342
"1551",0.800900198588151,0.003046575342,0.03046575342
"1552",0.801090258737894,0.003046575342,0.03046575342
"1553",0.80106940392447,0.003046575342,0.03046575342
"1554",0.799883827205605,0.003046575342,0.03046575342
"1555",0.802205593840876,0.003046575342,0.03046575342
"1556",0.801228435072705,0.003046575342,0.03046575342
"1557",0.799240476689023,0.003046575342,0.03046575342
"1558",0.80080973668551,0.003046575342,0.03046575342
"1559",0.802186170796999,0.003046575342,0.03046575342
"1560",0.799584160122822,0.003046575342,0.03046575342
"1561",0.800041715773348,0.003046575342,0.03046575342
"1562",0.800195114302687,0.003046575342,0.03046575342
"1563",0.801088801343698,0.003046575342,0.03046575342
"1564",0.801529477792061,0.003046575342,0.03046575342
"1565",0.800952025936616,0.003046575342,0.03046575342
"1566",0.801670606319565,0.003046575342,0.03046575342
"1567",0.801290804528011,0.003046575342,0.03046575342
"1568",0.800190581743733,0.003046575342,0.03046575342
"1569",0.800510304277491,0.003046575342,0.03046575342
"1570",0.802000705962473,0.003046575342,0.03046575342
"1571",0.802033310007296,0.003046575342,0.03046575342
"1572",0.801496243129602,0.003046575342,0.03046575342
"1573",0.801073245696729,0.003046575342,0.03046575342
"1574",0.799984721807447,0.003046575342,0.03046575342
"1575",0.801071942037297,0.003046575342,0.03046575342
"1576",0.799841427395544,0.003046575342,0.03046575342
"1577",0.7999131133459,0.003046575342,0.03046575342
"1578",0.800371724614021,0.003046575342,0.03046575342
"1579",0.799153667118443,0.003046575342,0.03046575342
"1580",0.801944261398769,0.003046575342,0.03046575342
"1581",0.80077493257511,0.003046575342,0.03046575342
"1582",0.801277583950109,0.003046575342,0.03046575342
"1583",0.800317707407775,0.003046575342,0.03046575342
"1584",0.800568308918403,0.003046575342,0.03046575342
"1585",0.798613107564633,0.003046575342,0.03046575342
"1586",0.800941128530338,0.003046575342,0.03046575342
"1587",0.801573326913071,0.003046575342,0.03046575342
"1588",0.801253259138713,0.003046575342,0.03046575342
"1589",0.801998712425711,0.003046575342,0.03046575342
"1590",0.801032070699126,0.003046575342,0.03046575342
"1591",0.80154285839707,0.003046575342,0.03046575342
"1592",0.800698762966136,0.003046575342,0.03046575342
"1593",0.801795311894404,0.003046575342,0.03046575342
"1594",0.80094848258971,0.003046575342,0.03046575342
"1595",0.8008058468131,0.003046575342,0.03046575342
"1596",0.801507659993821,0.003046575342,0.03046575342
"1597",0.800123277967996,0.003046575342,0.03046575342
"1598",0.800786672325802,0.003046575342,0.03046575342
"1599",0.800959391883221,0.003046575342,0.03046575342
"1600",0.801047655778593,0.003046575342,0.03046575342
"1601",0.800633916800106,0.003046575342,0.03046575342
"1602",0.801296097160111,0.003046575342,0.03046575342
"1603",0.800394031163175,0.003046575342,0.03046575342
"1604",0.800762373379073,0.003046575342,0.03046575342
"1605",0.800884859880972,0.003046575342,0.03046575342
"1606",0.801684488166543,0.003046575342,0.03046575342
"1607",0.799964489275901,0.003046575342,0.03046575342
"1608",0.800714918483957,0.003046575342,0.03046575342
"1609",0.800578104258049,0.003046575342,0.03046575342
"1610",0.799142071845831,0.003046575342,0.03046575342
"1611",0.799631907018822,0.003046575342,0.03046575342
"1612",0.798933944263279,0.003046575342,0.03046575342
"1613",0.800766446745994,0.003046575342,0.03046575342
"1614",0.799963597548627,0.003046575342,0.03046575342
"1615",0.799718356000773,0.003046575342,0.03046575342
"1616",0.80076113664978,0.003046575342,0.03046575342
"1617",0.80043865647822,0.003046575342,0.03046575342
"1618",0.800460324802422,0.003046575342,0.03046575342
"1619",0.801691173621478,0.003046575342,0.03046575342
"1620",0.801011442108172,0.003046575342,0.03046575342
"1621",0.801203126106866,0.003046575342,0.03046575342
"1622",0.800070567723854,0.003046575342,0.03046575342
"1623",0.801143868578186,0.003046575342,0.03046575342
"1624",0.800812630401246,0.003046575342,0.03046575342
"1625",0.802115968917759,0.003046575342,0.03046575342
"1626",0.801622882444319,0.003046575342,0.03046575342
"1627",0.801568879358241,0.003046575342,0.03046575342
"1628",0.801698794628232,0.003046575342,0.03046575342
"1629",0.802308266054994,0.003046575342,0.03046575342
"1630",0.799686204083453,0.003046575342,0.03046575342
"1631",0.802480275567937,0.003046575342,0.03046575342
"1632",0.80160537245866,0.003046575342,0.03046575342
"1633",0.801323214911547,0.003046575342,0.03046575342
"1634",0.802171377480318,0.003046575342,0.03046575342
"1635",0.800736019536627,0.003046575342,0.03046575342
"1636",0.799696876621174,0.003046575342,0.03046575342
"1637",0.802193916939205,0.003046575342,0.03046575342
"1638",0.799641161417752,0.003046575342,0.03046575342
"1639",0.799492010001396,0.003046575342,0.03046575342
"1640",0.801192721743574,0.003046575342,0.03046575342
"1641",0.799343992251627,0.003046575342,0.03046575342
"1642",0.801410784645874,0.003046575342,0.03046575342
"1643",0.80197110742999,0.003046575342,0.03046575342
"1644",0.800963605857271,0.003046575342,0.03046575342
"1645",0.800295042170179,0.003046575342,0.03046575342
"1646",0.801482849317999,0.003046575342,0.03046575342
"1647",0.801662048400224,0.003046575342,0.03046575342
"1648",0.801762450165911,0.003046575342,0.03046575342
"1649",0.80007458000797,0.003046575342,0.03046575342
"1650",0.801496328966078,0.003046575342,0.03046575342
"1651",0.799924544653208,0.003046575342,0.03046575342
"1652",0.799922269120551,0.003046575342,0.03046575342
"1653",0.8015399111189,0.003046575342,0.03046575342
"1654",0.800104840780766,0.003046575342,0.03046575342
"1655",0.802034405308095,0.003046575342,0.03046575342
"1656",0.802189228199085,0.003046575342,0.03046575342
"1657",0.800861403428484,0.003046575342,0.03046575342
"1658",0.800175821532548,0.003046575342,0.03046575342
"1659",0.79958605104593,0.003046575342,0.03046575342
"1660",0.799920536452927,0.003046575342,0.03046575342
"1661",0.800957573850837,0.003046575342,0.03046575342
"1662",0.798787456055824,0.003046575342,0.03046575342
"1663",0.799868428717371,0.003046575342,0.03046575342
"1664",0.800088009433109,0.003046575342,0.03046575342
"1665",0.800106289187149,0.003046575342,0.03046575342
"1666",0.80022930209064,0.003046575342,0.03046575342
"1667",0.802362365627275,0.003046575342,0.03046575342
"1668",0.801303739967827,0.003046575342,0.03046575342
"1669",0.79898673867628,0.003046575342,0.03046575342
"1670",0.80051242214796,0.003046575342,0.03046575342
"1671",0.801070714229009,0.003046575342,0.03046575342
"1672",0.80050285560708,0.003046575342,0.03046575342
"1673",0.800437054311067,0.003046575342,0.03046575342
"1674",0.799069357922134,0.003046575342,0.03046575342
"1675",0.80049244623875,0.003046575342,0.03046575342
"1676",0.800988482587843,0.003046575342,0.03046575342
"1677",0.800246631968213,0.003046575342,0.03046575342
"1678",0.800918957910717,0.003046575342,0.03046575342
"1679",0.801380842825725,0.003046575342,0.03046575342
"1680",0.799757365251464,0.003046575342,0.03046575342
"1681",0.800554897337627,0.003046575342,0.03046575342
"1682",0.799106749495572,0.003046575342,0.03046575342
"1683",0.800460488998502,0.003046575342,0.03046575342
"1684",0.798818977015365,0.003046575342,0.03046575342
"1685",0.799059446072615,0.003046575342,0.03046575342
"1686",0.800304498758409,0.003046575342,0.03046575342
"1687",0.80173700836931,0.003046575342,0.03046575342
"1688",0.800115613932188,0.003046575342,0.03046575342
"1689",0.799581683414563,0.003046575342,0.03046575342
"1690",0.801394723852769,0.003046575342,0.03046575342
"1691",0.801143306690037,0.003046575342,0.03046575342
"1692",0.800239687534908,0.003046575342,0.03046575342
"1693",0.801163751736107,0.003046575342,0.03046575342
"1694",0.799405864955754,0.003046575342,0.03046575342
"1695",0.799649799593097,0.003046575342,0.03046575342
"1696",0.800705573929266,0.003046575342,0.03046575342
"1697",0.803767347516501,0.003046575342,0.03046575342
"1698",0.801722869391924,0.003046575342,0.03046575342
"1699",0.80080798971839,0.003046575342,0.03046575342
"1700",0.799819837474437,0.003046575342,0.03046575342
"1701",0.800953183567307,0.003046575342,0.03046575342
"1702",0.799014689526117,0.003046575342,0.03046575342
"1703",0.80169879549277,0.003046575342,0.03046575342
"1704",0.799982959048597,0.003046575342,0.03046575342
"1705",0.801680584439839,0.003046575342,0.03046575342
"1706",0.800164430035938,0.003046575342,0.03046575342
"1707",0.80067362026144,0.003046575342,0.03046575342
"1708",0.801584107421707,0.003046575342,0.03046575342
"1709",0.801186754173267,0.003046575342,0.03046575342
"1710",0.801378453151774,0.003046575342,0.03046575342
"1711",0.799923709656922,0.003046575342,0.03046575342
"1712",0.799680353302811,0.003046575342,0.03046575342
"1713",0.800691520508621,0.003046575342,0.03046575342
"1714",0.799100324665689,0.003046575342,0.03046575342
"1715",0.800654943063738,0.003046575342,0.03046575342
"1716",0.801119694715147,0.003046575342,0.03046575342
"1717",0.801844873574627,0.003046575342,0.03046575342
"1718",0.799378340089987,0.003046575342,0.03046575342
"1719",0.800559863517216,0.003046575342,0.03046575342
"1720",0.801792295731693,0.003046575342,0.03046575342
"1721",0.800872216724661,0.003046575342,0.03046575342
"1722",0.800738341805711,0.003046575342,0.03046575342
"1723",0.800055548110012,0.003046575342,0.03046575342
"1724",0.79994399985173,0.003046575342,0.03046575342
"1725",0.800162089546411,0.003046575342,0.03046575342
"1726",0.800706241722898,0.003046575342,0.03046575342
"1727",0.799084128415966,0.003046575342,0.03046575342
"1728",0.801718117037537,0.003046575342,0.03046575342
"1729",0.798687674237554,0.003046575342,0.03046575342
"1730",0.801561447409192,0.003046575342,0.03046575342
"1731",0.798486207115923,0.003046575342,0.03046575342
"1732",0.802572726415867,0.003046575342,0.03046575342
"1733",0.801516524139814,0.003046575342,0.03046575342
"1734",0.801747482047926,0.003046575342,0.03046575342
"1735",0.801868154743643,0.003046575342,0.03046575342
"1736",0.799982681985133,0.003046575342,0.03046575342
"1737",0.79989535105439,0.003046575342,0.03046575342
"1738",0.799909772449099,0.003046575342,0.03046575342
"1739",0.799986543342447,0.003046575342,0.03046575342
"1740",0.800772686682226,0.003046575342,0.03046575342
"1741",0.801135654732308,0.003046575342,0.03046575342
"1742",0.798809433292944,0.003046575342,0.03046575342
"1743",0.799336547478772,0.003046575342,0.03046575342
"1744",0.80162419908826,0.003046575342,0.03046575342
"1745",0.800560941248394,0.003046575342,0.03046575342
"1746",0.79899749293435,0.003046575342,0.03046575342
"1747",0.80063096373002,0.003046575342,0.03046575342
"1748",0.800558392959306,0.003046575342,0.03046575342
"1749",0.801152715992811,0.003046575342,0.03046575342
"1750",0.800224016566128,0.003046575342,0.03046575342
"1751",0.801454359712592,0.003046575342,0.03046575342
"1752",0.800982814763432,0.003046575342,0.03046575342
"1753",0.801898167363652,0.003046575342,0.03046575342
"1754",0.800932088071032,0.003046575342,0.03046575342
"1755",0.800441836427616,0.003046575342,0.03046575342
"1756",0.799631435458627,0.003046575342,0.03046575342
"1757",0.800823455682183,0.003046575342,0.03046575342
"1758",0.799192296146038,0.003046575342,0.03046575342
"1759",0.800788155966143,0.003046575342,0.03046575342
"1760",0.801129507929666,0.003046575342,0.03046575342
"1761",0.800677184110763,0.003046575342,0.03046575342
"1762",0.801414137503847,0.003046575342,0.03046575342
"1763",0.79929834302866,0.003046575342,0.03046575342
"1764",0.80010856096062,0.003046575342,0.03046575342
"1765",0.800607261467709,0.003046575342,0.03046575342
"1766",0.801561554245617,0.003046575342,0.03046575342
"1767",0.800260076245684,0.003046575342,0.03046575342
"1768",0.79967225746948,0.003046575342,0.03046575342
"1769",0.801472667436944,0.003046575342,0.03046575342
"1770",0.800899319777828,0.003046575342,0.03046575342
"1771",0.800818536224699,0.003046575342,0.03046575342
"1772",0.801243423407391,0.003046575342,0.03046575342
"1773",0.801181565306623,0.003046575342,0.03046575342
"1774",0.801623560847427,0.003046575342,0.03046575342
"1775",0.801257605216613,0.003046575342,0.03046575342
"1776",0.800840127548807,0.003046575342,0.03046575342
"1777",0.799974582233849,0.003046575342,0.03046575342
"1778",0.800841504703774,0.003046575342,0.03046575342
"1779",0.799599633761238,0.003046575342,0.03046575342
"1780",0.801552432387625,0.003046575342,0.03046575342
"1781",0.799927392790552,0.003046575342,0.03046575342
"1782",0.801022601974413,0.003046575342,0.03046575342
"1783",0.801703485211503,0.003046575342,0.03046575342
"1784",0.801607177072588,0.003046575342,0.03046575342
"1785",0.802203899208228,0.003046575342,0.03046575342
"1786",0.800089857352906,0.003046575342,0.03046575342
"1787",0.800610770980423,0.003046575342,0.03046575342
"1788",0.801998198401992,0.003046575342,0.03046575342
"1789",0.800297836947021,0.003046575342,0.03046575342
"1790",0.801264597943321,0.003046575342,0.03046575342
"1791",0.804049243540784,0.003046575342,0.03046575342
"1792",0.801842206177393,0.003046575342,0.03046575342
"1793",0.799740444306289,0.003046575342,0.03046575342
"1794",0.79932573058562,0.003046575342,0.03046575342
"1795",0.801427393546195,0.003046575342,0.03046575342
"1796",0.798898517888512,0.003046575342,0.03046575342
"1797",0.801472208748197,0.003046575342,0.03046575342
"1798",0.800691034922638,0.003046575342,0.03046575342
"1799",0.801341373239322,0.003046575342,0.03046575342
"1800",0.800257166172385,0.003046575342,0.03046575342
"1801",0.802164265889453,0.003046575342,0.03046575342
"1802",0.80096659921558,0.003046575342,0.03046575342
"1803",0.799129342064935,0.003046575342,0.03046575342
"1804",0.79983157285337,0.003046575342,0.03046575342
"1805",0.799412979062178,0.003046575342,0.03046575342
"1806",0.800477955615594,0.003046575342,0.03046575342
"1807",0.802226882590855,0.003046575342,0.03046575342
"1808",0.801651593792698,0.003046575342,0.03046575342
"1809",0.801091907564541,0.003046575342,0.03046575342
"1810",0.802562405422392,0.003046575342,0.03046575342
"1811",0.802089530715898,0.003046575342,0.03046575342
"1812",0.799917599671355,0.003046575342,0.03046575342
"1813",0.800742539243272,0.003046575342,0.03046575342
"1814",0.800078927528597,0.003046575342,0.03046575342
"1815",0.80020407517341,0.003046575342,0.03046575342
"1816",0.800417432691766,0.003046575342,0.03046575342
"1817",0.80010917039457,0.003046575342,0.03046575342
"1818",0.800831011402823,0.003046575342,0.03046575342
"1819",0.800123945035034,0.003046575342,0.03046575342
"1820",0.798743700618876,0.003046575342,0.03046575342
"1821",0.80035054754865,0.003046575342,0.03046575342
"1822",0.800398949833823,0.003046575342,0.03046575342
"1823",0.801045277361739,0.003046575342,0.03046575342
"1824",0.8027969388374,0.003046575342,0.03046575342
"1825",0.801185663307741,0.003046575342,0.03046575342
"1826",0.800522587800813,0.003046575342,0.03046575342
"1827",0.800593978189538,0.003046575342,0.03046575342
"1828",0.799967268373852,0.003046575342,0.03046575342
"1829",0.801520066277468,0.003046575342,0.03046575342
"1830",0.800980504145213,0.003046575342,0.03046575342
"1831",0.800581840148417,0.003046575342,0.03046575342
"1832",0.799386945590523,0.003046575342,0.03046575342
"1833",0.800053011107821,0.003046575342,0.03046575342
"1834",0.802285082165798,0.003046575342,0.03046575342
"1835",0.801621928823741,0.003046575342,0.03046575342
"1836",0.798847172055317,0.003046575342,0.03046575342
"1837",0.801492565453823,0.003046575342,0.03046575342
"1838",0.801351230695358,0.003046575342,0.03046575342
"1839",0.800097418589438,0.003046575342,0.03046575342
"1840",0.801253994969238,0.003046575342,0.03046575342
"1841",0.79999895832385,0.003046575342,0.03046575342
"1842",0.799699721641884,0.003046575342,0.03046575342
"1843",0.799938570698959,0.003046575342,0.03046575342
"1844",0.802192381588755,0.003046575342,0.03046575342
"1845",0.801265602957763,0.003046575342,0.03046575342
"1846",0.801314046586541,0.003046575342,0.03046575342
"1847",0.80036268553061,0.003046575342,0.03046575342
"1848",0.801296686143632,0.003046575342,0.03046575342
"1849",0.801716586240576,0.003046575342,0.03046575342
"1850",0.801104224788211,0.003046575342,0.03046575342
"1851",0.801106659788696,0.003046575342,0.03046575342
"1852",0.799585569242863,0.003046575342,0.03046575342
"1853",0.801639368821166,0.003046575342,0.03046575342
"1854",0.800332279471439,0.003046575342,0.03046575342
"1855",0.800756141991775,0.003046575342,0.03046575342
"1856",0.801456222256192,0.003046575342,0.03046575342
"1857",0.800752997201016,0.003046575342,0.03046575342
"1858",0.799683996170631,0.003046575342,0.03046575342
"1859",0.800828259395805,0.003046575342,0.03046575342
"1860",0.801092845577077,0.003046575342,0.03046575342
"1861",0.801515666679744,0.003046575342,0.03046575342
"1862",0.803206819544279,0.003046575342,0.03046575342
"1863",0.800116055726664,0.003046575342,0.03046575342
"1864",0.801825341266877,0.003046575342,0.03046575342
"1865",0.801275917267838,0.003046575342,0.03046575342
"1866",0.798763612118538,0.003046575342,0.03046575342
"1867",0.800309498621939,0.003046575342,0.03046575342
"1868",0.799902645849058,0.003046575342,0.03046575342
"1869",0.800372530511636,0.003046575342,0.03046575342
"1870",0.80117075176546,0.003046575342,0.03046575342
"1871",0.800521134144683,0.003046575342,0.03046575342
"1872",0.801847397380784,0.003046575342,0.03046575342
"1873",0.802402140471678,0.003046575342,0.03046575342
"1874",0.800304150939392,0.003046575342,0.03046575342
"1875",0.799702200733153,0.003046575342,0.03046575342
"1876",0.801449257833004,0.003046575342,0.03046575342
"1877",0.799629151453707,0.003046575342,0.03046575342
"1878",0.801871783340604,0.003046575342,0.03046575342
"1879",0.800576007114362,0.003046575342,0.03046575342
"1880",0.800162584821437,0.003046575342,0.03046575342
"1881",0.800359757883736,0.003046575342,0.03046575342
"1882",0.800070609605479,0.003046575342,0.03046575342
"1883",0.801889411413283,0.003046575342,0.03046575342
"1884",0.801110425643714,0.003046575342,0.03046575342
"1885",0.800181571947442,0.003046575342,0.03046575342
"1886",0.801730941768244,0.003046575342,0.03046575342
"1887",0.800036538744574,0.003046575342,0.03046575342
"1888",0.800725802627742,0.003046575342,0.03046575342
"1889",0.80070922848003,0.003046575342,0.03046575342
"1890",0.801282707597698,0.003046575342,0.03046575342
"1891",0.801277561201169,0.003046575342,0.03046575342
"1892",0.801920134468108,0.003046575342,0.03046575342
"1893",0.801078682614104,0.003046575342,0.03046575342
"1894",0.803834488139588,0.003046575342,0.03046575342
"1895",0.801489471372183,0.003046575342,0.03046575342
"1896",0.798428221871108,0.003046575342,0.03046575342
"1897",0.801874710841969,0.003046575342,0.03046575342
"1898",0.800523946408921,0.003046575342,0.03046575342
"1899",0.80146090880554,0.003046575342,0.03046575342
"1900",0.801310795685975,0.003046575342,0.03046575342
"1901",0.801420566600698,0.003046575342,0.03046575342
"1902",0.800231817921615,0.003046575342,0.03046575342
"1903",0.80152655610406,0.003046575342,0.03046575342
"1904",0.801420353416948,0.003046575342,0.03046575342
"1905",0.801243882965522,0.003046575342,0.03046575342
"1906",0.801356625421472,0.003046575342,0.03046575342
"1907",0.800444946947746,0.003046575342,0.03046575342
"1908",0.801317158999213,0.003046575342,0.03046575342
"1909",0.79972967903972,0.003046575342,0.03046575342
"1910",0.800411450871147,0.003046575342,0.03046575342
"1911",0.800622691683823,0.003046575342,0.03046575342
"1912",0.801438056274371,0.003046575342,0.03046575342
"1913",0.802095682429974,0.003046575342,0.03046575342
"1914",0.800885623180488,0.003046575342,0.03046575342
"1915",0.799736740731201,0.003046575342,0.03046575342
"1916",0.80095994064356,0.003046575342,0.03046575342
"1917",0.801287128955036,0.003046575342,0.03046575342
"1918",0.801346163952137,0.003046575342,0.03046575342
"1919",0.799845450953531,0.003046575342,0.03046575342
"1920",0.799195257951105,0.003046575342,0.03046575342
"1921",0.801228596914496,0.003046575342,0.03046575342
"1922",0.802289875976454,0.003046575342,0.03046575342
"1923",0.800911155604824,0.003046575342,0.03046575342
"1924",0.802460219573864,0.003046575342,0.03046575342
"1925",0.801698678543701,0.003046575342,0.03046575342
"1926",0.801312157852424,0.003046575342,0.03046575342
"1927",0.800885309070934,0.003046575342,0.03046575342
"1928",0.800129680177494,0.003046575342,0.03046575342
"1929",0.801370877431067,0.003046575342,0.03046575342
"1930",0.800961675803119,0.003046575342,0.03046575342
"1931",0.800446041435785,0.003046575342,0.03046575342
"1932",0.801725073986347,0.003046575342,0.03046575342
"1933",0.801212964022882,0.003046575342,0.03046575342
"1934",0.802449963000609,0.003046575342,0.03046575342
"1935",0.799133986745087,0.003046575342,0.03046575342
"1936",0.800858229025891,0.003046575342,0.03046575342
"1937",0.801520289033721,0.003046575342,0.03046575342
"1938",0.802389014712924,0.003046575342,0.03046575342
"1939",0.801195030467264,0.003046575342,0.03046575342
"1940",0.801225804156035,0.003046575342,0.03046575342
"1941",0.797814177204731,0.003046575342,0.03046575342
"1942",0.800774792163175,0.003046575342,0.03046575342
"1943",0.801698744189123,0.003046575342,0.03046575342
"1944",0.800998600783076,0.003046575342,0.03046575342
"1945",0.801094251254304,0.003046575342,0.03046575342
"1946",0.8013640340082,0.003046575342,0.03046575342
"1947",0.800156912430587,0.003046575342,0.03046575342
"1948",0.798884442,0.003046575342,0.03046575342
"1949",0.800527785191124,0.003046575342,0.03046575342
"1950",0.800027213193351,0.003046575342,0.03046575342
"1951",0.801845096195551,0.003046575342,0.03046575342
"1952",0.7997573756182,0.003046575342,0.03046575342
"1953",0.800622872441417,0.003046575342,0.03046575342
"1954",0.800434135739674,0.003046575342,0.03046575342
"1955",0.800727334034147,0.003046575342,0.03046575342
"1956",0.801506989102429,0.003046575342,0.03046575342
"1957",0.80012658228356,0.003046575342,0.03046575342
"1958",0.800599014418779,0.003046575342,0.03046575342
"1959",0.799751188655262,0.003046575342,0.03046575342
"1960",0.800783189848135,0.003046575342,0.03046575342
"1961",0.800898481909445,0.003046575342,0.03046575342
"1962",0.801231907931327,0.003046575342,0.03046575342
"1963",0.800920668510361,0.003046575342,0.03046575342
"1964",0.79989648351559,0.003046575342,0.03046575342
"1965",0.799564565412577,0.003046575342,0.03046575342
"1966",0.800618008526445,0.003046575342,0.03046575342
"1967",0.800526741866307,0.003046575342,0.03046575342
"1968",0.802409237392515,0.003046575342,0.03046575342
"1969",0.803178931953053,0.003046575342,0.03046575342
"1970",0.801359586165926,0.003046575342,0.03046575342
"1971",0.799857080104141,0.003046575342,0.03046575342
"1972",0.801230208163018,0.003046575342,0.03046575342
"1973",0.800166816790552,0.003046575342,0.03046575342
"1974",0.800624704184923,0.003046575342,0.03046575342
"1975",0.801782899208695,0.003046575342,0.03046575342
"1976",0.800567825672251,0.003046575342,0.03046575342
"1977",0.80139764571728,0.003046575342,0.03046575342
"1978",0.80258320012066,0.003046575342,0.03046575342
"1979",0.802395823979136,0.003046575342,0.03046575342
"1980",0.801624831522045,0.003046575342,0.03046575342
"1981",0.80073037049815,0.003046575342,0.03046575342
"1982",0.799798196678457,0.003046575342,0.03046575342
"1983",0.800757963011051,0.003046575342,0.03046575342
"1984",0.798682235717261,0.003046575342,0.03046575342
"1985",0.800585346798317,0.003046575342,0.03046575342
"1986",0.801391170696917,0.003046575342,0.03046575342
"1987",0.799861308125867,0.003046575342,0.03046575342
"1988",0.801347642420203,0.003046575342,0.03046575342
"1989",0.800790334343654,0.003046575342,0.03046575342
"1990",0.801366313601607,0.003046575342,0.03046575342
"1991",0.800166183831924,0.003046575342,0.03046575342
"1992",0.801321492094454,0.003046575342,0.03046575342
"1993",0.800374774374251,0.003046575342,0.03046575342
"1994",0.80055828858287,0.003046575342,0.03046575342
"1995",0.801177268291543,0.003046575342,0.03046575342
"1996",0.801067180928663,0.003046575342,0.03046575342
"1997",0.801465263537716,0.003046575342,0.03046575342
"1998",0.80076416246667,0.003046575342,0.03046575342
"1999",0.800636527269958,0.003046575342,0.03046575342
"2000",0.799052288493363,0.003046575342,0.03046575342
"2001",0.79957210717265,0.003046575342,0.03046575342
"2002",0.834322000491937,0.004043835616,0.04043835616
"2003",0.832298008385625,0.004043835616,0.04043835616
"2004",0.834272375502359,0.004043835616,0.04043835616
"2005",0.832329698832963,0.004043835616,0.04043835616
"2006",0.832773175401936,0.004043835616,0.04043835616
"2007",0.83302141071762,0.004043835616,0.04043835616
"2008",0.833456516948898,0.004043835616,0.04043835616
"2009",0.831502720369912,0.004043835616,0.04043835616
"2010",0.833320364016044,0.004043835616,0.04043835616
"2011",0.831952839461865,0.004043835616,0.04043835616
"2012",0.831283868483158,0.004043835616,0.04043835616
"2013",0.833237076976242,0.004043835616,0.04043835616
"2014",0.833515206787124,0.004043835616,0.04043835616
"2015",0.83472531246698,0.004043835616,0.04043835616
"2016",0.83325794835654,0.004043835616,0.04043835616
"2017",0.833462785195304,0.004043835616,0.04043835616
"2018",0.833284958162685,0.004043835616,0.04043835616
"2019",0.833840973883134,0.004043835616,0.04043835616
"2020",0.833153655109502,0.004043835616,0.04043835616
"2021",0.834245568271416,0.004043835616,0.04043835616
"2022",0.832822048683544,0.004043835616,0.04043835616
"2023",0.834829613692711,0.004043835616,0.04043835616
"2024",0.834500944022028,0.004043835616,0.04043835616
"2025",0.832605126911252,0.004043835616,0.04043835616
"2026",0.831273337899675,0.004043835616,0.04043835616
"2027",0.831707003979245,0.004043835616,0.04043835616
"2028",0.832971236302941,0.004043835616,0.04043835616
"2029",0.83445728197357,0.004043835616,0.04043835616
"2030",0.833476405584188,0.004043835616,0.04043835616
"2031",0.831694009381182,0.004043835616,0.04043835616
"2032",0.833661960419812,0.004043835616,0.04043835616
"2033",0.832603046381366,0.004043835616,0.04043835616
"2034",0.833797855102685,0.004043835616,0.04043835616
"2035",0.832676718846268,0.004043835616,0.04043835616
"2036",0.833088655883251,0.004043835616,0.04043835616
"2037",0.833851340301779,0.004043835616,0.04043835616
"2038",0.833011400326169,0.004043835616,0.04043835616
"2039",0.834040571316439,0.004043835616,0.04043835616
"2040",0.831644974470441,0.004043835616,0.04043835616
"2041",0.832877160455133,0.004043835616,0.04043835616
"2042",0.832032001023074,0.004043835616,0.04043835616
"2043",0.83281231876702,0.004043835616,0.04043835616
"2044",0.833282304930836,0.004043835616,0.04043835616
"2045",0.832816786595801,0.004043835616,0.04043835616
"2046",0.833527413292753,0.004043835616,0.04043835616
"2047",0.834299580023708,0.004043835616,0.04043835616
"2048",0.832339007749021,0.004043835616,0.04043835616
"2049",0.832964037849183,0.004043835616,0.04043835616
"2050",0.832787012815245,0.004043835616,0.04043835616
"2051",0.833599616940004,0.004043835616,0.04043835616
"2052",0.834680210388732,0.004043835616,0.04043835616
"2053",0.832880473150879,0.004043835616,0.04043835616
"2054",0.835804611831501,0.004043835616,0.04043835616
"2055",0.833210189925835,0.004043835616,0.04043835616
"2056",0.833644658574076,0.004043835616,0.04043835616
"2057",0.834323432742174,0.004043835616,0.04043835616
"2058",0.834650931449927,0.004043835616,0.04043835616
"2059",0.833140523999042,0.004043835616,0.04043835616
"2060",0.834736558194294,0.004043835616,0.04043835616
"2061",0.834524970776672,0.004043835616,0.04043835616
"2062",0.832300407934874,0.004043835616,0.04043835616
"2063",0.833586916452862,0.004043835616,0.04043835616
"2064",0.833040282423883,0.004043835616,0.04043835616
"2065",0.833727811682314,0.004043835616,0.04043835616
"2066",0.833667950347692,0.004043835616,0.04043835616
"2067",0.832300763292226,0.004043835616,0.04043835616
"2068",0.834038038317206,0.004043835616,0.04043835616
"2069",0.834976486499755,0.004043835616,0.04043835616
"2070",0.832645547297502,0.004043835616,0.04043835616
"2071",0.833583027343133,0.004043835616,0.04043835616
"2072",0.833007646338379,0.004043835616,0.04043835616
"2073",0.832631542454863,0.004043835616,0.04043835616
"2074",0.832987866049433,0.004043835616,0.04043835616
"2075",0.832223705587206,0.004043835616,0.04043835616
"2076",0.83379672508692,0.004043835616,0.04043835616
"2077",0.833613787421355,0.004043835616,0.04043835616
"2078",0.83304989486347,0.004043835616,0.04043835616
"2079",0.832631516251681,0.004043835616,0.04043835616
"2080",0.833636105139627,0.004043835616,0.04043835616
"2081",0.833120791366662,0.004043835616,0.04043835616
"2082",0.83162389223939,0.004043835616,0.04043835616
"2083",0.833807209166659,0.004043835616,0.04043835616
"2084",0.832789041997178,0.004043835616,0.04043835616
"2085",0.833616026248461,0.004043835616,0.04043835616
"2086",0.835283202909696,0.004043835616,0.04043835616
"2087",0.833755280466892,0.004043835616,0.04043835616
"2088",0.833526812488911,0.004043835616,0.04043835616
"2089",0.83249108647312,0.004043835616,0.04043835616
"2090",0.833132093169906,0.004043835616,0.04043835616
"2091",0.834839766121769,0.004043835616,0.04043835616
"2092",0.833071382124801,0.004043835616,0.04043835616
"2093",0.832655984976267,0.004043835616,0.04043835616
"2094",0.833819540275673,0.004043835616,0.04043835616
"2095",0.834650956823913,0.004043835616,0.04043835616
"2096",0.833307386797637,0.004043835616,0.04043835616
"2097",0.832843596221752,0.004043835616,0.04043835616
"2098",0.833331465228092,0.004043835616,0.04043835616
"2099",0.83273489949795,0.004043835616,0.04043835616
"2100",0.835340093123508,0.004043835616,0.04043835616
"2101",0.832610917979729,0.004043835616,0.04043835616
"2102",0.833208264097967,0.004043835616,0.04043835616
"2103",0.834368772296519,0.004043835616,0.04043835616
"2104",0.833330733194321,0.004043835616,0.04043835616
"2105",0.833830470277669,0.004043835616,0.04043835616
"2106",0.832585224758017,0.004043835616,0.04043835616
"2107",0.832622817153525,0.004043835616,0.04043835616
"2108",0.833288066983635,0.004043835616,0.04043835616
"2109",0.832425245702544,0.004043835616,0.04043835616
"2110",0.831912990051138,0.004043835616,0.04043835616
"2111",0.833058176681796,0.004043835616,0.04043835616
"2112",0.833051807736166,0.004043835616,0.04043835616
"2113",0.833698125377569,0.004043835616,0.04043835616
"2114",0.834393878091027,0.004043835616,0.04043835616
"2115",0.831550824119394,0.004043835616,0.04043835616
"2116",0.833766604994216,0.004043835616,0.04043835616
"2117",0.833063354542241,0.004043835616,0.04043835616
"2118",0.833679980469263,0.004043835616,0.04043835616
"2119",0.833209041609686,0.004043835616,0.04043835616
"2120",0.833036927086313,0.004043835616,0.04043835616
"2121",0.83348917628792,0.004043835616,0.04043835616
"2122",0.833547571239511,0.004043835616,0.04043835616
"2123",0.833739674084744,0.004043835616,0.04043835616
"2124",0.832491424262277,0.004043835616,0.04043835616
"2125",0.834071092133164,0.004043835616,0.04043835616
"2126",0.83185366473781,0.004043835616,0.04043835616
"2127",0.832545499400718,0.004043835616,0.04043835616
"2128",0.83380733068237,0.004043835616,0.04043835616
"2129",0.833798079167036,0.004043835616,0.04043835616
"2130",0.832769375878291,0.004043835616,0.04043835616
"2131",0.832600489876777,0.004043835616,0.04043835616
"2132",0.832658266011025,0.004043835616,0.04043835616
"2133",0.832405885677958,0.004043835616,0.04043835616
"2134",0.834460994214985,0.004043835616,0.04043835616
"2135",0.83275948135923,0.004043835616,0.04043835616
"2136",0.832262979311542,0.004043835616,0.04043835616
"2137",0.833624003117905,0.004043835616,0.04043835616
"2138",0.832318493738268,0.004043835616,0.04043835616
"2139",0.833609004633502,0.004043835616,0.04043835616
"2140",0.833746656512048,0.004043835616,0.04043835616
"2141",0.832449997561486,0.004043835616,0.04043835616
"2142",0.833240373530908,0.004043835616,0.04043835616
"2143",0.833880467278999,0.004043835616,0.04043835616
"2144",0.83257503341792,0.004043835616,0.04043835616
"2145",0.832989482154512,0.004043835616,0.04043835616
"2146",0.833357712963959,0.004043835616,0.04043835616
"2147",0.834496754867396,0.004043835616,0.04043835616
"2148",0.833504731213897,0.004043835616,0.04043835616
"2149",0.83390903090136,0.004043835616,0.04043835616
"2150",0.834246679319274,0.004043835616,0.04043835616
"2151",0.832712233655503,0.004043835616,0.04043835616
"2152",0.83304010840334,0.004043835616,0.04043835616
"2153",0.833712840974555,0.004043835616,0.04043835616
"2154",0.834034732749801,0.004043835616,0.04043835616
"2155",0.83304078878165,0.004043835616,0.04043835616
"2156",0.83432273111477,0.004043835616,0.04043835616
"2157",0.833172483489305,0.004043835616,0.04043835616
"2158",0.832593078965896,0.004043835616,0.04043835616
"2159",0.833109881648503,0.004043835616,0.04043835616
"2160",0.833849416388825,0.004043835616,0.04043835616
"2161",0.833481491577723,0.004043835616,0.04043835616
"2162",0.833407260085056,0.004043835616,0.04043835616
"2163",0.833307801583974,0.004043835616,0.04043835616
"2164",0.833174972797217,0.004043835616,0.04043835616
"2165",0.83511701346638,0.004043835616,0.04043835616
"2166",0.834063114729565,0.004043835616,0.04043835616
"2167",0.83267791891958,0.004043835616,0.04043835616
"2168",0.833077483798508,0.004043835616,0.04043835616
"2169",0.832324587565582,0.004043835616,0.04043835616
"2170",0.833639908622733,0.004043835616,0.04043835616
"2171",0.832396104474725,0.004043835616,0.04043835616
"2172",0.832538561971749,0.004043835616,0.04043835616
"2173",0.831983964340567,0.004043835616,0.04043835616
"2174",0.832527926318468,0.004043835616,0.04043835616
"2175",0.834648368333083,0.004043835616,0.04043835616
"2176",0.833101481286757,0.004043835616,0.04043835616
"2177",0.833072832025949,0.004043835616,0.04043835616
"2178",0.833189676233518,0.004043835616,0.04043835616
"2179",0.833516439783321,0.004043835616,0.04043835616
"2180",0.83333097861387,0.004043835616,0.04043835616
"2181",0.832796403454605,0.004043835616,0.04043835616
"2182",0.832841163773523,0.004043835616,0.04043835616
"2183",0.831817570085018,0.004043835616,0.04043835616
"2184",0.834839514631133,0.004043835616,0.04043835616
"2185",0.833073624349979,0.004043835616,0.04043835616
"2186",0.832658488782238,0.004043835616,0.04043835616
"2187",0.832859072747054,0.004043835616,0.04043835616
"2188",0.832929773455458,0.004043835616,0.04043835616
"2189",0.831561374351473,0.004043835616,0.04043835616
"2190",0.832640279871376,0.004043835616,0.04043835616
"2191",0.834427019184507,0.004043835616,0.04043835616
"2192",0.834216124309516,0.004043835616,0.04043835616
"2193",0.833201625874186,0.004043835616,0.04043835616
"2194",0.832690891422637,0.004043835616,0.04043835616
"2195",0.831581770657798,0.004043835616,0.04043835616
"2196",0.833369305034503,0.004043835616,0.04043835616
"2197",0.833694768495638,0.004043835616,0.04043835616
"2198",0.834201427706138,0.004043835616,0.04043835616
"2199",0.832189766091188,0.004043835616,0.04043835616
"2200",0.833743250381612,0.004043835616,0.04043835616
"2201",0.833895098598776,0.004043835616,0.04043835616
"2202",0.8331376212937,0.004043835616,0.04043835616
"2203",0.832924551670954,0.004043835616,0.04043835616
"2204",0.833320813683758,0.004043835616,0.04043835616
"2205",0.832456969138259,0.004043835616,0.04043835616
"2206",0.831946384570073,0.004043835616,0.04043835616
"2207",0.832293048238143,0.004043835616,0.04043835616
"2208",0.833833101468455,0.004043835616,0.04043835616
"2209",0.835436060633575,0.004043835616,0.04043835616
"2210",0.831517243984047,0.004043835616,0.04043835616
"2211",0.832799534511363,0.004043835616,0.04043835616
"2212",0.832946487946922,0.004043835616,0.04043835616
"2213",0.83458617312143,0.004043835616,0.04043835616
"2214",0.833753466362387,0.004043835616,0.04043835616
"2215",0.834138980547955,0.004043835616,0.04043835616
"2216",0.831538561276247,0.004043835616,0.04043835616
"2217",0.83452049556433,0.004043835616,0.04043835616
"2218",0.833370025657125,0.004043835616,0.04043835616
"2219",0.834103653489974,0.004043835616,0.04043835616
"2220",0.833278974771198,0.004043835616,0.04043835616
"2221",0.833355209832105,0.004043835616,0.04043835616
"2222",0.834704664748275,0.004043835616,0.04043835616
"2223",0.834758079988362,0.004043835616,0.04043835616
"2224",0.833210067280455,0.004043835616,0.04043835616
"2225",0.833177272629807,0.004043835616,0.04043835616
"2226",0.833181998747234,0.004043835616,0.04043835616
"2227",0.832329400477619,0.004043835616,0.04043835616
"2228",0.833111649787458,0.004043835616,0.04043835616
"2229",0.833408545720163,0.004043835616,0.04043835616
"2230",0.8334376080718,0.004043835616,0.04043835616
"2231",0.833150671605844,0.004043835616,0.04043835616
"2232",0.833351122819734,0.004043835616,0.04043835616
"2233",0.832706974495779,0.004043835616,0.04043835616
"2234",0.833642849427766,0.004043835616,0.04043835616
"2235",0.833104913729488,0.004043835616,0.04043835616
"2236",0.833236692707114,0.004043835616,0.04043835616
"2237",0.832236525662669,0.004043835616,0.04043835616
"2238",0.83323220252919,0.004043835616,0.04043835616
"2239",0.832556401039772,0.004043835616,0.04043835616
"2240",0.833405743071932,0.004043835616,0.04043835616
"2241",0.832594117802364,0.004043835616,0.04043835616
"2242",0.832725473802484,0.004043835616,0.04043835616
"2243",0.833574176324948,0.004043835616,0.04043835616
"2244",0.832872003601591,0.004043835616,0.04043835616
"2245",0.833013930162003,0.004043835616,0.04043835616
"2246",0.834140576709814,0.004043835616,0.04043835616
"2247",0.832966457315522,0.004043835616,0.04043835616
"2248",0.834865431730366,0.004043835616,0.04043835616
"2249",0.83494325630377,0.004043835616,0.04043835616
"2250",0.833483247984333,0.004043835616,0.04043835616
"2251",0.832388295762039,0.004043835616,0.04043835616
"2252",0.833361347090249,0.004043835616,0.04043835616
"2253",0.833016196243689,0.004043835616,0.04043835616
"2254",0.835091967857762,0.004043835616,0.04043835616
"2255",0.833848009735163,0.004043835616,0.04043835616
"2256",0.831232839751859,0.004043835616,0.04043835616
"2257",0.832837193870661,0.004043835616,0.04043835616
"2258",0.834163355968365,0.004043835616,0.04043835616
"2259",0.832336037896201,0.004043835616,0.04043835616
"2260",0.83340689092616,0.004043835616,0.04043835616
"2261",0.831727886767949,0.004043835616,0.04043835616
"2262",0.834192616677842,0.004043835616,0.04043835616
"2263",0.832290821370704,0.004043835616,0.04043835616
"2264",0.833400799067408,0.004043835616,0.04043835616
"2265",0.834113637695105,0.004043835616,0.04043835616
"2266",0.832906985788849,0.004043835616,0.04043835616
"2267",0.834047377689853,0.004043835616,0.04043835616
"2268",0.83350254772062,0.004043835616,0.04043835616
"2269",0.833779799196344,0.004043835616,0.04043835616
"2270",0.833583854993774,0.004043835616,0.04043835616
"2271",0.832879324297284,0.004043835616,0.04043835616
"2272",0.832632586564169,0.004043835616,0.04043835616
"2273",0.834601536501593,0.004043835616,0.04043835616
"2274",0.834374174343504,0.004043835616,0.04043835616
"2275",0.833331798035857,0.004043835616,0.04043835616
"2276",0.833837365186594,0.004043835616,0.04043835616
"2277",0.83399670509572,0.004043835616,0.04043835616
"2278",0.832957483228338,0.004043835616,0.04043835616
"2279",0.833793845177623,0.004043835616,0.04043835616
"2280",0.832511395488067,0.004043835616,0.04043835616
"2281",0.832375703664355,0.004043835616,0.04043835616
"2282",0.832898220955114,0.004043835616,0.04043835616
"2283",0.833202810440728,0.004043835616,0.04043835616
"2284",0.832069465218761,0.004043835616,0.04043835616
"2285",0.833133899515436,0.004043835616,0.04043835616
"2286",0.833638022367837,0.004043835616,0.04043835616
"2287",0.832506010613791,0.004043835616,0.04043835616
"2288",0.83336564491227,0.004043835616,0.04043835616
"2289",0.834896049893566,0.004043835616,0.04043835616
"2290",0.834986508802318,0.004043835616,0.04043835616
"2291",0.833290214235492,0.004043835616,0.04043835616
"2292",0.835257359061651,0.004043835616,0.04043835616
"2293",0.833531260320247,0.004043835616,0.04043835616
"2294",0.832452339926002,0.004043835616,0.04043835616
"2295",0.833915754186463,0.004043835616,0.04043835616
"2296",0.832281198449455,0.004043835616,0.04043835616
"2297",0.835817582484422,0.004043835616,0.04043835616
"2298",0.831800672309055,0.004043835616,0.04043835616
"2299",0.833436072234985,0.004043835616,0.04043835616
"2300",0.83200556448641,0.004043835616,0.04043835616
"2301",0.834575536832333,0.004043835616,0.04043835616
"2302",0.834338740040414,0.004043835616,0.04043835616
"2303",0.833431927954898,0.004043835616,0.04043835616
"2304",0.833346769623257,0.004043835616,0.04043835616
"2305",0.833374625595269,0.004043835616,0.04043835616
"2306",0.833283042370457,0.004043835616,0.04043835616
"2307",0.83326356426962,0.004043835616,0.04043835616
"2308",0.833434596319793,0.004043835616,0.04043835616
"2309",0.833002957072775,0.004043835616,0.04043835616
"2310",0.834671346751557,0.004043835616,0.04043835616
"2311",0.831947940192448,0.004043835616,0.04043835616
"2312",0.832504607439207,0.004043835616,0.04043835616
"2313",0.833138199440946,0.004043835616,0.04043835616
"2314",0.832224163878328,0.004043835616,0.04043835616
"2315",0.833689278677766,0.004043835616,0.04043835616
"2316",0.83262203671287,0.004043835616,0.04043835616
"2317",0.832351044720077,0.004043835616,0.04043835616
"2318",0.833688629189691,0.004043835616,0.04043835616
"2319",0.8328591353056,0.004043835616,0.04043835616
"2320",0.834383575700176,0.004043835616,0.04043835616
"2321",0.833407492261129,0.004043835616,0.04043835616
"2322",0.834029872171026,0.004043835616,0.04043835616
"2323",0.834167948291355,0.004043835616,0.04043835616
"2324",0.832301263724269,0.004043835616,0.04043835616
"2325",0.832668345211511,0.004043835616,0.04043835616
"2326",0.833992763923328,0.004043835616,0.04043835616
"2327",0.832187259359611,0.004043835616,0.04043835616
"2328",0.834453431018551,0.004043835616,0.04043835616
"2329",0.832047748268042,0.004043835616,0.04043835616
"2330",0.833143976333075,0.004043835616,0.04043835616
"2331",0.833775050745649,0.004043835616,0.04043835616
"2332",0.834758064779848,0.004043835616,0.04043835616
"2333",0.833123257311177,0.004043835616,0.04043835616
"2334",0.832820988359416,0.004043835616,0.04043835616
"2335",0.832324540080269,0.004043835616,0.04043835616
"2336",0.834655321346838,0.004043835616,0.04043835616
"2337",0.833785921989471,0.004043835616,0.04043835616
"2338",0.832794118802353,0.004043835616,0.04043835616
"2339",0.832107320479364,0.004043835616,0.04043835616
"2340",0.83074934424766,0.004043835616,0.04043835616
"2341",0.835109450625248,0.004043835616,0.04043835616
"2342",0.833146279496394,0.004043835616,0.04043835616
"2343",0.831735042917074,0.004043835616,0.04043835616
"2344",0.832770470726138,0.004043835616,0.04043835616
"2345",0.832298734320118,0.004043835616,0.04043835616
"2346",0.835063886888223,0.004043835616,0.04043835616
"2347",0.83412276877827,0.004043835616,0.04043835616
"2348",0.833266826085646,0.004043835616,0.04043835616
"2349",0.833738542935449,0.004043835616,0.04043835616
"2350",0.833069808034275,0.004043835616,0.04043835616
"2351",0.833547256576049,0.004043835616,0.04043835616
"2352",0.832251041328,0.004043835616,0.04043835616
"2353",0.834677801230236,0.004043835616,0.04043835616
"2354",0.833536046593563,0.004043835616,0.04043835616
"2355",0.83202532673071,0.004043835616,0.04043835616
"2356",0.833125641310832,0.004043835616,0.04043835616
"2357",0.835241258256468,0.004043835616,0.04043835616
"2358",0.832861505952031,0.004043835616,0.04043835616
"2359",0.834102419741089,0.004043835616,0.04043835616
"2360",0.833370314286855,0.004043835616,0.04043835616
"2361",0.832247364210572,0.004043835616,0.04043835616
"2362",0.835351907080665,0.004043835616,0.04043835616
"2363",0.832255841817919,0.004043835616,0.04043835616
"2364",0.832171445791152,0.004043835616,0.04043835616
"2365",0.833672267538115,0.004043835616,0.04043835616
"2366",0.831317787071393,0.004043835616,0.04043835616
"2367",0.833629412360878,0.004043835616,0.04043835616
"2368",0.833737362548421,0.004043835616,0.04043835616
"2369",0.832592553210145,0.004043835616,0.04043835616
"2370",0.834851288385843,0.004043835616,0.04043835616
"2371",0.832989255305446,0.004043835616,0.04043835616
"2372",0.833856723021572,0.004043835616,0.04043835616
"2373",0.833243013365053,0.004043835616,0.04043835616
"2374",0.831822104457829,0.004043835616,0.04043835616
"2375",0.833879968502982,0.004043835616,0.04043835616
"2376",0.832320786797563,0.004043835616,0.04043835616
"2377",0.833183793824114,0.004043835616,0.04043835616
"2378",0.834338083127087,0.004043835616,0.04043835616
"2379",0.83400819373969,0.004043835616,0.04043835616
"2380",0.834437071300671,0.004043835616,0.04043835616
"2381",0.833692647263987,0.004043835616,0.04043835616
"2382",0.832182764511309,0.004043835616,0.04043835616
"2383",0.834501100263715,0.004043835616,0.04043835616
"2384",0.832228030846477,0.004043835616,0.04043835616
"2385",0.833981069519036,0.004043835616,0.04043835616
"2386",0.834965387010118,0.004043835616,0.04043835616
"2387",0.833184520897266,0.004043835616,0.04043835616
"2388",0.833325083576287,0.004043835616,0.04043835616
"2389",0.834928008213567,0.004043835616,0.04043835616
"2390",0.835231989037207,0.004043835616,0.04043835616
"2391",0.833648377860332,0.004043835616,0.04043835616
"2392",0.833085282076278,0.004043835616,0.04043835616
"2393",0.832932087861471,0.004043835616,0.04043835616
"2394",0.834958186969818,0.004043835616,0.04043835616
"2395",0.835294318866433,0.004043835616,0.04043835616
"2396",0.832926948582836,0.004043835616,0.04043835616
"2397",0.833158655019156,0.004043835616,0.04043835616
"2398",0.832948683733552,0.004043835616,0.04043835616
"2399",0.8335310332733,0.004043835616,0.04043835616
"2400",0.832810275738296,0.004043835616,0.04043835616
"2401",0.833046124378056,0.004043835616,0.04043835616
"2402",0.833656837907318,0.004043835616,0.04043835616
"2403",0.832826258028975,0.004043835616,0.04043835616
"2404",0.83238111738294,0.004043835616,0.04043835616
"2405",0.83449435253515,0.004043835616,0.04043835616
"2406",0.832484222121689,0.004043835616,0.04043835616
"2407",0.833656804121529,0.004043835616,0.04043835616
"2408",0.833042793341574,0.004043835616,0.04043835616
"2409",0.83540191377317,0.004043835616,0.04043835616
"2410",0.8335000173753,0.004043835616,0.04043835616
"2411",0.832724926515313,0.004043835616,0.04043835616
"2412",0.832185818806901,0.004043835616,0.04043835616
"2413",0.834251085064434,0.004043835616,0.04043835616
"2414",0.831927024759687,0.004043835616,0.04043835616
"2415",0.833721808278829,0.004043835616,0.04043835616
"2416",0.832571549177128,0.004043835616,0.04043835616
"2417",0.834944309656365,0.004043835616,0.04043835616
"2418",0.834015502774728,0.004043835616,0.04043835616
"2419",0.834360295771523,0.004043835616,0.04043835616
"2420",0.832981006736137,0.004043835616,0.04043835616
"2421",0.835071095818069,0.004043835616,0.04043835616
"2422",0.833110214291238,0.004043835616,0.04043835616
"2423",0.833276283333075,0.004043835616,0.04043835616
"2424",0.831980256833017,0.004043835616,0.04043835616
"2425",0.833754062882601,0.004043835616,0.04043835616
"2426",0.833061474159419,0.004043835616,0.04043835616
"2427",0.832992364489107,0.004043835616,0.04043835616
"2428",0.833230145693629,0.004043835616,0.04043835616
"2429",0.833048548947332,0.004043835616,0.04043835616
"2430",0.83272866368722,0.004043835616,0.04043835616
"2431",0.832917885113661,0.004043835616,0.04043835616
"2432",0.833031685083561,0.004043835616,0.04043835616
"2433",0.833618553106519,0.004043835616,0.04043835616
"2434",0.832911851293192,0.004043835616,0.04043835616
"2435",0.832463508267181,0.004043835616,0.04043835616
"2436",0.832185423205864,0.004043835616,0.04043835616
"2437",0.834738976627419,0.004043835616,0.04043835616
"2438",0.834956596744041,0.004043835616,0.04043835616
"2439",0.833393001664242,0.004043835616,0.04043835616
"2440",0.834657039617754,0.004043835616,0.04043835616
"2441",0.833677682505879,0.004043835616,0.04043835616
"2442",0.833312178293316,0.004043835616,0.04043835616
"2443",0.834278058000019,0.004043835616,0.04043835616
"2444",0.834204370101957,0.004043835616,0.04043835616
"2445",0.832700206821643,0.004043835616,0.04043835616
"2446",0.832108882424329,0.004043835616,0.04043835616
"2447",0.83405836866831,0.004043835616,0.04043835616
"2448",0.833934977053092,0.004043835616,0.04043835616
"2449",0.832728416553307,0.004043835616,0.04043835616
"2450",0.83311159391136,0.004043835616,0.04043835616
"2451",0.832248339297199,0.004043835616,0.04043835616
"2452",0.833657949346238,0.004043835616,0.04043835616
"2453",0.833345613613332,0.004043835616,0.04043835616
"2454",0.833332038926226,0.004043835616,0.04043835616
"2455",0.833500572655511,0.004043835616,0.04043835616
"2456",0.833709558536801,0.004043835616,0.04043835616
"2457",0.833608143011562,0.004043835616,0.04043835616
"2458",0.833071091956072,0.004043835616,0.04043835616
"2459",0.83280925072941,0.004043835616,0.04043835616
"2460",0.832809010947329,0.004043835616,0.04043835616
"2461",0.83367686515806,0.004043835616,0.04043835616
"2462",0.833743276766011,0.004043835616,0.04043835616
"2463",0.830216448533169,0.004043835616,0.04043835616
"2464",0.833261775965153,0.004043835616,0.04043835616
"2465",0.832946019648872,0.004043835616,0.04043835616
"2466",0.832084182218215,0.004043835616,0.04043835616
"2467",0.835208378761107,0.004043835616,0.04043835616
"2468",0.83350291704257,0.004043835616,0.04043835616
"2469",0.832073425498146,0.004043835616,0.04043835616
"2470",0.833535309313306,0.004043835616,0.04043835616
"2471",0.833356480705814,0.004043835616,0.04043835616
"2472",0.834083531696253,0.004043835616,0.04043835616
"2473",0.833745931615619,0.004043835616,0.04043835616
"2474",0.834139105994693,0.004043835616,0.04043835616
"2475",0.834019367189682,0.004043835616,0.04043835616
"2476",0.833308086820784,0.004043835616,0.04043835616
"2477",0.832531976001765,0.004043835616,0.04043835616
"2478",0.834070599498242,0.004043835616,0.04043835616
"2479",0.834403181404795,0.004043835616,0.04043835616
"2480",0.834345694088883,0.004043835616,0.04043835616
"2481",0.832253428461297,0.004043835616,0.04043835616
"2482",0.834448113461901,0.004043835616,0.04043835616
"2483",0.832060211456437,0.004043835616,0.04043835616
"2484",0.832694225092763,0.004043835616,0.04043835616
"2485",0.833123138522416,0.004043835616,0.04043835616
"2486",0.83260845403164,0.004043835616,0.04043835616
"2487",0.832246724873399,0.004043835616,0.04043835616
"2488",0.834400187168958,0.004043835616,0.04043835616
"2489",0.832973401316255,0.004043835616,0.04043835616
"2490",0.832984839867113,0.004043835616,0.04043835616
"2491",0.836088783268262,0.004043835616,0.04043835616
"2492",0.834294379947278,0.004043835616,0.04043835616
"2493",0.833940069586622,0.004043835616,0.04043835616
"2494",0.832320489493861,0.004043835616,0.04043835616
"2495",0.832091114280689,0.004043835616,0.04043835616
"2496",0.832518823538082,0.004043835616,0.04043835616
"2497",0.832007423897114,0.004043835616,0.04043835616
"2498",0.833067272615007,0.004043835616,0.04043835616
"2499",0.833930256053972,0.004043835616,0.04043835616
"2500",0.833927283832833,0.004043835616,0.04043835616
"2501",0.833424694194362,0.004043835616,0.04043835616
"2502",0.855399759310366,0.00504109589,0.0504109589
"2503",0.855653651454803,0.00504109589,0.0504109589
"2504",0.857135663957248,0.00504109589,0.0504109589
"2505",0.857952404616914,0.00504109589,0.0504109589
"2506",0.854393044667225,0.00504109589,0.0504109589
"2507",0.857351428085335,0.00504109589,0.0504109589
"2508",0.855946407786191,0.00504109589,0.0504109589
"2509",0.85522819634774,0.00504109589,0.0504109589
"2510",0.857103417297843,0.00504109589,0.0504109589
"2511",0.857221929549297,0.00504109589,0.0504109589
"2512",0.857434853977244,0.00504109589,0.0504109589
"2513",0.856810904458037,0.00504109589,0.0504109589
"2514",0.856884846623805,0.00504109589,0.0504109589
"2515",0.855725850250767,0.00504109589,0.0504109589
"2516",0.857811897703377,0.00504109589,0.0504109589
"2517",0.856392546890532,0.00504109589,0.0504109589
"2518",0.857854648912529,0.00504109589,0.0504109589
"2519",0.856925237376286,0.00504109589,0.0504109589
"2520",0.856812985191214,0.00504109589,0.0504109589
"2521",0.857161147434634,0.00504109589,0.0504109589
"2522",0.857299777601594,0.00504109589,0.0504109589
"2523",0.855291650593588,0.00504109589,0.0504109589
"2524",0.856808270347612,0.00504109589,0.0504109589
"2525",0.858178876473797,0.00504109589,0.0504109589
"2526",0.857158061422477,0.00504109589,0.0504109589
"2527",0.857818250491833,0.00504109589,0.0504109589
"2528",0.857793549859708,0.00504109589,0.0504109589
"2529",0.856243676113603,0.00504109589,0.0504109589
"2530",0.856533895160017,0.00504109589,0.0504109589
"2531",0.857539751511328,0.00504109589,0.0504109589
"2532",0.855519015936793,0.00504109589,0.0504109589
"2533",0.856768110167284,0.00504109589,0.0504109589
"2534",0.85763526750598,0.00504109589,0.0504109589
"2535",0.857445854135136,0.00504109589,0.0504109589
"2536",0.856616799726542,0.00504109589,0.0504109589
"2537",0.854557013037845,0.00504109589,0.0504109589
"2538",0.857559673671741,0.00504109589,0.0504109589
"2539",0.857378660909835,0.00504109589,0.0504109589
"2540",0.856068554841924,0.00504109589,0.0504109589
"2541",0.857031795109738,0.00504109589,0.0504109589
"2542",0.857802923908873,0.00504109589,0.0504109589
"2543",0.857134991521299,0.00504109589,0.0504109589
"2544",0.857133421720386,0.00504109589,0.0504109589
"2545",0.856462405688667,0.00504109589,0.0504109589
"2546",0.857587974653181,0.00504109589,0.0504109589
"2547",0.855684583704514,0.00504109589,0.0504109589
"2548",0.856358396555667,0.00504109589,0.0504109589
"2549",0.857404217642223,0.00504109589,0.0504109589
"2550",0.856521411564342,0.00504109589,0.0504109589
"2551",0.856777020108597,0.00504109589,0.0504109589
"2552",0.856790015091087,0.00504109589,0.0504109589
"2553",0.857081770689477,0.00504109589,0.0504109589
"2554",0.856791171219371,0.00504109589,0.0504109589
"2555",0.856789523428735,0.00504109589,0.0504109589
"2556",0.856080204135367,0.00504109589,0.0504109589
"2557",0.857695011814894,0.00504109589,0.0504109589
"2558",0.856426991750521,0.00504109589,0.0504109589
"2559",0.857387262356985,0.00504109589,0.0504109589
"2560",0.858361484924972,0.00504109589,0.0504109589
"2561",0.857591803557352,0.00504109589,0.0504109589
"2562",0.857478653398452,0.00504109589,0.0504109589
"2563",0.857047577071068,0.00504109589,0.0504109589
"2564",0.855862553235288,0.00504109589,0.0504109589
"2565",0.856099275277898,0.00504109589,0.0504109589
"2566",0.856121178694598,0.00504109589,0.0504109589
"2567",0.856081194021712,0.00504109589,0.0504109589
"2568",0.855794666672004,0.00504109589,0.0504109589
"2569",0.857408145850742,0.00504109589,0.0504109589
"2570",0.857218493667677,0.00504109589,0.0504109589
"2571",0.856593197200666,0.00504109589,0.0504109589
"2572",0.856097128317481,0.00504109589,0.0504109589
"2573",0.856780834429678,0.00504109589,0.0504109589
"2574",0.856833557655136,0.00504109589,0.0504109589
"2575",0.856332802570736,0.00504109589,0.0504109589
"2576",0.856198161390841,0.00504109589,0.0504109589
"2577",0.857413542440255,0.00504109589,0.0504109589
"2578",0.858112999105125,0.00504109589,0.0504109589
"2579",0.857176885285622,0.00504109589,0.0504109589
"2580",0.856153986866818,0.00504109589,0.0504109589
"2581",0.857088278502448,0.00504109589,0.0504109589
"2582",0.856462082868336,0.00504109589,0.0504109589
"2583",0.856539579266279,0.00504109589,0.0504109589
"2584",0.856161038091239,0.00504109589,0.0504109589
"2585",0.856189386719626,0.00504109589,0.0504109589
"2586",0.856358555130697,0.00504109589,0.0504109589
"2587",0.856188255842157,0.00504109589,0.0504109589
"2588",0.856622040879196,0.00504109589,0.0504109589
"2589",0.856717266604118,0.00504109589,0.0504109589
"2590",0.857675534723707,0.00504109589,0.0504109589
"2591",0.857626701423158,0.00504109589,0.0504109589
"2592",0.857413677751084,0.00504109589,0.0504109589
"2593",0.856890420006661,0.00504109589,0.0504109589
"2594",0.855229663787012,0.00504109589,0.0504109589
"2595",0.856391130966239,0.00504109589,0.0504109589
"2596",0.857058008087587,0.00504109589,0.0504109589
"2597",0.855842835849967,0.00504109589,0.0504109589
"2598",0.856717509560268,0.00504109589,0.0504109589
"2599",0.858345676296486,0.00504109589,0.0504109589
"2600",0.857344820947887,0.00504109589,0.0504109589
"2601",0.857419870295802,0.00504109589,0.0504109589
"2602",0.857053925002587,0.00504109589,0.0504109589
"2603",0.857633481961801,0.00504109589,0.0504109589
"2604",0.856923624485408,0.00504109589,0.0504109589
"2605",0.856890113764172,0.00504109589,0.0504109589
"2606",0.85615644271192,0.00504109589,0.0504109589
"2607",0.856601227275292,0.00504109589,0.0504109589
"2608",0.857613836850177,0.00504109589,0.0504109589
"2609",0.857114365588327,0.00504109589,0.0504109589
"2610",0.856143115924358,0.00504109589,0.0504109589
"2611",0.856683727923997,0.00504109589,0.0504109589
"2612",0.856814496983659,0.00504109589,0.0504109589
"2613",0.857593666419005,0.00504109589,0.0504109589
"2614",0.857563654469866,0.00504109589,0.0504109589
"2615",0.857159922531395,0.00504109589,0.0504109589
"2616",0.855539152360824,0.00504109589,0.0504109589
"2617",0.85751671320576,0.00504109589,0.0504109589
"2618",0.856180338441078,0.00504109589,0.0504109589
"2619",0.856031646515291,0.00504109589,0.0504109589
"2620",0.857208977491724,0.00504109589,0.0504109589
"2621",0.856989557419886,0.00504109589,0.0504109589
"2622",0.857637211793819,0.00504109589,0.0504109589
"2623",0.857304759015131,0.00504109589,0.0504109589
"2624",0.856967696200194,0.00504109589,0.0504109589
"2625",0.857823429109668,0.00504109589,0.0504109589
"2626",0.856688420621978,0.00504109589,0.0504109589
"2627",0.856033935784449,0.00504109589,0.0504109589
"2628",0.855477621695872,0.00504109589,0.0504109589
"2629",0.855234705940136,0.00504109589,0.0504109589
"2630",0.857270829198524,0.00504109589,0.0504109589
"2631",0.856123922139719,0.00504109589,0.0504109589
"2632",0.856558832561821,0.00504109589,0.0504109589
"2633",0.856577249568473,0.00504109589,0.0504109589
"2634",0.85674425035816,0.00504109589,0.0504109589
"2635",0.85673237831734,0.00504109589,0.0504109589
"2636",0.856047283871934,0.00504109589,0.0504109589
"2637",0.856196440176862,0.00504109589,0.0504109589
"2638",0.855781611023794,0.00504109589,0.0504109589
"2639",0.857452771352254,0.00504109589,0.0504109589
"2640",0.857257695405873,0.00504109589,0.0504109589
"2641",0.857332211431571,0.00504109589,0.0504109589
"2642",0.856001894263961,0.00504109589,0.0504109589
"2643",0.856390051879436,0.00504109589,0.0504109589
"2644",0.856454565385851,0.00504109589,0.0504109589
"2645",0.857208353092213,0.00504109589,0.0504109589
"2646",0.856167349779441,0.00504109589,0.0504109589
"2647",0.856616244650928,0.00504109589,0.0504109589
"2648",0.855010639318113,0.00504109589,0.0504109589
"2649",0.856234781766159,0.00504109589,0.0504109589
"2650",0.857760955889288,0.00504109589,0.0504109589
"2651",0.857625443516447,0.00504109589,0.0504109589
"2652",0.855016226197726,0.00504109589,0.0504109589
"2653",0.855395886527588,0.00504109589,0.0504109589
"2654",0.855478525770333,0.00504109589,0.0504109589
"2655",0.856713190545161,0.00504109589,0.0504109589
"2656",0.855725000455362,0.00504109589,0.0504109589
"2657",0.856466154205067,0.00504109589,0.0504109589
"2658",0.857555289298122,0.00504109589,0.0504109589
"2659",0.856131223283502,0.00504109589,0.0504109589
"2660",0.857005333017278,0.00504109589,0.0504109589
"2661",0.856192482734357,0.00504109589,0.0504109589
"2662",0.856772838206647,0.00504109589,0.0504109589
"2663",0.856442000369615,0.00504109589,0.0504109589
"2664",0.857284444075179,0.00504109589,0.0504109589
"2665",0.856845719318262,0.00504109589,0.0504109589
"2666",0.855858684547247,0.00504109589,0.0504109589
"2667",0.855615373096598,0.00504109589,0.0504109589
"2668",0.857398421940206,0.00504109589,0.0504109589
"2669",0.858220226889266,0.00504109589,0.0504109589
"2670",0.856457443277956,0.00504109589,0.0504109589
"2671",0.856989639167165,0.00504109589,0.0504109589
"2672",0.855710215987012,0.00504109589,0.0504109589
"2673",0.85573250801627,0.00504109589,0.0504109589
"2674",0.856287185843025,0.00504109589,0.0504109589
"2675",0.857356759917662,0.00504109589,0.0504109589
"2676",0.856008016220803,0.00504109589,0.0504109589
"2677",0.856898406141255,0.00504109589,0.0504109589
"2678",0.856112050387762,0.00504109589,0.0504109589
"2679",0.855697521207717,0.00504109589,0.0504109589
"2680",0.855282727726455,0.00504109589,0.0504109589
"2681",0.856671370197135,0.00504109589,0.0504109589
"2682",0.857515471176231,0.00504109589,0.0504109589
"2683",0.8565640972599,0.00504109589,0.0504109589
"2684",0.856728571378339,0.00504109589,0.0504109589
"2685",0.857793299076206,0.00504109589,0.0504109589
"2686",0.856963485194516,0.00504109589,0.0504109589
"2687",0.857095276268029,0.00504109589,0.0504109589
"2688",0.85783969073808,0.00504109589,0.0504109589
"2689",0.856950696166115,0.00504109589,0.0504109589
"2690",0.857738165671099,0.00504109589,0.0504109589
"2691",0.856675117115714,0.00504109589,0.0504109589
"2692",0.857576379916317,0.00504109589,0.0504109589
"2693",0.856202333018165,0.00504109589,0.0504109589
"2694",0.857002744905906,0.00504109589,0.0504109589
"2695",0.858251662753961,0.00504109589,0.0504109589
"2696",0.855995115651683,0.00504109589,0.0504109589
"2697",0.857096207888796,0.00504109589,0.0504109589
"2698",0.855911525491118,0.00504109589,0.0504109589
"2699",0.855793095393411,0.00504109589,0.0504109589
"2700",0.857017900850484,0.00504109589,0.0504109589
"2701",0.856096838562692,0.00504109589,0.0504109589
"2702",0.85612449390177,0.00504109589,0.0504109589
"2703",0.855516499897085,0.00504109589,0.0504109589
"2704",0.855640945073446,0.00504109589,0.0504109589
"2705",0.857475090929487,0.00504109589,0.0504109589
"2706",0.856700439847267,0.00504109589,0.0504109589
"2707",0.85723165746942,0.00504109589,0.0504109589
"2708",0.856226934000814,0.00504109589,0.0504109589
"2709",0.856961472789481,0.00504109589,0.0504109589
"2710",0.856124652171372,0.00504109589,0.0504109589
"2711",0.856405451716334,0.00504109589,0.0504109589
"2712",0.85674515016185,0.00504109589,0.0504109589
"2713",0.85730910613945,0.00504109589,0.0504109589
"2714",0.856583595693526,0.00504109589,0.0504109589
"2715",0.857456869321592,0.00504109589,0.0504109589
"2716",0.857071305881673,0.00504109589,0.0504109589
"2717",0.857439365063347,0.00504109589,0.0504109589
"2718",0.856416790587876,0.00504109589,0.0504109589
"2719",0.85685140327273,0.00504109589,0.0504109589
"2720",0.856606374377645,0.00504109589,0.0504109589
"2721",0.856579880902388,0.00504109589,0.0504109589
"2722",0.856800696159695,0.00504109589,0.0504109589
"2723",0.855693300028883,0.00504109589,0.0504109589
"2724",0.856571378115303,0.00504109589,0.0504109589
"2725",0.85715701137634,0.00504109589,0.0504109589
"2726",0.856216752620189,0.00504109589,0.0504109589
"2727",0.858938427244165,0.00504109589,0.0504109589
"2728",0.856163326274932,0.00504109589,0.0504109589
"2729",0.855864927349463,0.00504109589,0.0504109589
"2730",0.856145374913655,0.00504109589,0.0504109589
"2731",0.857747958016552,0.00504109589,0.0504109589
"2732",0.856729601498942,0.00504109589,0.0504109589
"2733",0.854748730898522,0.00504109589,0.0504109589
"2734",0.857391672953423,0.00504109589,0.0504109589
"2735",0.857187673963851,0.00504109589,0.0504109589
"2736",0.857317336102196,0.00504109589,0.0504109589
"2737",0.856987183327242,0.00504109589,0.0504109589
"2738",0.857480573580051,0.00504109589,0.0504109589
"2739",0.85650701562177,0.00504109589,0.0504109589
"2740",0.85559378034544,0.00504109589,0.0504109589
"2741",0.856053467756674,0.00504109589,0.0504109589
"2742",0.856159703978165,0.00504109589,0.0504109589
"2743",0.856139804551106,0.00504109589,0.0504109589
"2744",0.856443944956147,0.00504109589,0.0504109589
"2745",0.855933807740332,0.00504109589,0.0504109589
"2746",0.85649496349852,0.00504109589,0.0504109589
"2747",0.856898032305157,0.00504109589,0.0504109589
"2748",0.856165801481471,0.00504109589,0.0504109589
"2749",0.858097017503182,0.00504109589,0.0504109589
"2750",0.85633463443884,0.00504109589,0.0504109589
"2751",0.854582143522619,0.00504109589,0.0504109589
"2752",0.856970031844482,0.00504109589,0.0504109589
"2753",0.857479288402973,0.00504109589,0.0504109589
"2754",0.856537560848985,0.00504109589,0.0504109589
"2755",0.856776634760053,0.00504109589,0.0504109589
"2756",0.856153227430479,0.00504109589,0.0504109589
"2757",0.856347095424323,0.00504109589,0.0504109589
"2758",0.857984212567055,0.00504109589,0.0504109589
"2759",0.856470744491634,0.00504109589,0.0504109589
"2760",0.857249626515665,0.00504109589,0.0504109589
"2761",0.85573944543083,0.00504109589,0.0504109589
"2762",0.856451342675184,0.00504109589,0.0504109589
"2763",0.856804492292434,0.00504109589,0.0504109589
"2764",0.857000062246056,0.00504109589,0.0504109589
"2765",0.857048560286352,0.00504109589,0.0504109589
"2766",0.856069726295589,0.00504109589,0.0504109589
"2767",0.856490157648048,0.00504109589,0.0504109589
"2768",0.857120184848552,0.00504109589,0.0504109589
"2769",0.856774620042544,0.00504109589,0.0504109589
"2770",0.855560609757872,0.00504109589,0.0504109589
"2771",0.857241576163884,0.00504109589,0.0504109589
"2772",0.855809701580654,0.00504109589,0.0504109589
"2773",0.856968868057651,0.00504109589,0.0504109589
"2774",0.858124480146935,0.00504109589,0.0504109589
"2775",0.856060232703421,0.00504109589,0.0504109589
"2776",0.854696141970708,0.00504109589,0.0504109589
"2777",0.855754254299892,0.00504109589,0.0504109589
"2778",0.855727750487802,0.00504109589,0.0504109589
"2779",0.857093729670334,0.00504109589,0.0504109589
"2780",0.856166261263282,0.00504109589,0.0504109589
"2781",0.85567108294588,0.00504109589,0.0504109589
"2782",0.856274094671891,0.00504109589,0.0504109589
"2783",0.856271058340144,0.00504109589,0.0504109589
"2784",0.857558868999604,0.00504109589,0.0504109589
"2785",0.855948133577483,0.00504109589,0.0504109589
"2786",0.858126030396856,0.00504109589,0.0504109589
"2787",0.855217885782137,0.00504109589,0.0504109589
"2788",0.857157131474515,0.00504109589,0.0504109589
"2789",0.855737326152897,0.00504109589,0.0504109589
"2790",0.85567485023769,0.00504109589,0.0504109589
"2791",0.856693107368439,0.00504109589,0.0504109589
"2792",0.85601971883751,0.00504109589,0.0504109589
"2793",0.857014563189562,0.00504109589,0.0504109589
"2794",0.856712192177516,0.00504109589,0.0504109589
"2795",0.856142689765636,0.00504109589,0.0504109589
"2796",0.855223094671806,0.00504109589,0.0504109589
"2797",0.856408615645195,0.00504109589,0.0504109589
"2798",0.857022672189494,0.00504109589,0.0504109589
"2799",0.85762138850035,0.00504109589,0.0504109589
"2800",0.857275551239313,0.00504109589,0.0504109589
"2801",0.856818348960664,0.00504109589,0.0504109589
"2802",0.857199032129791,0.00504109589,0.0504109589
"2803",0.855722642010053,0.00504109589,0.0504109589
"2804",0.856361102113786,0.00504109589,0.0504109589
"2805",0.85680140067932,0.00504109589,0.0504109589
"2806",0.857710400006387,0.00504109589,0.0504109589
"2807",0.857414581749508,0.00504109589,0.0504109589
"2808",0.857247101038074,0.00504109589,0.0504109589
"2809",0.856768807546416,0.00504109589,0.0504109589
"2810",0.858175496763381,0.00504109589,0.0504109589
"2811",0.855815146303657,0.00504109589,0.0504109589
"2812",0.85631957221353,0.00504109589,0.0504109589
"2813",0.855967917808193,0.00504109589,0.0504109589
"2814",0.857665174585728,0.00504109589,0.0504109589
"2815",0.856951547617152,0.00504109589,0.0504109589
"2816",0.85527450484627,0.00504109589,0.0504109589
"2817",0.856472604568546,0.00504109589,0.0504109589
"2818",0.856561044812177,0.00504109589,0.0504109589
"2819",0.857106967736196,0.00504109589,0.0504109589
"2820",0.856470253447324,0.00504109589,0.0504109589
"2821",0.857507839468191,0.00504109589,0.0504109589
"2822",0.856902226246997,0.00504109589,0.0504109589
"2823",0.857295776029175,0.00504109589,0.0504109589
"2824",0.857308775900638,0.00504109589,0.0504109589
"2825",0.855925218381749,0.00504109589,0.0504109589
"2826",0.855413834035365,0.00504109589,0.0504109589
"2827",0.856471179939294,0.00504109589,0.0504109589
"2828",0.856139325915656,0.00504109589,0.0504109589
"2829",0.857164861714526,0.00504109589,0.0504109589
"2830",0.856118950487609,0.00504109589,0.0504109589
"2831",0.856586313861201,0.00504109589,0.0504109589
"2832",0.856770809562271,0.00504109589,0.0504109589
"2833",0.856258841035412,0.00504109589,0.0504109589
"2834",0.857184452405016,0.00504109589,0.0504109589
"2835",0.857655103274833,0.00504109589,0.0504109589
"2836",0.857388199263438,0.00504109589,0.0504109589
"2837",0.85722026727414,0.00504109589,0.0504109589
"2838",0.857064070149067,0.00504109589,0.0504109589
"2839",0.855654870370427,0.00504109589,0.0504109589
"2840",0.856759135280037,0.00504109589,0.0504109589
"2841",0.856432328814231,0.00504109589,0.0504109589
"2842",0.855975998225684,0.00504109589,0.0504109589
"2843",0.857047329269694,0.00504109589,0.0504109589
"2844",0.856140118907678,0.00504109589,0.0504109589
"2845",0.855679880458884,0.00504109589,0.0504109589
"2846",0.856295785825113,0.00504109589,0.0504109589
"2847",0.855677966187335,0.00504109589,0.0504109589
"2848",0.856751489450521,0.00504109589,0.0504109589
"2849",0.856682367229424,0.00504109589,0.0504109589
"2850",0.857728430659736,0.00504109589,0.0504109589
"2851",0.857181766100507,0.00504109589,0.0504109589
"2852",0.85672458454437,0.00504109589,0.0504109589
"2853",0.85727505359408,0.00504109589,0.0504109589
"2854",0.856367199884035,0.00504109589,0.0504109589
"2855",0.857115486497308,0.00504109589,0.0504109589
"2856",0.856966698133184,0.00504109589,0.0504109589
"2857",0.857241265087979,0.00504109589,0.0504109589
"2858",0.856934595078872,0.00504109589,0.0504109589
"2859",0.857129814298187,0.00504109589,0.0504109589
"2860",0.856409499478198,0.00504109589,0.0504109589
"2861",0.855823976223199,0.00504109589,0.0504109589
"2862",0.856507100337603,0.00504109589,0.0504109589
"2863",0.856148656974508,0.00504109589,0.0504109589
"2864",0.857146047641574,0.00504109589,0.0504109589
"2865",0.856589500362977,0.00504109589,0.0504109589
"2866",0.855505746313669,0.00504109589,0.0504109589
"2867",0.857519810547238,0.00504109589,0.0504109589
"2868",0.857507834013561,0.00504109589,0.0504109589
"2869",0.857098652013546,0.00504109589,0.0504109589
"2870",0.856582542676969,0.00504109589,0.0504109589
"2871",0.856801802922389,0.00504109589,0.0504109589
"2872",0.856880835077053,0.00504109589,0.0504109589
"2873",0.8568313003378,0.00504109589,0.0504109589
"2874",0.856701392875708,0.00504109589,0.0504109589
"2875",0.856338279697297,0.00504109589,0.0504109589
"2876",0.856838429011401,0.00504109589,0.0504109589
"2877",0.857679020442599,0.00504109589,0.0504109589
"2878",0.856039450722138,0.00504109589,0.0504109589
"2879",0.857363539053704,0.00504109589,0.0504109589
"2880",0.858919249725743,0.00504109589,0.0504109589
"2881",0.856461242840463,0.00504109589,0.0504109589
"2882",0.856831991018243,0.00504109589,0.0504109589
"2883",0.855445200209361,0.00504109589,0.0504109589
"2884",0.856039054786628,0.00504109589,0.0504109589
"2885",0.856773351425616,0.00504109589,0.0504109589
"2886",0.857417812512963,0.00504109589,0.0504109589
"2887",0.856966008417979,0.00504109589,0.0504109589
"2888",0.855763887633729,0.00504109589,0.0504109589
"2889",0.85681839873608,0.00504109589,0.0504109589
"2890",0.856977156592547,0.00504109589,0.0504109589
"2891",0.857200019670336,0.00504109589,0.0504109589
"2892",0.856601472596691,0.00504109589,0.0504109589
"2893",0.855179451719687,0.00504109589,0.0504109589
"2894",0.858620132023984,0.00504109589,0.0504109589
"2895",0.856488648060802,0.00504109589,0.0504109589
"2896",0.855562741961798,0.00504109589,0.0504109589
"2897",0.857192037553779,0.00504109589,0.0504109589
"2898",0.856565990526284,0.00504109589,0.0504109589
"2899",0.857585191576011,0.00504109589,0.0504109589
"2900",0.856851694268321,0.00504109589,0.0504109589
"2901",0.85706349290656,0.00504109589,0.0504109589
"2902",0.855103480598343,0.00504109589,0.0504109589
"2903",0.857412589893464,0.00504109589,0.0504109589
"2904",0.85704191295063,0.00504109589,0.0504109589
"2905",0.857422041002455,0.00504109589,0.0504109589
"2906",0.856838435881849,0.00504109589,0.0504109589
"2907",0.856756931652047,0.00504109589,0.0504109589
"2908",0.85640773805269,0.00504109589,0.0504109589
"2909",0.857162309911704,0.00504109589,0.0504109589
"2910",0.857269612978195,0.00504109589,0.0504109589
"2911",0.855872389341444,0.00504109589,0.0504109589
"2912",0.857130827811567,0.00504109589,0.0504109589
"2913",0.85646874895484,0.00504109589,0.0504109589
"2914",0.856753787939154,0.00504109589,0.0504109589
"2915",0.858063001713975,0.00504109589,0.0504109589
"2916",0.856888019481057,0.00504109589,0.0504109589
"2917",0.85647904390649,0.00504109589,0.0504109589
"2918",0.856150229917924,0.00504109589,0.0504109589
"2919",0.856544431317357,0.00504109589,0.0504109589
"2920",0.857319821532841,0.00504109589,0.0504109589
"2921",0.857510730582754,0.00504109589,0.0504109589
"2922",0.855255527061431,0.00504109589,0.0504109589
"2923",0.856221745632612,0.00504109589,0.0504109589
"2924",0.856757450227202,0.00504109589,0.0504109589
"2925",0.856970197745928,0.00504109589,0.0504109589
"2926",0.856556424864509,0.00504109589,0.0504109589
"2927",0.856997601190524,0.00504109589,0.0504109589
"2928",0.857063398784678,0.00504109589,0.0504109589
"2929",0.857871007788289,0.00504109589,0.0504109589
"2930",0.85726673869967,0.00504109589,0.0504109589
"2931",0.855691742963016,0.00504109589,0.0504109589
"2932",0.855659921887732,0.00504109589,0.0504109589
"2933",0.855710593338435,0.00504109589,0.0504109589
"2934",0.856353560896324,0.00504109589,0.0504109589
"2935",0.855880670240733,0.00504109589,0.0504109589
"2936",0.856210467107886,0.00504109589,0.0504109589
"2937",0.857724928980136,0.00504109589,0.0504109589
"2938",0.855125203393645,0.00504109589,0.0504109589
"2939",0.856857405545482,0.00504109589,0.0504109589
"2940",0.85689730324468,0.00504109589,0.0504109589
"2941",0.856943235786082,0.00504109589,0.0504109589
"2942",0.85531154494336,0.00504109589,0.0504109589
"2943",0.858308579681476,0.00504109589,0.0504109589
"2944",0.856182151221527,0.00504109589,0.0504109589
"2945",0.855525220833593,0.00504109589,0.0504109589
"2946",0.855865910299377,0.00504109589,0.0504109589
"2947",0.856547816962677,0.00504109589,0.0504109589
"2948",0.856463128284432,0.00504109589,0.0504109589
"2949",0.855010862479042,0.00504109589,0.0504109589
"2950",0.857674165150251,0.00504109589,0.0504109589
"2951",0.85554793463814,0.00504109589,0.0504109589
"2952",0.856978146737134,0.00504109589,0.0504109589
"2953",0.856126353917209,0.00504109589,0.0504109589
"2954",0.856839648147391,0.00504109589,0.0504109589
"2955",0.855062172825375,0.00504109589,0.0504109589
"2956",0.856496595267296,0.00504109589,0.0504109589
"2957",0.857562235119094,0.00504109589,0.0504109589
"2958",0.856516964444207,0.00504109589,0.0504109589
"2959",0.856099566013644,0.00504109589,0.0504109589
"2960",0.856704361767289,0.00504109589,0.0504109589
"2961",0.856815408350202,0.00504109589,0.0504109589
"2962",0.855767719940656,0.00504109589,0.0504109589
"2963",0.856175984409401,0.00504109589,0.0504109589
"2964",0.85886163292926,0.00504109589,0.0504109589
"2965",0.855672880884972,0.00504109589,0.0504109589
"2966",0.856272301249981,0.00504109589,0.0504109589
"2967",0.857112746333442,0.00504109589,0.0504109589
"2968",0.856973459900274,0.00504109589,0.0504109589
"2969",0.856956254771176,0.00504109589,0.0504109589
"2970",0.856585890259367,0.00504109589,0.0504109589
"2971",0.857224563828129,0.00504109589,0.0504109589
"2972",0.857640333870127,0.00504109589,0.0504109589
"2973",0.857059579104624,0.00504109589,0.0504109589
"2974",0.857229703307291,0.00504109589,0.0504109589
"2975",0.857237136424114,0.00504109589,0.0504109589
"2976",0.856757220428625,0.00504109589,0.0504109589
"2977",0.857606606491635,0.00504109589,0.0504109589
"2978",0.856671035129839,0.00504109589,0.0504109589
"2979",0.855300103357632,0.00504109589,0.0504109589
"2980",0.855664035800176,0.00504109589,0.0504109589
"2981",0.856752513297441,0.00504109589,0.0504109589
"2982",0.856139270015362,0.00504109589,0.0504109589
"2983",0.85697483604133,0.00504109589,0.0504109589
"2984",0.856833748094819,0.00504109589,0.0504109589
"2985",0.856704536866209,0.00504109589,0.0504109589
"2986",0.857007688352701,0.00504109589,0.0504109589
"2987",0.856048972292654,0.00504109589,0.0504109589
"2988",0.855923430448588,0.00504109589,0.0504109589
"2989",0.856836591022893,0.00504109589,0.0504109589
"2990",0.855862088776347,0.00504109589,0.0504109589
"2991",0.856479372684344,0.00504109589,0.0504109589
"2992",0.855495116316884,0.00504109589,0.0504109589
"2993",0.857134775394983,0.00504109589,0.0504109589
"2994",0.856485653539578,0.00504109589,0.0504109589
"2995",0.856743238552313,0.00504109589,0.0504109589
"2996",0.855494201931108,0.00504109589,0.0504109589
"2997",0.856143990464371,0.00504109589,0.0504109589
"2998",0.855808555697798,0.00504109589,0.0504109589
"2999",0.857263111073978,0.00504109589,0.0504109589
"3000",0.856969059999328,0.00504109589,0.0504109589
"3001",0.856980811423766,0.00504109589,0.0504109589
"3002",0.874214496734396,0.006038356164,0.06038356164
"3003",0.874413764079724,0.006038356164,0.06038356164
"3004",0.874140454671627,0.006038356164,0.06038356164
"3005",0.873823999006664,0.006038356164,0.06038356164
"3006",0.874980623824605,0.006038356164,0.06038356164
"3007",0.87485527828648,0.006038356164,0.06038356164
"3008",0.873817379733093,0.006038356164,0.06038356164
"3009",0.872497310064399,0.006038356164,0.06038356164
"3010",0.874538497610685,0.006038356164,0.06038356164
"3011",0.875005281242098,0.006038356164,0.06038356164
"3012",0.874933571613335,0.006038356164,0.06038356164
"3013",0.874853541506857,0.006038356164,0.06038356164
"3014",0.874288742216211,0.006038356164,0.06038356164
"3015",0.874177368171876,0.006038356164,0.06038356164
"3016",0.875032456754723,0.006038356164,0.06038356164
"3017",0.87582955994325,0.006038356164,0.06038356164
"3018",0.873411694382096,0.006038356164,0.06038356164
"3019",0.876184238403147,0.006038356164,0.06038356164
"3020",0.87510998759068,0.006038356164,0.06038356164
"3021",0.875614306920657,0.006038356164,0.06038356164
"3022",0.874461883924931,0.006038356164,0.06038356164
"3023",0.875203528499438,0.006038356164,0.06038356164
"3024",0.874367074627744,0.006038356164,0.06038356164
"3025",0.873847683166336,0.006038356164,0.06038356164
"3026",0.875023339044832,0.006038356164,0.06038356164
"3027",0.874167402994592,0.006038356164,0.06038356164
"3028",0.873924583715805,0.006038356164,0.06038356164
"3029",0.875511768604299,0.006038356164,0.06038356164
"3030",0.874282890425328,0.006038356164,0.06038356164
"3031",0.873550000557587,0.006038356164,0.06038356164
"3032",0.873467310275774,0.006038356164,0.06038356164
"3033",0.87487052176108,0.006038356164,0.06038356164
"3034",0.874081723589407,0.006038356164,0.06038356164
"3035",0.875518787305658,0.006038356164,0.06038356164
"3036",0.873594442299553,0.006038356164,0.06038356164
"3037",0.874363387315934,0.006038356164,0.06038356164
"3038",0.87431446927262,0.006038356164,0.06038356164
"3039",0.874566432045547,0.006038356164,0.06038356164
"3040",0.876235262084451,0.006038356164,0.06038356164
"3041",0.87335863617856,0.006038356164,0.06038356164
"3042",0.873939776119486,0.006038356164,0.06038356164
"3043",0.8753177883166,0.006038356164,0.06038356164
"3044",0.874406982842759,0.006038356164,0.06038356164
"3045",0.873728791362859,0.006038356164,0.06038356164
"3046",0.873632367249016,0.006038356164,0.06038356164
"3047",0.874472298579882,0.006038356164,0.06038356164
"3048",0.873749353182254,0.006038356164,0.06038356164
"3049",0.87507800968872,0.006038356164,0.06038356164
"3050",0.873706273274113,0.006038356164,0.06038356164
"3051",0.87440111226215,0.006038356164,0.06038356164
"3052",0.875346326676905,0.006038356164,0.06038356164
"3053",0.875376879304063,0.006038356164,0.06038356164
"3054",0.875104343669398,0.006038356164,0.06038356164
"3055",0.875957991616813,0.006038356164,0.06038356164
"3056",0.875032698596679,0.006038356164,0.06038356164
"3057",0.874477495067712,0.006038356164,0.06038356164
"3058",0.873989786547767,0.006038356164,0.06038356164
"3059",0.87427676590559,0.006038356164,0.06038356164
"3060",0.874738150883258,0.006038356164,0.06038356164
"3061",0.874467069904416,0.006038356164,0.06038356164
"3062",0.874284059015839,0.006038356164,0.06038356164
"3063",0.874133841945667,0.006038356164,0.06038356164
"3064",0.874786520845919,0.006038356164,0.06038356164
"3065",0.873570666343368,0.006038356164,0.06038356164
"3066",0.874901273648112,0.006038356164,0.06038356164
"3067",0.873262290806206,0.006038356164,0.06038356164
"3068",0.874180571780163,0.006038356164,0.06038356164
"3069",0.875622058930437,0.006038356164,0.06038356164
"3070",0.874843766849589,0.006038356164,0.06038356164
"3071",0.873232227717235,0.006038356164,0.06038356164
"3072",0.875033039756868,0.006038356164,0.06038356164
"3073",0.874065203391522,0.006038356164,0.06038356164
"3074",0.875287632324747,0.006038356164,0.06038356164
"3075",0.873606341005931,0.006038356164,0.06038356164
"3076",0.875091752967831,0.006038356164,0.06038356164
"3077",0.874965714735724,0.006038356164,0.06038356164
"3078",0.874877876494012,0.006038356164,0.06038356164
"3079",0.87415238055994,0.006038356164,0.06038356164
"3080",0.873326658455454,0.006038356164,0.06038356164
"3081",0.874623899404159,0.006038356164,0.06038356164
"3082",0.874779692768837,0.006038356164,0.06038356164
"3083",0.875455246609503,0.006038356164,0.06038356164
"3084",0.874214100747338,0.006038356164,0.06038356164
"3085",0.872552079463737,0.006038356164,0.06038356164
"3086",0.874688758931392,0.006038356164,0.06038356164
"3087",0.873112892755687,0.006038356164,0.06038356164
"3088",0.875648924575108,0.006038356164,0.06038356164
"3089",0.874862410902819,0.006038356164,0.06038356164
"3090",0.874668702718395,0.006038356164,0.06038356164
"3091",0.874555538817743,0.006038356164,0.06038356164
"3092",0.874117462755129,0.006038356164,0.06038356164
"3093",0.874490108549785,0.006038356164,0.06038356164
"3094",0.874522232160926,0.006038356164,0.06038356164
"3095",0.874726622327109,0.006038356164,0.06038356164
"3096",0.875027655346677,0.006038356164,0.06038356164
"3097",0.873072066244038,0.006038356164,0.06038356164
"3098",0.873430076081837,0.006038356164,0.06038356164
"3099",0.875636349596809,0.006038356164,0.06038356164
"3100",0.875250996669665,0.006038356164,0.06038356164
"3101",0.874393216874235,0.006038356164,0.06038356164
"3102",0.875550163629411,0.006038356164,0.06038356164
"3103",0.874559372209318,0.006038356164,0.06038356164
"3104",0.873784271858726,0.006038356164,0.06038356164
"3105",0.875153010074735,0.006038356164,0.06038356164
"3106",0.874366955670962,0.006038356164,0.06038356164
"3107",0.875699921291649,0.006038356164,0.06038356164
"3108",0.873882006957311,0.006038356164,0.06038356164
"3109",0.874079995373921,0.006038356164,0.06038356164
"3110",0.874381810732788,0.006038356164,0.06038356164
"3111",0.875043683681907,0.006038356164,0.06038356164
"3112",0.87435431604293,0.006038356164,0.06038356164
"3113",0.874590653293962,0.006038356164,0.06038356164
"3114",0.875557070062957,0.006038356164,0.06038356164
"3115",0.87573742221506,0.006038356164,0.06038356164
"3116",0.873811676833689,0.006038356164,0.06038356164
"3117",0.87498089207907,0.006038356164,0.06038356164
"3118",0.873605035185594,0.006038356164,0.06038356164
"3119",0.875206299281233,0.006038356164,0.06038356164
"3120",0.874453222635412,0.006038356164,0.06038356164
"3121",0.875202541068098,0.006038356164,0.06038356164
"3122",0.87413336252721,0.006038356164,0.06038356164
"3123",0.87520994969997,0.006038356164,0.06038356164
"3124",0.874402174480357,0.006038356164,0.06038356164
"3125",0.874630420248298,0.006038356164,0.06038356164
"3126",0.875325932000212,0.006038356164,0.06038356164
"3127",0.874472731032325,0.006038356164,0.06038356164
"3128",0.874283167287758,0.006038356164,0.06038356164
"3129",0.874386074364396,0.006038356164,0.06038356164
"3130",0.874106127884689,0.006038356164,0.06038356164
"3131",0.874806955267116,0.006038356164,0.06038356164
"3132",0.873978286777912,0.006038356164,0.06038356164
"3133",0.873646948105089,0.006038356164,0.06038356164
"3134",0.874596102140128,0.006038356164,0.06038356164
"3135",0.874409514264624,0.006038356164,0.06038356164
"3136",0.874910111479502,0.006038356164,0.06038356164
"3137",0.873910976594798,0.006038356164,0.06038356164
"3138",0.874083355799587,0.006038356164,0.06038356164
"3139",0.874485677004911,0.006038356164,0.06038356164
"3140",0.87404662590985,0.006038356164,0.06038356164
"3141",0.873987659958359,0.006038356164,0.06038356164
"3142",0.876020802081803,0.006038356164,0.06038356164
"3143",0.874658957480738,0.006038356164,0.06038356164
"3144",0.874789141004773,0.006038356164,0.06038356164
"3145",0.875497759071611,0.006038356164,0.06038356164
"3146",0.87407601275237,0.006038356164,0.06038356164
"3147",0.87400285880604,0.006038356164,0.06038356164
"3148",0.875415746114411,0.006038356164,0.06038356164
"3149",0.875025071137376,0.006038356164,0.06038356164
"3150",0.875069378370781,0.006038356164,0.06038356164
"3151",0.874254733038281,0.006038356164,0.06038356164
"3152",0.874218549978849,0.006038356164,0.06038356164
"3153",0.874680152981319,0.006038356164,0.06038356164
"3154",0.873161302664153,0.006038356164,0.06038356164
"3155",0.873826064746902,0.006038356164,0.06038356164
"3156",0.874574620265506,0.006038356164,0.06038356164
"3157",0.873906464479727,0.006038356164,0.06038356164
"3158",0.874707759846385,0.006038356164,0.06038356164
"3159",0.87423978128801,0.006038356164,0.06038356164
"3160",0.874470785671159,0.006038356164,0.06038356164
"3161",0.874417418298258,0.006038356164,0.06038356164
"3162",0.875889651205133,0.006038356164,0.06038356164
"3163",0.8739727418613,0.006038356164,0.06038356164
"3164",0.87429845870006,0.006038356164,0.06038356164
"3165",0.875293441853006,0.006038356164,0.06038356164
"3166",0.87390613897504,0.006038356164,0.06038356164
"3167",0.874505858323045,0.006038356164,0.06038356164
"3168",0.874817135153307,0.006038356164,0.06038356164
"3169",0.87439670767088,0.006038356164,0.06038356164
"3170",0.874508737195902,0.006038356164,0.06038356164
"3171",0.874774057951849,0.006038356164,0.06038356164
"3172",0.874080834140966,0.006038356164,0.06038356164
"3173",0.873895855256349,0.006038356164,0.06038356164
"3174",0.873706836796772,0.006038356164,0.06038356164
"3175",0.874412526753648,0.006038356164,0.06038356164
"3176",0.874537824760415,0.006038356164,0.06038356164
"3177",0.875278685059723,0.006038356164,0.06038356164
"3178",0.875020495223048,0.006038356164,0.06038356164
"3179",0.875429956214123,0.006038356164,0.06038356164
"3180",0.875167167117453,0.006038356164,0.06038356164
"3181",0.874348314013486,0.006038356164,0.06038356164
"3182",0.873730437617474,0.006038356164,0.06038356164
"3183",0.874873535205405,0.006038356164,0.06038356164
"3184",0.873550271199196,0.006038356164,0.06038356164
"3185",0.873279195360873,0.006038356164,0.06038356164
"3186",0.875688548702914,0.006038356164,0.06038356164
"3187",0.874336677841896,0.006038356164,0.06038356164
"3188",0.875259381307506,0.006038356164,0.06038356164
"3189",0.875495706321901,0.006038356164,0.06038356164
"3190",0.874500195031893,0.006038356164,0.06038356164
"3191",0.873976897979298,0.006038356164,0.06038356164
"3192",0.8753246074982,0.006038356164,0.06038356164
"3193",0.875185219358241,0.006038356164,0.06038356164
"3194",0.874910766695375,0.006038356164,0.06038356164
"3195",0.873917550523076,0.006038356164,0.06038356164
"3196",0.874114427524585,0.006038356164,0.06038356164
"3197",0.873905955845869,0.006038356164,0.06038356164
"3198",0.874761859319321,0.006038356164,0.06038356164
"3199",0.874762927055246,0.006038356164,0.06038356164
"3200",0.874033986593652,0.006038356164,0.06038356164
"3201",0.87558157988153,0.006038356164,0.06038356164
"3202",0.875067130419882,0.006038356164,0.06038356164
"3203",0.874922015113508,0.006038356164,0.06038356164
"3204",0.873823294064969,0.006038356164,0.06038356164
"3205",0.874747522906801,0.006038356164,0.06038356164
"3206",0.874229991592924,0.006038356164,0.06038356164
"3207",0.874744639279214,0.006038356164,0.06038356164
"3208",0.876351017593766,0.006038356164,0.06038356164
"3209",0.875395273092842,0.006038356164,0.06038356164
"3210",0.874503740467481,0.006038356164,0.06038356164
"3211",0.874478969890694,0.006038356164,0.06038356164
"3212",0.873717372846173,0.006038356164,0.06038356164
"3213",0.874405048778288,0.006038356164,0.06038356164
"3214",0.875306971040495,0.006038356164,0.06038356164
"3215",0.874631809829148,0.006038356164,0.06038356164
"3216",0.873765548198857,0.006038356164,0.06038356164
"3217",0.875427139900344,0.006038356164,0.06038356164
"3218",0.873201420549086,0.006038356164,0.06038356164
"3219",0.87460752081178,0.006038356164,0.06038356164
"3220",0.875535679200248,0.006038356164,0.06038356164
"3221",0.87627086084349,0.006038356164,0.06038356164
"3222",0.873291325449282,0.006038356164,0.06038356164
"3223",0.874289094505217,0.006038356164,0.06038356164
"3224",0.873784683708697,0.006038356164,0.06038356164
"3225",0.873628744164793,0.006038356164,0.06038356164
"3226",0.875469980395666,0.006038356164,0.06038356164
"3227",0.874522105562976,0.006038356164,0.06038356164
"3228",0.874853990251172,0.006038356164,0.06038356164
"3229",0.875190022386303,0.006038356164,0.06038356164
"3230",0.873950121566827,0.006038356164,0.06038356164
"3231",0.874500491472828,0.006038356164,0.06038356164
"3232",0.875396717392698,0.006038356164,0.06038356164
"3233",0.874601308300681,0.006038356164,0.06038356164
"3234",0.874595983875334,0.006038356164,0.06038356164
"3235",0.874345913132952,0.006038356164,0.06038356164
"3236",0.875213942755326,0.006038356164,0.06038356164
"3237",0.874118297475704,0.006038356164,0.06038356164
"3238",0.873554217867063,0.006038356164,0.06038356164
"3239",0.875249280841711,0.006038356164,0.06038356164
"3240",0.875027032646807,0.006038356164,0.06038356164
"3241",0.874970385770294,0.006038356164,0.06038356164
"3242",0.874357716796107,0.006038356164,0.06038356164
"3243",0.874223272326019,0.006038356164,0.06038356164
"3244",0.875046831511205,0.006038356164,0.06038356164
"3245",0.873967001221495,0.006038356164,0.06038356164
"3246",0.874829231277161,0.006038356164,0.06038356164
"3247",0.874329726401864,0.006038356164,0.06038356164
"3248",0.874154400430811,0.006038356164,0.06038356164
"3249",0.875118633165575,0.006038356164,0.06038356164
"3250",0.875269726805964,0.006038356164,0.06038356164
"3251",0.873481492431645,0.006038356164,0.06038356164
"3252",0.874338223910118,0.006038356164,0.06038356164
"3253",0.875436958923854,0.006038356164,0.06038356164
"3254",0.875455708085114,0.006038356164,0.06038356164
"3255",0.873565974538698,0.006038356164,0.06038356164
"3256",0.87380794404809,0.006038356164,0.06038356164
"3257",0.874334711347296,0.006038356164,0.06038356164
"3258",0.875231046150396,0.006038356164,0.06038356164
"3259",0.874809865231,0.006038356164,0.06038356164
"3260",0.873387693240287,0.006038356164,0.06038356164
"3261",0.873833679015674,0.006038356164,0.06038356164
"3262",0.874584083629979,0.006038356164,0.06038356164
"3263",0.875838873700797,0.006038356164,0.06038356164
"3264",0.87463387939725,0.006038356164,0.06038356164
"3265",0.874181920007325,0.006038356164,0.06038356164
"3266",0.874923252365264,0.006038356164,0.06038356164
"3267",0.874370368257171,0.006038356164,0.06038356164
"3268",0.875350439789168,0.006038356164,0.06038356164
"3269",0.874306745169979,0.006038356164,0.06038356164
"3270",0.874305567739832,0.006038356164,0.06038356164
"3271",0.875186941752207,0.006038356164,0.06038356164
"3272",0.874301000140368,0.006038356164,0.06038356164
"3273",0.873497095724358,0.006038356164,0.06038356164
"3274",0.875788921659253,0.006038356164,0.06038356164
"3275",0.873763050309146,0.006038356164,0.06038356164
"3276",0.873752962554684,0.006038356164,0.06038356164
"3277",0.875239053226757,0.006038356164,0.06038356164
"3278",0.874577651712787,0.006038356164,0.06038356164
"3279",0.873580707683548,0.006038356164,0.06038356164
"3280",0.875590331307272,0.006038356164,0.06038356164
"3281",0.874051958116848,0.006038356164,0.06038356164
"3282",0.873162835921792,0.006038356164,0.06038356164
"3283",0.874970598969548,0.006038356164,0.06038356164
"3284",0.873725100028517,0.006038356164,0.06038356164
"3285",0.874559371469633,0.006038356164,0.06038356164
"3286",0.875054072195864,0.006038356164,0.06038356164
"3287",0.87409600105581,0.006038356164,0.06038356164
"3288",0.875239682892476,0.006038356164,0.06038356164
"3289",0.874089932165799,0.006038356164,0.06038356164
"3290",0.875419103874222,0.006038356164,0.06038356164
"3291",0.875280087390008,0.006038356164,0.06038356164
"3292",0.874688474233396,0.006038356164,0.06038356164
"3293",0.874599694487033,0.006038356164,0.06038356164
"3294",0.874599842064034,0.006038356164,0.06038356164
"3295",0.874963020572884,0.006038356164,0.06038356164
"3296",0.874079711710189,0.006038356164,0.06038356164
"3297",0.874655676591331,0.006038356164,0.06038356164
"3298",0.875423391762004,0.006038356164,0.06038356164
"3299",0.874656634803595,0.006038356164,0.06038356164
"3300",0.874747147651415,0.006038356164,0.06038356164
"3301",0.87434719315904,0.006038356164,0.06038356164
"3302",0.874763321198228,0.006038356164,0.06038356164
"3303",0.874521548183638,0.006038356164,0.06038356164
"3304",0.874453160177324,0.006038356164,0.06038356164
"3305",0.874434930382556,0.006038356164,0.06038356164
"3306",0.874259714930574,0.006038356164,0.06038356164
"3307",0.875019160515648,0.006038356164,0.06038356164
"3308",0.875386424145268,0.006038356164,0.06038356164
"3309",0.875323651375228,0.006038356164,0.06038356164
"3310",0.874509113795875,0.006038356164,0.06038356164
"3311",0.874476494508983,0.006038356164,0.06038356164
"3312",0.875206392676767,0.006038356164,0.06038356164
"3313",0.874331233206499,0.006038356164,0.06038356164
"3314",0.875587440960915,0.006038356164,0.06038356164
"3315",0.873983933307661,0.006038356164,0.06038356164
"3316",0.874186348792222,0.006038356164,0.06038356164
"3317",0.874917055730832,0.006038356164,0.06038356164
"3318",0.874742286688876,0.006038356164,0.06038356164
"3319",0.875376464746218,0.006038356164,0.06038356164
"3320",0.874902394885068,0.006038356164,0.06038356164
"3321",0.875419125625397,0.006038356164,0.06038356164
"3322",0.87544813062303,0.006038356164,0.06038356164
"3323",0.874809501836092,0.006038356164,0.06038356164
"3324",0.875496783865837,0.006038356164,0.06038356164
"3325",0.87344543283416,0.006038356164,0.06038356164
"3326",0.874095227188779,0.006038356164,0.06038356164
"3327",0.874915469993018,0.006038356164,0.06038356164
"3328",0.873939955218036,0.006038356164,0.06038356164
"3329",0.874520469932762,0.006038356164,0.06038356164
"3330",0.874100758303429,0.006038356164,0.06038356164
"3331",0.874329854010272,0.006038356164,0.06038356164
"3332",0.875556306726588,0.006038356164,0.06038356164
"3333",0.874617276170515,0.006038356164,0.06038356164
"3334",0.875204501581344,0.006038356164,0.06038356164
"3335",0.874657505194882,0.006038356164,0.06038356164
"3336",0.874953136147211,0.006038356164,0.06038356164
"3337",0.875239570032747,0.006038356164,0.06038356164
"3338",0.875773941055467,0.006038356164,0.06038356164
"3339",0.874222544685312,0.006038356164,0.06038356164
"3340",0.874532688364046,0.006038356164,0.06038356164
"3341",0.873707752803838,0.006038356164,0.06038356164
"3342",0.873585598321763,0.006038356164,0.06038356164
"3343",0.873357895967297,0.006038356164,0.06038356164
"3344",0.875738118535559,0.006038356164,0.06038356164
"3345",0.873964498967465,0.006038356164,0.06038356164
"3346",0.874145842954445,0.006038356164,0.06038356164
"3347",0.874535868373017,0.006038356164,0.06038356164
"3348",0.874489627274082,0.006038356164,0.06038356164
"3349",0.874517254617991,0.006038356164,0.06038356164
"3350",0.874684410690381,0.006038356164,0.06038356164
"3351",0.873844339254599,0.006038356164,0.06038356164
"3352",0.874300895253322,0.006038356164,0.06038356164
"3353",0.874140666010914,0.006038356164,0.06038356164
"3354",0.87587735511867,0.006038356164,0.06038356164
"3355",0.87416174454866,0.006038356164,0.06038356164
"3356",0.874462354488826,0.006038356164,0.06038356164
"3357",0.873538018713474,0.006038356164,0.06038356164
"3358",0.874127678795765,0.006038356164,0.06038356164
"3359",0.873872310146461,0.006038356164,0.06038356164
"3360",0.874592526499735,0.006038356164,0.06038356164
"3361",0.873272546792766,0.006038356164,0.06038356164
"3362",0.873652840102826,0.006038356164,0.06038356164
"3363",0.874159581275749,0.006038356164,0.06038356164
"3364",0.873240541856168,0.006038356164,0.06038356164
"3365",0.875140778625274,0.006038356164,0.06038356164
"3366",0.87475740253562,0.006038356164,0.06038356164
"3367",0.874606582803475,0.006038356164,0.06038356164
"3368",0.874889859086726,0.006038356164,0.06038356164
"3369",0.874923660784873,0.006038356164,0.06038356164
"3370",0.873566874741094,0.006038356164,0.06038356164
"3371",0.875741169935346,0.006038356164,0.06038356164
"3372",0.875084943857117,0.006038356164,0.06038356164
"3373",0.874383546233506,0.006038356164,0.06038356164
"3374",0.874738087978298,0.006038356164,0.06038356164
"3375",0.87465722655933,0.006038356164,0.06038356164
"3376",0.875589320671392,0.006038356164,0.06038356164
"3377",0.874183077993891,0.006038356164,0.06038356164
"3378",0.874017343922954,0.006038356164,0.06038356164
"3379",0.875330112324642,0.006038356164,0.06038356164
"3380",0.875211194766253,0.006038356164,0.06038356164
"3381",0.874981687546615,0.006038356164,0.06038356164
"3382",0.87323066637367,0.006038356164,0.06038356164
"3383",0.874317692640273,0.006038356164,0.06038356164
"3384",0.875155128446106,0.006038356164,0.06038356164
"3385",0.874932052787378,0.006038356164,0.06038356164
"3386",0.875998064183774,0.006038356164,0.06038356164
"3387",0.874871516326957,0.006038356164,0.06038356164
"3388",0.874998622083774,0.006038356164,0.06038356164
"3389",0.8740977729544,0.006038356164,0.06038356164
"3390",0.874961122238651,0.006038356164,0.06038356164
"3391",0.874673224021276,0.006038356164,0.06038356164
"3392",0.874117522588616,0.006038356164,0.06038356164
"3393",0.876025054754853,0.006038356164,0.06038356164
"3394",0.875302830906504,0.006038356164,0.06038356164
"3395",0.874689687077335,0.006038356164,0.06038356164
"3396",0.874085840262824,0.006038356164,0.06038356164
"3397",0.875869690743927,0.006038356164,0.06038356164
"3398",0.874579621235382,0.006038356164,0.06038356164
"3399",0.875338733337637,0.006038356164,0.06038356164
"3400",0.874256202798793,0.006038356164,0.06038356164
"3401",0.87386486672531,0.006038356164,0.06038356164
"3402",0.87582800484614,0.006038356164,0.06038356164
"3403",0.873792460670114,0.006038356164,0.06038356164
"3404",0.874904153731713,0.006038356164,0.06038356164
"3405",0.874265875436987,0.006038356164,0.06038356164
"3406",0.873219209959965,0.006038356164,0.06038356164
"3407",0.874885862922967,0.006038356164,0.06038356164
"3408",0.874844841418166,0.006038356164,0.06038356164
"3409",0.875392799251708,0.006038356164,0.06038356164
"3410",0.874778662889604,0.006038356164,0.06038356164
"3411",0.876269582887139,0.006038356164,0.06038356164
"3412",0.874885964472166,0.006038356164,0.06038356164
"3413",0.875849375188407,0.006038356164,0.06038356164
"3414",0.872602383432339,0.006038356164,0.06038356164
"3415",0.874910361997278,0.006038356164,0.06038356164
"3416",0.874854503487219,0.006038356164,0.06038356164
"3417",0.874606991430873,0.006038356164,0.06038356164
"3418",0.875309343436512,0.006038356164,0.06038356164
"3419",0.874508549021108,0.006038356164,0.06038356164
"3420",0.875557569110283,0.006038356164,0.06038356164
"3421",0.875052649170764,0.006038356164,0.06038356164
"3422",0.875205542324688,0.006038356164,0.06038356164
"3423",0.876436676979858,0.006038356164,0.06038356164
"3424",0.87477953982884,0.006038356164,0.06038356164
"3425",0.874066678449805,0.006038356164,0.06038356164
"3426",0.874990650964735,0.006038356164,0.06038356164
"3427",0.87487568295696,0.006038356164,0.06038356164
"3428",0.875526305993324,0.006038356164,0.06038356164
"3429",0.875300154892081,0.006038356164,0.06038356164
"3430",0.874427986466513,0.006038356164,0.06038356164
"3431",0.873795854573292,0.006038356164,0.06038356164
"3432",0.874982413005332,0.006038356164,0.06038356164
"3433",0.875712160402429,0.006038356164,0.06038356164
"3434",0.875149947120592,0.006038356164,0.06038356164
"3435",0.874696772178006,0.006038356164,0.06038356164
"3436",0.874316522300463,0.006038356164,0.06038356164
"3437",0.874891223526105,0.006038356164,0.06038356164
"3438",0.874979149678964,0.006038356164,0.06038356164
"3439",0.87385523189436,0.006038356164,0.06038356164
"3440",0.873654489325733,0.006038356164,0.06038356164
"3441",0.874183634415553,0.006038356164,0.06038356164
"3442",0.873725341536485,0.006038356164,0.06038356164
"3443",0.875292341452405,0.006038356164,0.06038356164
"3444",0.873962904942673,0.006038356164,0.06038356164
"3445",0.875229263071699,0.006038356164,0.06038356164
"3446",0.874000528117065,0.006038356164,0.06038356164
"3447",0.873582878801705,0.006038356164,0.06038356164
"3448",0.874508169865197,0.006038356164,0.06038356164
"3449",0.874563242595029,0.006038356164,0.06038356164
"3450",0.873089158742622,0.006038356164,0.06038356164
"3451",0.873781478878699,0.006038356164,0.06038356164
"3452",0.87563504635946,0.006038356164,0.06038356164
"3453",0.874980325485545,0.006038356164,0.06038356164
"3454",0.874913483761414,0.006038356164,0.06038356164
"3455",0.875106385641434,0.006038356164,0.06038356164
"3456",0.874312210043356,0.006038356164,0.06038356164
"3457",0.875771763225474,0.006038356164,0.06038356164
"3458",0.874362581219627,0.006038356164,0.06038356164
"3459",0.873912489254569,0.006038356164,0.06038356164
"3460",0.874439576003003,0.006038356164,0.06038356164
"3461",0.87480456999308,0.006038356164,0.06038356164
"3462",0.875476571664357,0.006038356164,0.06038356164
"3463",0.874385270717705,0.006038356164,0.06038356164
"3464",0.874990571941374,0.006038356164,0.06038356164
"3465",0.874000718976593,0.006038356164,0.06038356164
"3466",0.874204855050715,0.006038356164,0.06038356164
"3467",0.873907978202319,0.006038356164,0.06038356164
"3468",0.874266330528733,0.006038356164,0.06038356164
"3469",0.874536808573532,0.006038356164,0.06038356164
"3470",0.87510220028841,0.006038356164,0.06038356164
"3471",0.874108803177913,0.006038356164,0.06038356164
"3472",0.87410277332938,0.006038356164,0.06038356164
"3473",0.874122493894019,0.006038356164,0.06038356164
"3474",0.874747772236226,0.006038356164,0.06038356164
"3475",0.873795063915437,0.006038356164,0.06038356164
"3476",0.873950411620749,0.006038356164,0.06038356164
"3477",0.874604625518836,0.006038356164,0.06038356164
"3478",0.874181930650897,0.006038356164,0.06038356164
"3479",0.874709461034411,0.006038356164,0.06038356164
"3480",0.874280356843301,0.006038356164,0.06038356164
"3481",0.874912533519635,0.006038356164,0.06038356164
"3482",0.875972738615885,0.006038356164,0.06038356164
"3483",0.874862654945634,0.006038356164,0.06038356164
"3484",0.874509079005768,0.006038356164,0.06038356164
"3485",0.874409784976328,0.006038356164,0.06038356164
"3486",0.874238103950615,0.006038356164,0.06038356164
"3487",0.873807955570299,0.006038356164,0.06038356164
"3488",0.874652478432378,0.006038356164,0.06038356164
"3489",0.874058125972564,0.006038356164,0.06038356164
"3490",0.874392353692042,0.006038356164,0.06038356164
"3491",0.873203016936523,0.006038356164,0.06038356164
"3492",0.874726079620917,0.006038356164,0.06038356164
"3493",0.874583762942252,0.006038356164,0.06038356164
"3494",0.874961518895151,0.006038356164,0.06038356164
"3495",0.873792175019579,0.006038356164,0.06038356164
"3496",0.874999368689873,0.006038356164,0.06038356164
"3497",0.874411471363611,0.006038356164,0.06038356164
"3498",0.874263144387209,0.006038356164,0.06038356164
"3499",0.874671170823895,0.006038356164,0.06038356164
"3500",0.875153169042115,0.006038356164,0.06038356164
"3501",0.873251124344514,0.006038356164,0.06038356164
"3502",0.887335834810713,0.007035616438,0.07035616438
"3503",0.888194622211049,0.007035616438,0.07035616438
"3504",0.887643522155097,0.007035616438,0.07035616438
"3505",0.886843052662644,0.007035616438,0.07035616438
"3506",0.886757279747099,0.007035616438,0.07035616438
"3507",0.88646836771883,0.007035616438,0.07035616438
"3508",0.887808854416604,0.007035616438,0.07035616438
"3509",0.887374806767316,0.007035616438,0.07035616438
"3510",0.887699070287674,0.007035616438,0.07035616438
"3511",0.887234135878763,0.007035616438,0.07035616438
"3512",0.888205250325615,0.007035616438,0.07035616438
"3513",0.886424023793664,0.007035616438,0.07035616438
"3514",0.887720381324169,0.007035616438,0.07035616438
"3515",0.888529982259094,0.007035616438,0.07035616438
"3516",0.888501924376536,0.007035616438,0.07035616438
"3517",0.88801119274638,0.007035616438,0.07035616438
"3518",0.887768276050486,0.007035616438,0.07035616438
"3519",0.887282666866175,0.007035616438,0.07035616438
"3520",0.886500433605089,0.007035616438,0.07035616438
"3521",0.886492284148854,0.007035616438,0.07035616438
"3522",0.887743510061865,0.007035616438,0.07035616438
"3523",0.886875175789169,0.007035616438,0.07035616438
"3524",0.885782693522718,0.007035616438,0.07035616438
"3525",0.887825566994383,0.007035616438,0.07035616438
"3526",0.888861081780008,0.007035616438,0.07035616438
"3527",0.886551584432882,0.007035616438,0.07035616438
"3528",0.887288693757719,0.007035616438,0.07035616438
"3529",0.886386355029572,0.007035616438,0.07035616438
"3530",0.887459991042665,0.007035616438,0.07035616438
"3531",0.888429181259849,0.007035616438,0.07035616438
"3532",0.88658581913006,0.007035616438,0.07035616438
"3533",0.887866204885224,0.007035616438,0.07035616438
"3534",0.886666127874089,0.007035616438,0.07035616438
"3535",0.886503123835429,0.007035616438,0.07035616438
"3536",0.887451428990562,0.007035616438,0.07035616438
"3537",0.88734691506605,0.007035616438,0.07035616438
"3538",0.888301116893553,0.007035616438,0.07035616438
"3539",0.886898813051224,0.007035616438,0.07035616438
"3540",0.888459575355828,0.007035616438,0.07035616438
"3541",0.888143268256166,0.007035616438,0.07035616438
"3542",0.888252473677363,0.007035616438,0.07035616438
"3543",0.887742578558459,0.007035616438,0.07035616438
"3544",0.886751237436629,0.007035616438,0.07035616438
"3545",0.888091873569311,0.007035616438,0.07035616438
"3546",0.888307316435506,0.007035616438,0.07035616438
"3547",0.887163994563555,0.007035616438,0.07035616438
"3548",0.88623992924956,0.007035616438,0.07035616438
"3549",0.887323268632748,0.007035616438,0.07035616438
"3550",0.886527971562431,0.007035616438,0.07035616438
"3551",0.886939465494672,0.007035616438,0.07035616438
"3552",0.888008084397627,0.007035616438,0.07035616438
"3553",0.887891373106157,0.007035616438,0.07035616438
"3554",0.887266149458194,0.007035616438,0.07035616438
"3555",0.886183655416758,0.007035616438,0.07035616438
"3556",0.887797110034836,0.007035616438,0.07035616438
"3557",0.886913232967963,0.007035616438,0.07035616438
"3558",0.887604075168758,0.007035616438,0.07035616438
"3559",0.887069475747294,0.007035616438,0.07035616438
"3560",0.888423190755182,0.007035616438,0.07035616438
"3561",0.887397756011047,0.007035616438,0.07035616438
"3562",0.887491082153755,0.007035616438,0.07035616438
"3563",0.886415501193438,0.007035616438,0.07035616438
"3564",0.887159685972198,0.007035616438,0.07035616438
"3565",0.887568076630183,0.007035616438,0.07035616438
"3566",0.886983454761929,0.007035616438,0.07035616438
"3567",0.888469015090441,0.007035616438,0.07035616438
"3568",0.888352668581723,0.007035616438,0.07035616438
"3569",0.887792865822123,0.007035616438,0.07035616438
"3570",0.887139898046676,0.007035616438,0.07035616438
"3571",0.888685617417772,0.007035616438,0.07035616438
"3572",0.888850841921067,0.007035616438,0.07035616438
"3573",0.887698290253357,0.007035616438,0.07035616438
"3574",0.888531210938951,0.007035616438,0.07035616438
"3575",0.888043540268922,0.007035616438,0.07035616438
"3576",0.887840924822916,0.007035616438,0.07035616438
"3577",0.886819052586576,0.007035616438,0.07035616438
"3578",0.88758122444644,0.007035616438,0.07035616438
"3579",0.888435339083435,0.007035616438,0.07035616438
"3580",0.888333798682989,0.007035616438,0.07035616438
"3581",0.886682159661817,0.007035616438,0.07035616438
"3582",0.887445087664828,0.007035616438,0.07035616438
"3583",0.88833471011297,0.007035616438,0.07035616438
"3584",0.88729632216992,0.007035616438,0.07035616438
"3585",0.887183303988876,0.007035616438,0.07035616438
"3586",0.886701003181639,0.007035616438,0.07035616438
"3587",0.887851558424249,0.007035616438,0.07035616438
"3588",0.886343964166402,0.007035616438,0.07035616438
"3589",0.886927898496601,0.007035616438,0.07035616438
"3590",0.887494553747969,0.007035616438,0.07035616438
"3591",0.888266757754999,0.007035616438,0.07035616438
"3592",0.888153170513387,0.007035616438,0.07035616438
"3593",0.888363913851553,0.007035616438,0.07035616438
"3594",0.886706494803847,0.007035616438,0.07035616438
"3595",0.887806606105651,0.007035616438,0.07035616438
"3596",0.8877666157138,0.007035616438,0.07035616438
"3597",0.887384583047452,0.007035616438,0.07035616438
"3598",0.887867227711714,0.007035616438,0.07035616438
"3599",0.887485046944155,0.007035616438,0.07035616438
"3600",0.887374828406757,0.007035616438,0.07035616438
"3601",0.887720002830302,0.007035616438,0.07035616438
"3602",0.88821760904717,0.007035616438,0.07035616438
"3603",0.888504690735151,0.007035616438,0.07035616438
"3604",0.886754227813894,0.007035616438,0.07035616438
"3605",0.886974173729388,0.007035616438,0.07035616438
"3606",0.887194075523958,0.007035616438,0.07035616438
"3607",0.887532679579145,0.007035616438,0.07035616438
"3608",0.88925115053518,0.007035616438,0.07035616438
"3609",0.887784999311432,0.007035616438,0.07035616438
"3610",0.8880595375617,0.007035616438,0.07035616438
"3611",0.886683935175142,0.007035616438,0.07035616438
"3612",0.886674993935027,0.007035616438,0.07035616438
"3613",0.88810541850023,0.007035616438,0.07035616438
"3614",0.887346492961125,0.007035616438,0.07035616438
"3615",0.888378715906264,0.007035616438,0.07035616438
"3616",0.886424957169515,0.007035616438,0.07035616438
"3617",0.888487701334056,0.007035616438,0.07035616438
"3618",0.88714672977841,0.007035616438,0.07035616438
"3619",0.886625781311509,0.007035616438,0.07035616438
"3620",0.888260038356674,0.007035616438,0.07035616438
"3621",0.888094325388244,0.007035616438,0.07035616438
"3622",0.8878294757275,0.007035616438,0.07035616438
"3623",0.886840835345165,0.007035616438,0.07035616438
"3624",0.887554900863663,0.007035616438,0.07035616438
"3625",0.887091882939782,0.007035616438,0.07035616438
"3626",0.887137326348866,0.007035616438,0.07035616438
"3627",0.887721912572134,0.007035616438,0.07035616438
"3628",0.886492332380756,0.007035616438,0.07035616438
"3629",0.888009193384807,0.007035616438,0.07035616438
"3630",0.8879056475806,0.007035616438,0.07035616438
"3631",0.888023508756664,0.007035616438,0.07035616438
"3632",0.885909912250403,0.007035616438,0.07035616438
"3633",0.887717268884079,0.007035616438,0.07035616438
"3634",0.888008792740991,0.007035616438,0.07035616438
"3635",0.889088601928173,0.007035616438,0.07035616438
"3636",0.887564823968212,0.007035616438,0.07035616438
"3637",0.887357076671141,0.007035616438,0.07035616438
"3638",0.886440769444337,0.007035616438,0.07035616438
"3639",0.886503396943138,0.007035616438,0.07035616438
"3640",0.887669033187586,0.007035616438,0.07035616438
"3641",0.887161347019975,0.007035616438,0.07035616438
"3642",0.887375773658295,0.007035616438,0.07035616438
"3643",0.887377955601268,0.007035616438,0.07035616438
"3644",0.8875935184745,0.007035616438,0.07035616438
"3645",0.887054974661972,0.007035616438,0.07035616438
"3646",0.887482220675179,0.007035616438,0.07035616438
"3647",0.886414860655518,0.007035616438,0.07035616438
"3648",0.886990987118448,0.007035616438,0.07035616438
"3649",0.887712766824175,0.007035616438,0.07035616438
"3650",0.887476075607584,0.007035616438,0.07035616438
"3651",0.887854169483638,0.007035616438,0.07035616438
"3652",0.887988415907781,0.007035616438,0.07035616438
"3653",0.886948784756275,0.007035616438,0.07035616438
"3654",0.887973883161954,0.007035616438,0.07035616438
"3655",0.88681664985131,0.007035616438,0.07035616438
"3656",0.887101624131816,0.007035616438,0.07035616438
"3657",0.887083239942402,0.007035616438,0.07035616438
"3658",0.889222810127616,0.007035616438,0.07035616438
"3659",0.887727288616407,0.007035616438,0.07035616438
"3660",0.888858583265269,0.007035616438,0.07035616438
"3661",0.887566627189324,0.007035616438,0.07035616438
"3662",0.887605309150201,0.007035616438,0.07035616438
"3663",0.886260878892604,0.007035616438,0.07035616438
"3664",0.886961012019149,0.007035616438,0.07035616438
"3665",0.888485761875159,0.007035616438,0.07035616438
"3666",0.888058261995337,0.007035616438,0.07035616438
"3667",0.887666044016578,0.007035616438,0.07035616438
"3668",0.887690510595572,0.007035616438,0.07035616438
"3669",0.886865364591263,0.007035616438,0.07035616438
"3670",0.886853284396089,0.007035616438,0.07035616438
"3671",0.886876956862474,0.007035616438,0.07035616438
"3672",0.887644369293115,0.007035616438,0.07035616438
"3673",0.886970419273467,0.007035616438,0.07035616438
"3674",0.888154711189819,0.007035616438,0.07035616438
"3675",0.887598096737603,0.007035616438,0.07035616438
"3676",0.887895603355379,0.007035616438,0.07035616438
"3677",0.888056881221793,0.007035616438,0.07035616438
"3678",0.887866367486827,0.007035616438,0.07035616438
"3679",0.887156067192733,0.007035616438,0.07035616438
"3680",0.88853332529306,0.007035616438,0.07035616438
"3681",0.888423846442867,0.007035616438,0.07035616438
"3682",0.887236295372345,0.007035616438,0.07035616438
"3683",0.886762305427245,0.007035616438,0.07035616438
"3684",0.888572771431044,0.007035616438,0.07035616438
"3685",0.887949240052876,0.007035616438,0.07035616438
"3686",0.887701088757591,0.007035616438,0.07035616438
"3687",0.887575990537078,0.007035616438,0.07035616438
"3688",0.886729292552288,0.007035616438,0.07035616438
"3689",0.886750893071925,0.007035616438,0.07035616438
"3690",0.887990998185961,0.007035616438,0.07035616438
"3691",0.887614128754163,0.007035616438,0.07035616438
"3692",0.887842743377464,0.007035616438,0.07035616438
"3693",0.887400790032166,0.007035616438,0.07035616438
"3694",0.887511659240189,0.007035616438,0.07035616438
"3695",0.887900915910342,0.007035616438,0.07035616438
"3696",0.887223908993702,0.007035616438,0.07035616438
"3697",0.887900301912812,0.007035616438,0.07035616438
"3698",0.886594041310626,0.007035616438,0.07035616438
"3699",0.887337443052064,0.007035616438,0.07035616438
"3700",0.886878350369614,0.007035616438,0.07035616438
"3701",0.887261615947252,0.007035616438,0.07035616438
"3702",0.888382818899862,0.007035616438,0.07035616438
"3703",0.888321766389168,0.007035616438,0.07035616438
"3704",0.887193177935844,0.007035616438,0.07035616438
"3705",0.8866752336384,0.007035616438,0.07035616438
"3706",0.888573902363408,0.007035616438,0.07035616438
"3707",0.887237883870769,0.007035616438,0.07035616438
"3708",0.887489917580767,0.007035616438,0.07035616438
"3709",0.887643335967914,0.007035616438,0.07035616438
"3710",0.887800943356406,0.007035616438,0.07035616438
"3711",0.888240740788469,0.007035616438,0.07035616438
"3712",0.887605194424286,0.007035616438,0.07035616438
"3713",0.887867087177153,0.007035616438,0.07035616438
"3714",0.88697468313812,0.007035616438,0.07035616438
"3715",0.887243084230443,0.007035616438,0.07035616438
"3716",0.887500904468708,0.007035616438,0.07035616438
"3717",0.887919072141396,0.007035616438,0.07035616438
"3718",0.887656913671073,0.007035616438,0.07035616438
"3719",0.887893867173566,0.007035616438,0.07035616438
"3720",0.888364702842128,0.007035616438,0.07035616438
"3721",0.886700219067083,0.007035616438,0.07035616438
"3722",0.887180269740658,0.007035616438,0.07035616438
"3723",0.888019511104786,0.007035616438,0.07035616438
"3724",0.886466675602026,0.007035616438,0.07035616438
"3725",0.886859152662281,0.007035616438,0.07035616438
"3726",0.886856607820218,0.007035616438,0.07035616438
"3727",0.886737430282047,0.007035616438,0.07035616438
"3728",0.887416140280605,0.007035616438,0.07035616438
"3729",0.887838309476327,0.007035616438,0.07035616438
"3730",0.888320068741755,0.007035616438,0.07035616438
"3731",0.887975242293487,0.007035616438,0.07035616438
"3732",0.888683039318011,0.007035616438,0.07035616438
"3733",0.887226082794916,0.007035616438,0.07035616438
"3734",0.887456796735339,0.007035616438,0.07035616438
"3735",0.888359894951104,0.007035616438,0.07035616438
"3736",0.887593094352596,0.007035616438,0.07035616438
"3737",0.887052162321716,0.007035616438,0.07035616438
"3738",0.887224472115634,0.007035616438,0.07035616438
"3739",0.886654407756369,0.007035616438,0.07035616438
"3740",0.888772265861219,0.007035616438,0.07035616438
"3741",0.888013971012139,0.007035616438,0.07035616438
"3742",0.887912694509886,0.007035616438,0.07035616438
"3743",0.887288504101624,0.007035616438,0.07035616438
"3744",0.887559269463361,0.007035616438,0.07035616438
"3745",0.887745240601542,0.007035616438,0.07035616438
"3746",0.886979452026739,0.007035616438,0.07035616438
"3747",0.887943052842947,0.007035616438,0.07035616438
"3748",0.887431307090672,0.007035616438,0.07035616438
"3749",0.888462708976924,0.007035616438,0.07035616438
"3750",0.887837622904081,0.007035616438,0.07035616438
"3751",0.888000046402191,0.007035616438,0.07035616438
"3752",0.887256148734541,0.007035616438,0.07035616438
"3753",0.888013766862749,0.007035616438,0.07035616438
"3754",0.887640061302301,0.007035616438,0.07035616438
"3755",0.887043600846061,0.007035616438,0.07035616438
"3756",0.887800527599841,0.007035616438,0.07035616438
"3757",0.886612168392921,0.007035616438,0.07035616438
"3758",0.887947284216476,0.007035616438,0.07035616438
"3759",0.886954767791032,0.007035616438,0.07035616438
"3760",0.887032316633341,0.007035616438,0.07035616438
"3761",0.886545959405721,0.007035616438,0.07035616438
"3762",0.887290408343601,0.007035616438,0.07035616438
"3763",0.886577584755512,0.007035616438,0.07035616438
"3764",0.88684302017672,0.007035616438,0.07035616438
"3765",0.88715573080981,0.007035616438,0.07035616438
"3766",0.88806631195596,0.007035616438,0.07035616438
"3767",0.886781208092635,0.007035616438,0.07035616438
"3768",0.888309755307385,0.007035616438,0.07035616438
"3769",0.886971874594382,0.007035616438,0.07035616438
"3770",0.887668786200031,0.007035616438,0.07035616438
"3771",0.887558229304806,0.007035616438,0.07035616438
"3772",0.888050567326423,0.007035616438,0.07035616438
"3773",0.88809828272978,0.007035616438,0.07035616438
"3774",0.887353335226209,0.007035616438,0.07035616438
"3775",0.887536255682515,0.007035616438,0.07035616438
"3776",0.888054924534556,0.007035616438,0.07035616438
"3777",0.887873301245898,0.007035616438,0.07035616438
"3778",0.886880599525358,0.007035616438,0.07035616438
"3779",0.886549721347974,0.007035616438,0.07035616438
"3780",0.887316579919024,0.007035616438,0.07035616438
"3781",0.88688175946863,0.007035616438,0.07035616438
"3782",0.887092313271269,0.007035616438,0.07035616438
"3783",0.886539543923242,0.007035616438,0.07035616438
"3784",0.887520989751424,0.007035616438,0.07035616438
"3785",0.887156579282166,0.007035616438,0.07035616438
"3786",0.886937811133783,0.007035616438,0.07035616438
"3787",0.886726179692351,0.007035616438,0.07035616438
"3788",0.887415968501483,0.007035616438,0.07035616438
"3789",0.887508865805283,0.007035616438,0.07035616438
"3790",0.887475930213005,0.007035616438,0.07035616438
"3791",0.886864422608571,0.007035616438,0.07035616438
"3792",0.887236569553424,0.007035616438,0.07035616438
"3793",0.887074478679786,0.007035616438,0.07035616438
"3794",0.887641394283108,0.007035616438,0.07035616438
"3795",0.886348717307911,0.007035616438,0.07035616438
"3796",0.888081147745083,0.007035616438,0.07035616438
"3797",0.887877394547528,0.007035616438,0.07035616438
"3798",0.886932537441106,0.007035616438,0.07035616438
"3799",0.887961001998561,0.007035616438,0.07035616438
"3800",0.888117160237111,0.007035616438,0.07035616438
"3801",0.887863968385891,0.007035616438,0.07035616438
"3802",0.887478071342407,0.007035616438,0.07035616438
"3803",0.88795887677764,0.007035616438,0.07035616438
"3804",0.888272488716547,0.007035616438,0.07035616438
"3805",0.887731132567197,0.007035616438,0.07035616438
"3806",0.887304930117595,0.007035616438,0.07035616438
"3807",0.88800194039309,0.007035616438,0.07035616438
"3808",0.88823604125064,0.007035616438,0.07035616438
"3809",0.887846246650257,0.007035616438,0.07035616438
"3810",0.8875825879589,0.007035616438,0.07035616438
"3811",0.887530481559585,0.007035616438,0.07035616438
"3812",0.887563689112846,0.007035616438,0.07035616438
"3813",0.888393503957801,0.007035616438,0.07035616438
"3814",0.888551785848144,0.007035616438,0.07035616438
"3815",0.88750080224054,0.007035616438,0.07035616438
"3816",0.88779871545369,0.007035616438,0.07035616438
"3817",0.888491145916308,0.007035616438,0.07035616438
"3818",0.888129727871601,0.007035616438,0.07035616438
"3819",0.886966333428767,0.007035616438,0.07035616438
"3820",0.88793662892561,0.007035616438,0.07035616438
"3821",0.888225271362538,0.007035616438,0.07035616438
"3822",0.887303830494105,0.007035616438,0.07035616438
"3823",0.886887606939629,0.007035616438,0.07035616438
"3824",0.887140545034463,0.007035616438,0.07035616438
"3825",0.887023364353623,0.007035616438,0.07035616438
"3826",0.886610914296186,0.007035616438,0.07035616438
"3827",0.887812152643169,0.007035616438,0.07035616438
"3828",0.887030973897421,0.007035616438,0.07035616438
"3829",0.88765885719617,0.007035616438,0.07035616438
"3830",0.887618172626901,0.007035616438,0.07035616438
"3831",0.887827892140181,0.007035616438,0.07035616438
"3832",0.887726431459473,0.007035616438,0.07035616438
"3833",0.88752285187037,0.007035616438,0.07035616438
"3834",0.886864692178324,0.007035616438,0.07035616438
"3835",0.885784886403062,0.007035616438,0.07035616438
"3836",0.887759687555969,0.007035616438,0.07035616438
"3837",0.886974451387311,0.007035616438,0.07035616438
"3838",0.88776450413668,0.007035616438,0.07035616438
"3839",0.887344029233976,0.007035616438,0.07035616438
"3840",0.887635942752363,0.007035616438,0.07035616438
"3841",0.887357010621762,0.007035616438,0.07035616438
"3842",0.885706837226357,0.007035616438,0.07035616438
"3843",0.887896789567131,0.007035616438,0.07035616438
"3844",0.886314207258704,0.007035616438,0.07035616438
"3845",0.887367745404539,0.007035616438,0.07035616438
"3846",0.888176713034349,0.007035616438,0.07035616438
"3847",0.887786558117186,0.007035616438,0.07035616438
"3848",0.88784818861006,0.007035616438,0.07035616438
"3849",0.887167688474445,0.007035616438,0.07035616438
"3850",0.887663611832096,0.007035616438,0.07035616438
"3851",0.888068715560378,0.007035616438,0.07035616438
"3852",0.886895751801898,0.007035616438,0.07035616438
"3853",0.887534098048748,0.007035616438,0.07035616438
"3854",0.887855924455917,0.007035616438,0.07035616438
"3855",0.887913792258128,0.007035616438,0.07035616438
"3856",0.886827006464915,0.007035616438,0.07035616438
"3857",0.887677334551797,0.007035616438,0.07035616438
"3858",0.887313350641147,0.007035616438,0.07035616438
"3859",0.887714302695973,0.007035616438,0.07035616438
"3860",0.88752140841386,0.007035616438,0.07035616438
"3861",0.887900173565451,0.007035616438,0.07035616438
"3862",0.886950689910695,0.007035616438,0.07035616438
"3863",0.887399616520576,0.007035616438,0.07035616438
"3864",0.888620157585792,0.007035616438,0.07035616438
"3865",0.888090753218681,0.007035616438,0.07035616438
"3866",0.888437448768699,0.007035616438,0.07035616438
"3867",0.886940465674251,0.007035616438,0.07035616438
"3868",0.888676658379789,0.007035616438,0.07035616438
"3869",0.888245668713354,0.007035616438,0.07035616438
"3870",0.888102362730133,0.007035616438,0.07035616438
"3871",0.887469633021195,0.007035616438,0.07035616438
"3872",0.887547451911374,0.007035616438,0.07035616438
"3873",0.888860789690437,0.007035616438,0.07035616438
"3874",0.888303546991973,0.007035616438,0.07035616438
"3875",0.886606154615684,0.007035616438,0.07035616438
"3876",0.886338882734634,0.007035616438,0.07035616438
"3877",0.886730144663003,0.007035616438,0.07035616438
"3878",0.886473022383431,0.007035616438,0.07035616438
"3879",0.886899087464025,0.007035616438,0.07035616438
"3880",0.887835396987711,0.007035616438,0.07035616438
"3881",0.888290865518875,0.007035616438,0.07035616438
"3882",0.887821298086672,0.007035616438,0.07035616438
"3883",0.887090802914665,0.007035616438,0.07035616438
"3884",0.886842431240342,0.007035616438,0.07035616438
"3885",0.888851749593842,0.007035616438,0.07035616438
"3886",0.886436740813628,0.007035616438,0.07035616438
"3887",0.886917911644579,0.007035616438,0.07035616438
"3888",0.888951591865722,0.007035616438,0.07035616438
"3889",0.887893576895864,0.007035616438,0.07035616438
"3890",0.887210366006544,0.007035616438,0.07035616438
"3891",0.887097014193863,0.007035616438,0.07035616438
"3892",0.887601810736148,0.007035616438,0.07035616438
"3893",0.886380764544292,0.007035616438,0.07035616438
"3894",0.8870145367966,0.007035616438,0.07035616438
"3895",0.888082090200251,0.007035616438,0.07035616438
"3896",0.887703074329865,0.007035616438,0.07035616438
"3897",0.887427275333223,0.007035616438,0.07035616438
"3898",0.886926898329946,0.007035616438,0.07035616438
"3899",0.888119186286721,0.007035616438,0.07035616438
"3900",0.887864637364562,0.007035616438,0.07035616438
"3901",0.886520447868948,0.007035616438,0.07035616438
"3902",0.887740886418209,0.007035616438,0.07035616438
"3903",0.886822578606155,0.007035616438,0.07035616438
"3904",0.887130852770199,0.007035616438,0.07035616438
"3905",0.887427766630038,0.007035616438,0.07035616438
"3906",0.886905446503601,0.007035616438,0.07035616438
"3907",0.888240578082933,0.007035616438,0.07035616438
"3908",0.887496978574091,0.007035616438,0.07035616438
"3909",0.888087927376603,0.007035616438,0.07035616438
"3910",0.887586169449562,0.007035616438,0.07035616438
"3911",0.888678781258826,0.007035616438,0.07035616438
"3912",0.887177613934842,0.007035616438,0.07035616438
"3913",0.887537486515129,0.007035616438,0.07035616438
"3914",0.886750292594508,0.007035616438,0.07035616438
"3915",0.887980507688821,0.007035616438,0.07035616438
"3916",0.88780724288558,0.007035616438,0.07035616438
"3917",0.887568300497379,0.007035616438,0.07035616438
"3918",0.88769984298593,0.007035616438,0.07035616438
"3919",0.888541996495658,0.007035616438,0.07035616438
"3920",0.888435519276574,0.007035616438,0.07035616438
"3921",0.887198337153751,0.007035616438,0.07035616438
"3922",0.88769138000978,0.007035616438,0.07035616438
"3923",0.886951563735578,0.007035616438,0.07035616438
"3924",0.88759712438547,0.007035616438,0.07035616438
"3925",0.888301784381979,0.007035616438,0.07035616438
"3926",0.886614498181123,0.007035616438,0.07035616438
"3927",0.887519675886766,0.007035616438,0.07035616438
"3928",0.888352113076571,0.007035616438,0.07035616438
"3929",0.888198217896217,0.007035616438,0.07035616438
"3930",0.887824115039284,0.007035616438,0.07035616438
"3931",0.886947850362092,0.007035616438,0.07035616438
"3932",0.887537261649063,0.007035616438,0.07035616438
"3933",0.888686996703246,0.007035616438,0.07035616438
"3934",0.888063144588522,0.007035616438,0.07035616438
"3935",0.886614310469044,0.007035616438,0.07035616438
"3936",0.886724194375318,0.007035616438,0.07035616438
"3937",0.887231503042986,0.007035616438,0.07035616438
"3938",0.887293842600746,0.007035616438,0.07035616438
"3939",0.887930126240774,0.007035616438,0.07035616438
"3940",0.887156841331646,0.007035616438,0.07035616438
"3941",0.88688867163597,0.007035616438,0.07035616438
"3942",0.888187914708538,0.007035616438,0.07035616438
"3943",0.887646442385034,0.007035616438,0.07035616438
"3944",0.887796808005012,0.007035616438,0.07035616438
"3945",0.887246407031025,0.007035616438,0.07035616438
"3946",0.886536202576626,0.007035616438,0.07035616438
"3947",0.888627763563232,0.007035616438,0.07035616438
"3948",0.88698142046193,0.007035616438,0.07035616438
"3949",0.887798692765531,0.007035616438,0.07035616438
"3950",0.888072785008996,0.007035616438,0.07035616438
"3951",0.887003426520632,0.007035616438,0.07035616438
"3952",0.886856771516686,0.007035616438,0.07035616438
"3953",0.886493802612711,0.007035616438,0.07035616438
"3954",0.886970110221575,0.007035616438,0.07035616438
"3955",0.887261745864988,0.007035616438,0.07035616438
"3956",0.888375659374552,0.007035616438,0.07035616438
"3957",0.887307733184227,0.007035616438,0.07035616438
"3958",0.886321907897753,0.007035616438,0.07035616438
"3959",0.888709757015796,0.007035616438,0.07035616438
"3960",0.888022180116762,0.007035616438,0.07035616438
"3961",0.887830385021716,0.007035616438,0.07035616438
"3962",0.88789722521397,0.007035616438,0.07035616438
"3963",0.886947177724898,0.007035616438,0.07035616438
"3964",0.887228431328386,0.007035616438,0.07035616438
"3965",0.887530321348803,0.007035616438,0.07035616438
"3966",0.887506453841509,0.007035616438,0.07035616438
"3967",0.888191331621348,0.007035616438,0.07035616438
"3968",0.887736203240896,0.007035616438,0.07035616438
"3969",0.88799598025593,0.007035616438,0.07035616438
"3970",0.887715168712827,0.007035616438,0.07035616438
"3971",0.888386933292384,0.007035616438,0.07035616438
"3972",0.887246371986635,0.007035616438,0.07035616438
"3973",0.887273430501039,0.007035616438,0.07035616438
"3974",0.88742636361865,0.007035616438,0.07035616438
"3975",0.888013723132683,0.007035616438,0.07035616438
"3976",0.887869648632287,0.007035616438,0.07035616438
"3977",0.887648850773349,0.007035616438,0.07035616438
"3978",0.88732704306762,0.007035616438,0.07035616438
"3979",0.887853284643472,0.007035616438,0.07035616438
"3980",0.887429996109954,0.007035616438,0.07035616438
"3981",0.887230485484342,0.007035616438,0.07035616438
"3982",0.887374194766096,0.007035616438,0.07035616438
"3983",0.888433628554165,0.007035616438,0.07035616438
"3984",0.886286672699649,0.007035616438,0.07035616438
"3985",0.887123205408381,0.007035616438,0.07035616438
"3986",0.887854695781241,0.007035616438,0.07035616438
"3987",0.886982018610654,0.007035616438,0.07035616438
"3988",0.886911029318411,0.007035616438,0.07035616438
"3989",0.888223912620211,0.007035616438,0.07035616438
"3990",0.887801685556938,0.007035616438,0.07035616438
"3991",0.887162217117881,0.007035616438,0.07035616438
"3992",0.88810458445026,0.007035616438,0.07035616438
"3993",0.886474971085728,0.007035616438,0.07035616438
"3994",0.886540184452227,0.007035616438,0.07035616438
"3995",0.887713474448549,0.007035616438,0.07035616438
"3996",0.886821551048885,0.007035616438,0.07035616438
"3997",0.888834834503552,0.007035616438,0.07035616438
"3998",0.887488256848112,0.007035616438,0.07035616438
"3999",0.887223339523384,0.007035616438,0.07035616438
"4000",0.886748830667876,0.007035616438,0.07035616438
"4001",0.887138943795544,0.007035616438,0.07035616438
"4002",0.898146432290559,0.008032876712,0.08032876712
"4003",0.898977118920883,0.008032876712,0.08032876712
"4004",0.898504032139744,0.008032876712,0.08032876712
"4005",0.898651698630444,0.008032876712,0.08032876712
"4006",0.898918658498064,0.008032876712,0.08032876712
"4007",0.899289401063057,0.008032876712,0.08032876712
"4008",0.899714120925141,0.008032876712,0.08032876712
"4009",0.899010277183731,0.008032876712,0.08032876712
"4010",0.899085613536888,0.008032876712,0.08032876712
"4011",0.899853722143528,0.008032876712,0.08032876712
"4012",0.899097014085881,0.008032876712,0.08032876712
"4013",0.899947170985605,0.008032876712,0.08032876712
"4014",0.898660744801299,0.008032876712,0.08032876712
"4015",0.898112128470303,0.008032876712,0.08032876712
"4016",0.89921518384611,0.008032876712,0.08032876712
"4017",0.898214502613334,0.008032876712,0.08032876712
"4018",0.8996799949589,0.008032876712,0.08032876712
"4019",0.898911622868755,0.008032876712,0.08032876712
"4020",0.898632655800142,0.008032876712,0.08032876712
"4021",0.899691694440621,0.008032876712,0.08032876712
"4022",0.898668328626083,0.008032876712,0.08032876712
"4023",0.899010849978371,0.008032876712,0.08032876712
"4024",0.898643519834346,0.008032876712,0.08032876712
"4025",0.900126950212879,0.008032876712,0.08032876712
"4026",0.899738490336103,0.008032876712,0.08032876712
"4027",0.89816425661514,0.008032876712,0.08032876712
"4028",0.898368896541247,0.008032876712,0.08032876712
"4029",0.898967546872445,0.008032876712,0.08032876712
"4030",0.899681004996592,0.008032876712,0.08032876712
"4031",0.898508355829508,0.008032876712,0.08032876712
"4032",0.898591346407852,0.008032876712,0.08032876712
"4033",0.899666787172735,0.008032876712,0.08032876712
"4034",0.898629535307714,0.008032876712,0.08032876712
"4035",0.899614962448468,0.008032876712,0.08032876712
"4036",0.898994111299648,0.008032876712,0.08032876712
"4037",0.900343068371158,0.008032876712,0.08032876712
"4038",0.898506979883201,0.008032876712,0.08032876712
"4039",0.899911440391334,0.008032876712,0.08032876712
"4040",0.898011823469286,0.008032876712,0.08032876712
"4041",0.899589611500091,0.008032876712,0.08032876712
"4042",0.899435494819193,0.008032876712,0.08032876712
"4043",0.900208404891,0.008032876712,0.08032876712
"4044",0.89977797883803,0.008032876712,0.08032876712
"4045",0.898915247205934,0.008032876712,0.08032876712
"4046",0.899374738962646,0.008032876712,0.08032876712
"4047",0.898424055079922,0.008032876712,0.08032876712
"4048",0.898005987367604,0.008032876712,0.08032876712
"4049",0.899064051602388,0.008032876712,0.08032876712
"4050",0.899210806012525,0.008032876712,0.08032876712
"4051",0.898692572725665,0.008032876712,0.08032876712
"4052",0.897871122861179,0.008032876712,0.08032876712
"4053",0.898554034671451,0.008032876712,0.08032876712
"4054",0.8987502517466,0.008032876712,0.08032876712
"4055",0.899650257570485,0.008032876712,0.08032876712
"4056",0.898958051600924,0.008032876712,0.08032876712
"4057",0.899297046903262,0.008032876712,0.08032876712
"4058",0.899276763229064,0.008032876712,0.08032876712
"4059",0.898611227103968,0.008032876712,0.08032876712
"4060",0.898909658692665,0.008032876712,0.08032876712
"4061",0.899083296097617,0.008032876712,0.08032876712
"4062",0.899503532477609,0.008032876712,0.08032876712
"4063",0.89857121410197,0.008032876712,0.08032876712
"4064",0.898569701164397,0.008032876712,0.08032876712
"4065",0.899496565451463,0.008032876712,0.08032876712
"4066",0.898635232447054,0.008032876712,0.08032876712
"4067",0.899166210181483,0.008032876712,0.08032876712
"4068",0.899099918384778,0.008032876712,0.08032876712
"4069",0.900500063511852,0.008032876712,0.08032876712
"4070",0.899105244568349,0.008032876712,0.08032876712
"4071",0.899566357191803,0.008032876712,0.08032876712
"4072",0.899939360834608,0.008032876712,0.08032876712
"4073",0.89906540325841,0.008032876712,0.08032876712
"4074",0.899487516344711,0.008032876712,0.08032876712
"4075",0.899619482904286,0.008032876712,0.08032876712
"4076",0.899751951103618,0.008032876712,0.08032876712
"4077",0.898601282575929,0.008032876712,0.08032876712
"4078",0.898927930054759,0.008032876712,0.08032876712
"4079",0.899202726414515,0.008032876712,0.08032876712
"4080",0.899707273026091,0.008032876712,0.08032876712
"4081",0.899259888888196,0.008032876712,0.08032876712
"4082",0.897826212906969,0.008032876712,0.08032876712
"4083",0.898904387699908,0.008032876712,0.08032876712
"4084",0.899294006964687,0.008032876712,0.08032876712
"4085",0.899031214726296,0.008032876712,0.08032876712
"4086",0.898611389534071,0.008032876712,0.08032876712
"4087",0.898292138740863,0.008032876712,0.08032876712
"4088",0.898229383264909,0.008032876712,0.08032876712
"4089",0.89835379755913,0.008032876712,0.08032876712
"4090",0.8997778456322,0.008032876712,0.08032876712
"4091",0.899126393783851,0.008032876712,0.08032876712
"4092",0.898925099219601,0.008032876712,0.08032876712
"4093",0.899404702016376,0.008032876712,0.08032876712
"4094",0.899176929491422,0.008032876712,0.08032876712
"4095",0.898829481593975,0.008032876712,0.08032876712
"4096",0.899241842170789,0.008032876712,0.08032876712
"4097",0.899307756432024,0.008032876712,0.08032876712
"4098",0.899251238318962,0.008032876712,0.08032876712
"4099",0.899254701853624,0.008032876712,0.08032876712
"4100",0.899486747317857,0.008032876712,0.08032876712
"4101",0.898628677266184,0.008032876712,0.08032876712
"4102",0.899449734320831,0.008032876712,0.08032876712
"4103",0.899562617091961,0.008032876712,0.08032876712
"4104",0.899129127543225,0.008032876712,0.08032876712
"4105",0.899060681328404,0.008032876712,0.08032876712
"4106",0.899595035820989,0.008032876712,0.08032876712
"4107",0.89818106684242,0.008032876712,0.08032876712
"4108",0.898962419628668,0.008032876712,0.08032876712
"4109",0.898849723212176,0.008032876712,0.08032876712
"4110",0.898428123615236,0.008032876712,0.08032876712
"4111",0.899198844836835,0.008032876712,0.08032876712
"4112",0.899625605432167,0.008032876712,0.08032876712
"4113",0.898856558596346,0.008032876712,0.08032876712
"4114",0.898828838185046,0.008032876712,0.08032876712
"4115",0.897512338670116,0.008032876712,0.08032876712
"4116",0.897922434993881,0.008032876712,0.08032876712
"4117",0.8989296191777,0.008032876712,0.08032876712
"4118",0.897821109921746,0.008032876712,0.08032876712
"4119",0.899686880260471,0.008032876712,0.08032876712
"4120",0.89889218972071,0.008032876712,0.08032876712
"4121",0.899355819862359,0.008032876712,0.08032876712
"4122",0.898094750103406,0.008032876712,0.08032876712
"4123",0.898140512266416,0.008032876712,0.08032876712
"4124",0.900228854989728,0.008032876712,0.08032876712
"4125",0.899155711481881,0.008032876712,0.08032876712
"4126",0.898637591328489,0.008032876712,0.08032876712
"4127",0.898613465717687,0.008032876712,0.08032876712
"4128",0.898517199324675,0.008032876712,0.08032876712
"4129",0.899419412571179,0.008032876712,0.08032876712
"4130",0.898329088360145,0.008032876712,0.08032876712
"4131",0.899399567685153,0.008032876712,0.08032876712
"4132",0.899837154157456,0.008032876712,0.08032876712
"4133",0.898038944331938,0.008032876712,0.08032876712
"4134",0.897558965939004,0.008032876712,0.08032876712
"4135",0.898323597094295,0.008032876712,0.08032876712
"4136",0.898069115823946,0.008032876712,0.08032876712
"4137",0.8989401639749,0.008032876712,0.08032876712
"4138",0.899610640573068,0.008032876712,0.08032876712
"4139",0.899134547720111,0.008032876712,0.08032876712
"4140",0.899965531264975,0.008032876712,0.08032876712
"4141",0.898175749889572,0.008032876712,0.08032876712
"4142",0.899341821962509,0.008032876712,0.08032876712
"4143",0.899157553220163,0.008032876712,0.08032876712
"4144",0.898098081332773,0.008032876712,0.08032876712
"4145",0.898970592461986,0.008032876712,0.08032876712
"4146",0.898067948484078,0.008032876712,0.08032876712
"4147",0.898500033648888,0.008032876712,0.08032876712
"4148",0.89870073242001,0.008032876712,0.08032876712
"4149",0.898438198184473,0.008032876712,0.08032876712
"4150",0.898941080849465,0.008032876712,0.08032876712
"4151",0.899457306884615,0.008032876712,0.08032876712
"4152",0.899012401763577,0.008032876712,0.08032876712
"4153",0.899103936937271,0.008032876712,0.08032876712
"4154",0.89936662826997,0.008032876712,0.08032876712
"4155",0.899267477987791,0.008032876712,0.08032876712
"4156",0.899333424465299,0.008032876712,0.08032876712
"4157",0.89901166461936,0.008032876712,0.08032876712
"4158",0.898761418253747,0.008032876712,0.08032876712
"4159",0.898479166497988,0.008032876712,0.08032876712
"4160",0.899259606730968,0.008032876712,0.08032876712
"4161",0.89815370456672,0.008032876712,0.08032876712
"4162",0.899470077763927,0.008032876712,0.08032876712
"4163",0.897912734988212,0.008032876712,0.08032876712
"4164",0.898626676532879,0.008032876712,0.08032876712
"4165",0.898607324017882,0.008032876712,0.08032876712
"4166",0.899256800931466,0.008032876712,0.08032876712
"4167",0.897651237842989,0.008032876712,0.08032876712
"4168",0.898196434460531,0.008032876712,0.08032876712
"4169",0.898671102144956,0.008032876712,0.08032876712
"4170",0.899326681542738,0.008032876712,0.08032876712
"4171",0.899566510607262,0.008032876712,0.08032876712
"4172",0.899611929252444,0.008032876712,0.08032876712
"4173",0.898942108615213,0.008032876712,0.08032876712
"4174",0.89913325979521,0.008032876712,0.08032876712
"4175",0.900067138020157,0.008032876712,0.08032876712
"4176",0.899330380713974,0.008032876712,0.08032876712
"4177",0.897437420261571,0.008032876712,0.08032876712
"4178",0.899075753149889,0.008032876712,0.08032876712
"4179",0.898704813429255,0.008032876712,0.08032876712
"4180",0.899285900976285,0.008032876712,0.08032876712
"4181",0.898061714425922,0.008032876712,0.08032876712
"4182",0.898693657976001,0.008032876712,0.08032876712
"4183",0.899624193087538,0.008032876712,0.08032876712
"4184",0.898740418458585,0.008032876712,0.08032876712
"4185",0.899281458350037,0.008032876712,0.08032876712
"4186",0.899162530604524,0.008032876712,0.08032876712
"4187",0.899136466978464,0.008032876712,0.08032876712
"4188",0.898808522655645,0.008032876712,0.08032876712
"4189",0.899171691493334,0.008032876712,0.08032876712
"4190",0.898801646435142,0.008032876712,0.08032876712
"4191",0.898662355729117,0.008032876712,0.08032876712
"4192",0.899348550125773,0.008032876712,0.08032876712
"4193",0.898820126604665,0.008032876712,0.08032876712
"4194",0.897762075886642,0.008032876712,0.08032876712
"4195",0.897720011692595,0.008032876712,0.08032876712
"4196",0.899242119453311,0.008032876712,0.08032876712
"4197",0.898816220570498,0.008032876712,0.08032876712
"4198",0.899085230630095,0.008032876712,0.08032876712
"4199",0.899520808848898,0.008032876712,0.08032876712
"4200",0.898136256962593,0.008032876712,0.08032876712
"4201",0.899229565249237,0.008032876712,0.08032876712
"4202",0.899024176075654,0.008032876712,0.08032876712
"4203",0.899357796872118,0.008032876712,0.08032876712
"4204",0.897900855218504,0.008032876712,0.08032876712
"4205",0.89838541754869,0.008032876712,0.08032876712
"4206",0.89965200660089,0.008032876712,0.08032876712
"4207",0.89915745978653,0.008032876712,0.08032876712
"4208",0.899561321152281,0.008032876712,0.08032876712
"4209",0.898292783514193,0.008032876712,0.08032876712
"4210",0.898122989877065,0.008032876712,0.08032876712
"4211",0.898708817604164,0.008032876712,0.08032876712
"4212",0.899318207518186,0.008032876712,0.08032876712
"4213",0.898448699079485,0.008032876712,0.08032876712
"4214",0.89817805646122,0.008032876712,0.08032876712
"4215",0.898289252825915,0.008032876712,0.08032876712
"4216",0.896896936376868,0.008032876712,0.08032876712
"4217",0.899266815809937,0.008032876712,0.08032876712
"4218",0.899078944587892,0.008032876712,0.08032876712
"4219",0.8991631882747,0.008032876712,0.08032876712
"4220",0.899846486362128,0.008032876712,0.08032876712
"4221",0.89878943701297,0.008032876712,0.08032876712
"4222",0.89861381131558,0.008032876712,0.08032876712
"4223",0.897937332531786,0.008032876712,0.08032876712
"4224",0.898487683259602,0.008032876712,0.08032876712
"4225",0.898635993244676,0.008032876712,0.08032876712
"4226",0.898480538495712,0.008032876712,0.08032876712
"4227",0.898285925882851,0.008032876712,0.08032876712
"4228",0.89862466368558,0.008032876712,0.08032876712
"4229",0.898394005337712,0.008032876712,0.08032876712
"4230",0.898731285338429,0.008032876712,0.08032876712
"4231",0.898246030344425,0.008032876712,0.08032876712
"4232",0.89917931544225,0.008032876712,0.08032876712
"4233",0.899184769990255,0.008032876712,0.08032876712
"4234",0.900147985797852,0.008032876712,0.08032876712
"4235",0.898957314606606,0.008032876712,0.08032876712
"4236",0.898374056848155,0.008032876712,0.08032876712
"4237",0.899060443627974,0.008032876712,0.08032876712
"4238",0.899761861588295,0.008032876712,0.08032876712
"4239",0.898515617321337,0.008032876712,0.08032876712
"4240",0.89923101883843,0.008032876712,0.08032876712
"4241",0.898579196220733,0.008032876712,0.08032876712
"4242",0.899351948268087,0.008032876712,0.08032876712
"4243",0.899251338601638,0.008032876712,0.08032876712
"4244",0.898989085328025,0.008032876712,0.08032876712
"4245",0.898459440713331,0.008032876712,0.08032876712
"4246",0.898929054234833,0.008032876712,0.08032876712
"4247",0.899575915350172,0.008032876712,0.08032876712
"4248",0.898371874382439,0.008032876712,0.08032876712
"4249",0.899235897131818,0.008032876712,0.08032876712
"4250",0.89886718205221,0.008032876712,0.08032876712
"4251",0.898982057246635,0.008032876712,0.08032876712
"4252",0.899086094442926,0.008032876712,0.08032876712
"4253",0.900384147325054,0.008032876712,0.08032876712
"4254",0.899258092255198,0.008032876712,0.08032876712
"4255",0.898738509374611,0.008032876712,0.08032876712
"4256",0.897411712464321,0.008032876712,0.08032876712
"4257",0.898901216645315,0.008032876712,0.08032876712
"4258",0.898758372152271,0.008032876712,0.08032876712
"4259",0.898988045631286,0.008032876712,0.08032876712
"4260",0.898768328196964,0.008032876712,0.08032876712
"4261",0.90000348739723,0.008032876712,0.08032876712
"4262",0.900290074334596,0.008032876712,0.08032876712
"4263",0.898600652242587,0.008032876712,0.08032876712
"4264",0.898877648649903,0.008032876712,0.08032876712
"4265",0.89965808766423,0.008032876712,0.08032876712
"4266",0.898908147928563,0.008032876712,0.08032876712
"4267",0.898189058001892,0.008032876712,0.08032876712
"4268",0.898793516562386,0.008032876712,0.08032876712
"4269",0.89836118215811,0.008032876712,0.08032876712
"4270",0.899225538700237,0.008032876712,0.08032876712
"4271",0.899313079273257,0.008032876712,0.08032876712
"4272",0.898373168084438,0.008032876712,0.08032876712
"4273",0.899029454362815,0.008032876712,0.08032876712
"4274",0.898829204845406,0.008032876712,0.08032876712
"4275",0.900075662154947,0.008032876712,0.08032876712
"4276",0.899392775698969,0.008032876712,0.08032876712
"4277",0.898981522296873,0.008032876712,0.08032876712
"4278",0.898698761921065,0.008032876712,0.08032876712
"4279",0.899770714612637,0.008032876712,0.08032876712
"4280",0.897559520516653,0.008032876712,0.08032876712
"4281",0.898595498953615,0.008032876712,0.08032876712
"4282",0.899226863645837,0.008032876712,0.08032876712
"4283",0.898752186638753,0.008032876712,0.08032876712
"4284",0.899718544638521,0.008032876712,0.08032876712
"4285",0.89941137630207,0.008032876712,0.08032876712
"4286",0.899516565464002,0.008032876712,0.08032876712
"4287",0.898444297373663,0.008032876712,0.08032876712
"4288",0.898789942438939,0.008032876712,0.08032876712
"4289",0.899442066520146,0.008032876712,0.08032876712
"4290",0.898133342586926,0.008032876712,0.08032876712
"4291",0.899636967085619,0.008032876712,0.08032876712
"4292",0.899165899647502,0.008032876712,0.08032876712
"4293",0.89814951221822,0.008032876712,0.08032876712
"4294",0.898458170874934,0.008032876712,0.08032876712
"4295",0.899128850410053,0.008032876712,0.08032876712
"4296",0.897855135344916,0.008032876712,0.08032876712
"4297",0.898993533082145,0.008032876712,0.08032876712
"4298",0.899090315789919,0.008032876712,0.08032876712
"4299",0.898531990210119,0.008032876712,0.08032876712
"4300",0.898474839369595,0.008032876712,0.08032876712
"4301",0.898530134642889,0.008032876712,0.08032876712
"4302",0.897925866188528,0.008032876712,0.08032876712
"4303",0.899407355046335,0.008032876712,0.08032876712
"4304",0.898000809404178,0.008032876712,0.08032876712
"4305",0.899804277452993,0.008032876712,0.08032876712
"4306",0.898330112200963,0.008032876712,0.08032876712
"4307",0.898448659558998,0.008032876712,0.08032876712
"4308",0.898609340422582,0.008032876712,0.08032876712
"4309",0.899189538644895,0.008032876712,0.08032876712
"4310",0.90014505509855,0.008032876712,0.08032876712
"4311",0.899842077631259,0.008032876712,0.08032876712
"4312",0.899106873205542,0.008032876712,0.08032876712
"4313",0.898965807299936,0.008032876712,0.08032876712
"4314",0.899176309461157,0.008032876712,0.08032876712
"4315",0.899239384620486,0.008032876712,0.08032876712
"4316",0.898595982209404,0.008032876712,0.08032876712
"4317",0.899125390459547,0.008032876712,0.08032876712
"4318",0.899388546570079,0.008032876712,0.08032876712
"4319",0.899906773883135,0.008032876712,0.08032876712
"4320",0.898670032582673,0.008032876712,0.08032876712
"4321",0.899273472800784,0.008032876712,0.08032876712
"4322",0.899544498256661,0.008032876712,0.08032876712
"4323",0.898911912066563,0.008032876712,0.08032876712
"4324",0.898450759366685,0.008032876712,0.08032876712
"4325",0.898313696785204,0.008032876712,0.08032876712
"4326",0.898685654129358,0.008032876712,0.08032876712
"4327",0.898974735697042,0.008032876712,0.08032876712
"4328",0.899920117329816,0.008032876712,0.08032876712
"4329",0.899199178224519,0.008032876712,0.08032876712
"4330",0.899125585330193,0.008032876712,0.08032876712
"4331",0.898587725559553,0.008032876712,0.08032876712
"4332",0.897734119830762,0.008032876712,0.08032876712
"4333",0.897727451270165,0.008032876712,0.08032876712
"4334",0.900336901944229,0.008032876712,0.08032876712
"4335",0.899199782845797,0.008032876712,0.08032876712
"4336",0.898373388817143,0.008032876712,0.08032876712
"4337",0.899434506324542,0.008032876712,0.08032876712
"4338",0.898608723260251,0.008032876712,0.08032876712
"4339",0.899221749190334,0.008032876712,0.08032876712
"4340",0.899092596574983,0.008032876712,0.08032876712
"4341",0.897982789996364,0.008032876712,0.08032876712
"4342",0.899007052785411,0.008032876712,0.08032876712
"4343",0.898112760018602,0.008032876712,0.08032876712
"4344",0.899033947406499,0.008032876712,0.08032876712
"4345",0.898452805760841,0.008032876712,0.08032876712
"4346",0.899306799149201,0.008032876712,0.08032876712
"4347",0.898702473390567,0.008032876712,0.08032876712
"4348",0.898359435122763,0.008032876712,0.08032876712
"4349",0.898513149909282,0.008032876712,0.08032876712
"4350",0.897836522303369,0.008032876712,0.08032876712
"4351",0.898103119337959,0.008032876712,0.08032876712
"4352",0.897656702909392,0.008032876712,0.08032876712
"4353",0.89999317962673,0.008032876712,0.08032876712
"4354",0.898642375145177,0.008032876712,0.08032876712
"4355",0.899105139374151,0.008032876712,0.08032876712
"4356",0.899659785572667,0.008032876712,0.08032876712
"4357",0.898779924147903,0.008032876712,0.08032876712
"4358",0.898071472333882,0.008032876712,0.08032876712
"4359",0.898541115589396,0.008032876712,0.08032876712
"4360",0.899619219308918,0.008032876712,0.08032876712
"4361",0.898671307082083,0.008032876712,0.08032876712
"4362",0.898703041390558,0.008032876712,0.08032876712
"4363",0.899260337342668,0.008032876712,0.08032876712
"4364",0.899432774917603,0.008032876712,0.08032876712
"4365",0.898265734650839,0.008032876712,0.08032876712
"4366",0.899294512054873,0.008032876712,0.08032876712
"4367",0.898956482464105,0.008032876712,0.08032876712
"4368",0.898944312417827,0.008032876712,0.08032876712
"4369",0.899079025083386,0.008032876712,0.08032876712
"4370",0.899382239273123,0.008032876712,0.08032876712
"4371",0.898364475400518,0.008032876712,0.08032876712
"4372",0.899407939616656,0.008032876712,0.08032876712
"4373",0.898792598577578,0.008032876712,0.08032876712
"4374",0.899576682501358,0.008032876712,0.08032876712
"4375",0.899265127396764,0.008032876712,0.08032876712
"4376",0.898645023433206,0.008032876712,0.08032876712
"4377",0.898837531525588,0.008032876712,0.08032876712
"4378",0.89889304622344,0.008032876712,0.08032876712
"4379",0.899701204640756,0.008032876712,0.08032876712
"4380",0.900001113401708,0.008032876712,0.08032876712
"4381",0.899350435258623,0.008032876712,0.08032876712
"4382",0.898782807283774,0.008032876712,0.08032876712
"4383",0.898502177522973,0.008032876712,0.08032876712
"4384",0.897541576905554,0.008032876712,0.08032876712
"4385",0.898870553980878,0.008032876712,0.08032876712
"4386",0.898778605938225,0.008032876712,0.08032876712
"4387",0.899285127795274,0.008032876712,0.08032876712
"4388",0.898589085776918,0.008032876712,0.08032876712
"4389",0.900023842217014,0.008032876712,0.08032876712
"4390",0.899501294824428,0.008032876712,0.08032876712
"4391",0.897992077218219,0.008032876712,0.08032876712
"4392",0.899243557636088,0.008032876712,0.08032876712
"4393",0.898958337671855,0.008032876712,0.08032876712
"4394",0.898404465676225,0.008032876712,0.08032876712
"4395",0.898417275854063,0.008032876712,0.08032876712
"4396",0.899770416560353,0.008032876712,0.08032876712
"4397",0.899109031845488,0.008032876712,0.08032876712
"4398",0.898782290317767,0.008032876712,0.08032876712
"4399",0.898641157214503,0.008032876712,0.08032876712
"4400",0.899456146785151,0.008032876712,0.08032876712
"4401",0.899387199085977,0.008032876712,0.08032876712
"4402",0.899697109131434,0.008032876712,0.08032876712
"4403",0.899231882535782,0.008032876712,0.08032876712
"4404",0.89989161737005,0.008032876712,0.08032876712
"4405",0.898748688993596,0.008032876712,0.08032876712
"4406",0.899540475301437,0.008032876712,0.08032876712
"4407",0.898532473716578,0.008032876712,0.08032876712
"4408",0.897717535747741,0.008032876712,0.08032876712
"4409",0.898930468693977,0.008032876712,0.08032876712
"4410",0.898874602509478,0.008032876712,0.08032876712
"4411",0.899671107138646,0.008032876712,0.08032876712
"4412",0.899526131412491,0.008032876712,0.08032876712
"4413",0.898775790468812,0.008032876712,0.08032876712
"4414",0.898459969738589,0.008032876712,0.08032876712
"4415",0.89909371085868,0.008032876712,0.08032876712
"4416",0.898496903629666,0.008032876712,0.08032876712
"4417",0.899932138519111,0.008032876712,0.08032876712
"4418",0.898821061178779,0.008032876712,0.08032876712
"4419",0.899083817729576,0.008032876712,0.08032876712
"4420",0.899190680729853,0.008032876712,0.08032876712
"4421",0.898132925437578,0.008032876712,0.08032876712
"4422",0.89925527774084,0.008032876712,0.08032876712
"4423",0.89886498724085,0.008032876712,0.08032876712
"4424",0.898654122654187,0.008032876712,0.08032876712
"4425",0.89812730750219,0.008032876712,0.08032876712
"4426",0.898543468149314,0.008032876712,0.08032876712
"4427",0.898862696511716,0.008032876712,0.08032876712
"4428",0.898929748586528,0.008032876712,0.08032876712
"4429",0.89891679934555,0.008032876712,0.08032876712
"4430",0.898805373847761,0.008032876712,0.08032876712
"4431",0.899058040354809,0.008032876712,0.08032876712
"4432",0.898412554968562,0.008032876712,0.08032876712
"4433",0.899183758384307,0.008032876712,0.08032876712
"4434",0.898985920306685,0.008032876712,0.08032876712
"4435",0.898671157193245,0.008032876712,0.08032876712
"4436",0.898871863533397,0.008032876712,0.08032876712
"4437",0.899577941991978,0.008032876712,0.08032876712
"4438",0.899158141453594,0.008032876712,0.08032876712
"4439",0.898604870288598,0.008032876712,0.08032876712
"4440",0.898971321709582,0.008032876712,0.08032876712
"4441",0.899226606762323,0.008032876712,0.08032876712
"4442",0.90042604085372,0.008032876712,0.08032876712
"4443",0.898847156037703,0.008032876712,0.08032876712
"4444",0.898528576238736,0.008032876712,0.08032876712
"4445",0.898468805926539,0.008032876712,0.08032876712
"4446",0.900439014732898,0.008032876712,0.08032876712
"4447",0.89849580116287,0.008032876712,0.08032876712
"4448",0.898284195011615,0.008032876712,0.08032876712
"4449",0.899606873686109,0.008032876712,0.08032876712
"4450",0.897973142476604,0.008032876712,0.08032876712
"4451",0.89843805529033,0.008032876712,0.08032876712
"4452",0.898989726736082,0.008032876712,0.08032876712
"4453",0.898614898663862,0.008032876712,0.08032876712
"4454",0.898891444693288,0.008032876712,0.08032876712
"4455",0.898643671824254,0.008032876712,0.08032876712
"4456",0.898620196175206,0.008032876712,0.08032876712
"4457",0.899183832297882,0.008032876712,0.08032876712
"4458",0.899179564002919,0.008032876712,0.08032876712
"4459",0.899277288524047,0.008032876712,0.08032876712
"4460",0.898853416974983,0.008032876712,0.08032876712
"4461",0.899238018318454,0.008032876712,0.08032876712
"4462",0.899426649133981,0.008032876712,0.08032876712
"4463",0.898024244878292,0.008032876712,0.08032876712
"4464",0.897906935663402,0.008032876712,0.08032876712
"4465",0.899932686126595,0.008032876712,0.08032876712
"4466",0.898931348447294,0.008032876712,0.08032876712
"4467",0.897961057225845,0.008032876712,0.08032876712
"4468",0.89887145717527,0.008032876712,0.08032876712
"4469",0.898925903443999,0.008032876712,0.08032876712
"4470",0.899278088463622,0.008032876712,0.08032876712
"4471",0.898291435066975,0.008032876712,0.08032876712
"4472",0.89839630378838,0.008032876712,0.08032876712
"4473",0.898502615479945,0.008032876712,0.08032876712
"4474",0.898911214249521,0.008032876712,0.08032876712
"4475",0.898457672005151,0.008032876712,0.08032876712
"4476",0.899323324349192,0.008032876712,0.08032876712
"4477",0.898676495656936,0.008032876712,0.08032876712
"4478",0.898346932170197,0.008032876712,0.08032876712
"4479",0.899344650040543,0.008032876712,0.08032876712
"4480",0.898803694579353,0.008032876712,0.08032876712
"4481",0.899544679023006,0.008032876712,0.08032876712
"4482",0.898734417438461,0.008032876712,0.08032876712
"4483",0.899247993039667,0.008032876712,0.08032876712
"4484",0.899136596083386,0.008032876712,0.08032876712
"4485",0.899363873428533,0.008032876712,0.08032876712
"4486",0.898773493347532,0.008032876712,0.08032876712
"4487",0.898949131134573,0.008032876712,0.08032876712
"4488",0.899350910603772,0.008032876712,0.08032876712
"4489",0.899090480131638,0.008032876712,0.08032876712
"4490",0.898885588595548,0.008032876712,0.08032876712
"4491",0.898571965896257,0.008032876712,0.08032876712
"4492",0.898585506438126,0.008032876712,0.08032876712
"4493",0.898667673985568,0.008032876712,0.08032876712
"4494",0.898546818534167,0.008032876712,0.08032876712
"4495",0.89819658650935,0.008032876712,0.08032876712
"4496",0.899708917006771,0.008032876712,0.08032876712
"4497",0.898868341739892,0.008032876712,0.08032876712
"4498",0.898759848357881,0.008032876712,0.08032876712
"4499",0.898878163254774,0.008032876712,0.08032876712
"4500",0.89887945888568,0.008032876712,0.08032876712
"4501",0.897902607044767,0.008032876712,0.08032876712
"4502",0.908593406889008,0.009030136986,0.09030136986
"4503",0.908395118946335,0.009030136986,0.09030136986
"4504",0.908704798068738,0.009030136986,0.09030136986
"4505",0.908148649925951,0.009030136986,0.09030136986
"4506",0.908482063056105,0.009030136986,0.09030136986
"4507",0.907705640249735,0.009030136986,0.09030136986
"4508",0.907631874764275,0.009030136986,0.09030136986
"4509",0.907903004603392,0.009030136986,0.09030136986
"4510",0.907688516384933,0.009030136986,0.09030136986
"4511",0.908678678652604,0.009030136986,0.09030136986
"4512",0.907833198524214,0.009030136986,0.09030136986
"4513",0.907882235067501,0.009030136986,0.09030136986
"4514",0.907640930444441,0.009030136986,0.09030136986
"4515",0.909450168686389,0.009030136986,0.09030136986
"4516",0.907357281579475,0.009030136986,0.09030136986
"4517",0.90882792964158,0.009030136986,0.09030136986
"4518",0.908917923764382,0.009030136986,0.09030136986
"4519",0.908513312689302,0.009030136986,0.09030136986
"4520",0.90774262501992,0.009030136986,0.09030136986
"4521",0.908828268189424,0.009030136986,0.09030136986
"4522",0.908259737457852,0.009030136986,0.09030136986
"4523",0.908014534337083,0.009030136986,0.09030136986
"4524",0.909254273023971,0.009030136986,0.09030136986
"4525",0.908660499624733,0.009030136986,0.09030136986
"4526",0.908725592237295,0.009030136986,0.09030136986
"4527",0.908820632845578,0.009030136986,0.09030136986
"4528",0.90919204772446,0.009030136986,0.09030136986
"4529",0.908452207909738,0.009030136986,0.09030136986
"4530",0.908478939422857,0.009030136986,0.09030136986
"4531",0.908244983161135,0.009030136986,0.09030136986
"4532",0.907870255641388,0.009030136986,0.09030136986
"4533",0.908660860621357,0.009030136986,0.09030136986
"4534",0.907853855047962,0.009030136986,0.09030136986
"4535",0.908653122819889,0.009030136986,0.09030136986
"4536",0.908569995379315,0.009030136986,0.09030136986
"4537",0.908319421118413,0.009030136986,0.09030136986
"4538",0.908237471387063,0.009030136986,0.09030136986
"4539",0.908305540851969,0.009030136986,0.09030136986
"4540",0.908689518770045,0.009030136986,0.09030136986
"4541",0.908175280609623,0.009030136986,0.09030136986
"4542",0.90853309385325,0.009030136986,0.09030136986
"4543",0.908257438730131,0.009030136986,0.09030136986
"4544",0.907820440852335,0.009030136986,0.09030136986
"4545",0.908073766691107,0.009030136986,0.09030136986
"4546",0.908399964391,0.009030136986,0.09030136986
"4547",0.909034467938534,0.009030136986,0.09030136986
"4548",0.908165519495789,0.009030136986,0.09030136986
"4549",0.908296524828735,0.009030136986,0.09030136986
"4550",0.907195182083769,0.009030136986,0.09030136986
"4551",0.907962688466198,0.009030136986,0.09030136986
"4552",0.908528937747733,0.009030136986,0.09030136986
"4553",0.908643869345094,0.009030136986,0.09030136986
"4554",0.908154105391102,0.009030136986,0.09030136986
"4555",0.908252376881977,0.009030136986,0.09030136986
"4556",0.908387851648948,0.009030136986,0.09030136986
"4557",0.908404330145932,0.009030136986,0.09030136986
"4558",0.90772347858438,0.009030136986,0.09030136986
"4559",0.907418236066499,0.009030136986,0.09030136986
"4560",0.908031560811447,0.009030136986,0.09030136986
"4561",0.907894509613106,0.009030136986,0.09030136986
"4562",0.908080735398294,0.009030136986,0.09030136986
"4563",0.908170296236619,0.009030136986,0.09030136986
"4564",0.907986083607755,0.009030136986,0.09030136986
"4565",0.907289228813571,0.009030136986,0.09030136986
"4566",0.908596714421553,0.009030136986,0.09030136986
"4567",0.908465189856164,0.009030136986,0.09030136986
"4568",0.908594246046306,0.009030136986,0.09030136986
"4569",0.907892901649007,0.009030136986,0.09030136986
"4570",0.908140097429314,0.009030136986,0.09030136986
"4571",0.908005641365958,0.009030136986,0.09030136986
"4572",0.907792906999568,0.009030136986,0.09030136986
"4573",0.908028411275868,0.009030136986,0.09030136986
"4574",0.909420847982836,0.009030136986,0.09030136986
"4575",0.908500120644582,0.009030136986,0.09030136986
"4576",0.909248455784086,0.009030136986,0.09030136986
"4577",0.908654980505756,0.009030136986,0.09030136986
"4578",0.907924825727279,0.009030136986,0.09030136986
"4579",0.908514468964334,0.009030136986,0.09030136986
"4580",0.908521369008865,0.009030136986,0.09030136986
"4581",0.907703220770767,0.009030136986,0.09030136986
"4582",0.908870661215272,0.009030136986,0.09030136986
"4583",0.908104456127268,0.009030136986,0.09030136986
"4584",0.908370614710995,0.009030136986,0.09030136986
"4585",0.908664922699932,0.009030136986,0.09030136986
"4586",0.908656537181094,0.009030136986,0.09030136986
"4587",0.908936712082606,0.009030136986,0.09030136986
"4588",0.908804055714193,0.009030136986,0.09030136986
"4589",0.907669740533368,0.009030136986,0.09030136986
"4590",0.908287626466969,0.009030136986,0.09030136986
"4591",0.908845755795819,0.009030136986,0.09030136986
"4592",0.907630311414646,0.009030136986,0.09030136986
"4593",0.908068468552716,0.009030136986,0.09030136986
"4594",0.907285211677844,0.009030136986,0.09030136986
"4595",0.907461834300927,0.009030136986,0.09030136986
"4596",0.909427584258654,0.009030136986,0.09030136986
"4597",0.907597592015111,0.009030136986,0.09030136986
"4598",0.908227086076681,0.009030136986,0.09030136986
"4599",0.908435197258615,0.009030136986,0.09030136986
"4600",0.908683355281854,0.009030136986,0.09030136986
"4601",0.906736735977849,0.009030136986,0.09030136986
"4602",0.907840905383196,0.009030136986,0.09030136986
"4603",0.908324923006999,0.009030136986,0.09030136986
"4604",0.908815040649576,0.009030136986,0.09030136986
"4605",0.90757766891178,0.009030136986,0.09030136986
"4606",0.908789993346465,0.009030136986,0.09030136986
"4607",0.90841314930694,0.009030136986,0.09030136986
"4608",0.907998432879067,0.009030136986,0.09030136986
"4609",0.909167041092605,0.009030136986,0.09030136986
"4610",0.907741236451691,0.009030136986,0.09030136986
"4611",0.908588498821039,0.009030136986,0.09030136986
"4612",0.908668971034902,0.009030136986,0.09030136986
"4613",0.907167099945752,0.009030136986,0.09030136986
"4614",0.907727637054516,0.009030136986,0.09030136986
"4615",0.907730452681955,0.009030136986,0.09030136986
"4616",0.908268818592886,0.009030136986,0.09030136986
"4617",0.909137588814223,0.009030136986,0.09030136986
"4618",0.908358850459506,0.009030136986,0.09030136986
"4619",0.90820662456603,0.009030136986,0.09030136986
"4620",0.908266208873269,0.009030136986,0.09030136986
"4621",0.908461988903673,0.009030136986,0.09030136986
"4622",0.908079542952272,0.009030136986,0.09030136986
"4623",0.90801030741207,0.009030136986,0.09030136986
"4624",0.908027763302719,0.009030136986,0.09030136986
"4625",0.908806083847442,0.009030136986,0.09030136986
"4626",0.9077084662137,0.009030136986,0.09030136986
"4627",0.907693265646363,0.009030136986,0.09030136986
"4628",0.907183802970906,0.009030136986,0.09030136986
"4629",0.908092964233514,0.009030136986,0.09030136986
"4630",0.908302045374866,0.009030136986,0.09030136986
"4631",0.908456480885167,0.009030136986,0.09030136986
"4632",0.907790901621346,0.009030136986,0.09030136986
"4633",0.907071643259628,0.009030136986,0.09030136986
"4634",0.908732792085422,0.009030136986,0.09030136986
"4635",0.907651020129316,0.009030136986,0.09030136986
"4636",0.908422679763941,0.009030136986,0.09030136986
"4637",0.908062977122436,0.009030136986,0.09030136986
"4638",0.907223256070594,0.009030136986,0.09030136986
"4639",0.908733094683266,0.009030136986,0.09030136986
"4640",0.90931645136572,0.009030136986,0.09030136986
"4641",0.908236604756248,0.009030136986,0.09030136986
"4642",0.908922905862624,0.009030136986,0.09030136986
"4643",0.90753071192042,0.009030136986,0.09030136986
"4644",0.908442243060381,0.009030136986,0.09030136986
"4645",0.908163305064838,0.009030136986,0.09030136986
"4646",0.907691361932061,0.009030136986,0.09030136986
"4647",0.908792203027878,0.009030136986,0.09030136986
"4648",0.90847341475053,0.009030136986,0.09030136986
"4649",0.908299682902738,0.009030136986,0.09030136986
"4650",0.908263450448652,0.009030136986,0.09030136986
"4651",0.908248794118675,0.009030136986,0.09030136986
"4652",0.907617763671369,0.009030136986,0.09030136986
"4653",0.908035119004976,0.009030136986,0.09030136986
"4654",0.908662792989909,0.009030136986,0.09030136986
"4655",0.909294201579764,0.009030136986,0.09030136986
"4656",0.908002407001169,0.009030136986,0.09030136986
"4657",0.908441509391965,0.009030136986,0.09030136986
"4658",0.90819078235481,0.009030136986,0.09030136986
"4659",0.906941516375567,0.009030136986,0.09030136986
"4660",0.908169100255698,0.009030136986,0.09030136986
"4661",0.908479855765096,0.009030136986,0.09030136986
"4662",0.90804569134824,0.009030136986,0.09030136986
"4663",0.908209632288832,0.009030136986,0.09030136986
"4664",0.908189595604586,0.009030136986,0.09030136986
"4665",0.908598572631891,0.009030136986,0.09030136986
"4666",0.908392415606915,0.009030136986,0.09030136986
"4667",0.909005552781311,0.009030136986,0.09030136986
"4668",0.908216170386336,0.009030136986,0.09030136986
"4669",0.909098881419106,0.009030136986,0.09030136986
"4670",0.908499054312702,0.009030136986,0.09030136986
"4671",0.908431560959859,0.009030136986,0.09030136986
"4672",0.908237816155379,0.009030136986,0.09030136986
"4673",0.909754958499167,0.009030136986,0.09030136986
"4674",0.908028600910067,0.009030136986,0.09030136986
"4675",0.90824535263273,0.009030136986,0.09030136986
"4676",0.907828876011464,0.009030136986,0.09030136986
"4677",0.908694107246893,0.009030136986,0.09030136986
"4678",0.909398258972821,0.009030136986,0.09030136986
"4679",0.90859684007902,0.009030136986,0.09030136986
"4680",0.907957423901687,0.009030136986,0.09030136986
"4681",0.907891699162033,0.009030136986,0.09030136986
"4682",0.907970260271301,0.009030136986,0.09030136986
"4683",0.907800587107419,0.009030136986,0.09030136986
"4684",0.908063307782751,0.009030136986,0.09030136986
"4685",0.908580227459306,0.009030136986,0.09030136986
"4686",0.907233299283567,0.009030136986,0.09030136986
"4687",0.908763329777663,0.009030136986,0.09030136986
"4688",0.908556063213029,0.009030136986,0.09030136986
"4689",0.908419637090761,0.009030136986,0.09030136986
"4690",0.908111652957349,0.009030136986,0.09030136986
"4691",0.908183566388993,0.009030136986,0.09030136986
"4692",0.908612713426315,0.009030136986,0.09030136986
"4693",0.908822761007633,0.009030136986,0.09030136986
"4694",0.908627330933974,0.009030136986,0.09030136986
"4695",0.908231016589535,0.009030136986,0.09030136986
"4696",0.90799892818072,0.009030136986,0.09030136986
"4697",0.908380169824157,0.009030136986,0.09030136986
"4698",0.907917823210741,0.009030136986,0.09030136986
"4699",0.907708972144563,0.009030136986,0.09030136986
"4700",0.907572633808956,0.009030136986,0.09030136986
"4701",0.908240326083923,0.009030136986,0.09030136986
"4702",0.907623983051742,0.009030136986,0.09030136986
"4703",0.908583666088042,0.009030136986,0.09030136986
"4704",0.907335903324307,0.009030136986,0.09030136986
"4705",0.909158161766771,0.009030136986,0.09030136986
"4706",0.908111114433075,0.009030136986,0.09030136986
"4707",0.907017244325983,0.009030136986,0.09030136986
"4708",0.908183260618061,0.009030136986,0.09030136986
"4709",0.909106710752265,0.009030136986,0.09030136986
"4710",0.908794385780518,0.009030136986,0.09030136986
"4711",0.907551879826025,0.009030136986,0.09030136986
"4712",0.907880762260869,0.009030136986,0.09030136986
"4713",0.909016846899423,0.009030136986,0.09030136986
"4714",0.908554121644406,0.009030136986,0.09030136986
"4715",0.9081833133399,0.009030136986,0.09030136986
"4716",0.907885125660106,0.009030136986,0.09030136986
"4717",0.908586347577031,0.009030136986,0.09030136986
"4718",0.908342821956687,0.009030136986,0.09030136986
"4719",0.907982723043482,0.009030136986,0.09030136986
"4720",0.908618426457751,0.009030136986,0.09030136986
"4721",0.908292504713982,0.009030136986,0.09030136986
"4722",0.907370997551048,0.009030136986,0.09030136986
"4723",0.908274066083205,0.009030136986,0.09030136986
"4724",0.907613557725636,0.009030136986,0.09030136986
"4725",0.907490608102427,0.009030136986,0.09030136986
"4726",0.907761078418145,0.009030136986,0.09030136986
"4727",0.908893484614112,0.009030136986,0.09030136986
"4728",0.908416717756757,0.009030136986,0.09030136986
"4729",0.908281147002898,0.009030136986,0.09030136986
"4730",0.908234382356149,0.009030136986,0.09030136986
"4731",0.908936200575906,0.009030136986,0.09030136986
"4732",0.908148931694835,0.009030136986,0.09030136986
"4733",0.909251033276966,0.009030136986,0.09030136986
"4734",0.908360640820448,0.009030136986,0.09030136986
"4735",0.907920374107399,0.009030136986,0.09030136986
"4736",0.907852774867674,0.009030136986,0.09030136986
"4737",0.908379361710888,0.009030136986,0.09030136986
"4738",0.909318534057211,0.009030136986,0.09030136986
"4739",0.907534433639846,0.009030136986,0.09030136986
"4740",0.908217741571705,0.009030136986,0.09030136986
"4741",0.907861841855267,0.009030136986,0.09030136986
"4742",0.908573913106694,0.009030136986,0.09030136986
"4743",0.907597643035504,0.009030136986,0.09030136986
"4744",0.908387330606171,0.009030136986,0.09030136986
"4745",0.908837221507138,0.009030136986,0.09030136986
"4746",0.907848556685373,0.009030136986,0.09030136986
"4747",0.908773152358721,0.009030136986,0.09030136986
"4748",0.907900569291895,0.009030136986,0.09030136986
"4749",0.908010058173585,0.009030136986,0.09030136986
"4750",0.908526034564984,0.009030136986,0.09030136986
"4751",0.907710808568476,0.009030136986,0.09030136986
"4752",0.9090720169562,0.009030136986,0.09030136986
"4753",0.909239928630952,0.009030136986,0.09030136986
"4754",0.907833183344309,0.009030136986,0.09030136986
"4755",0.907934763453451,0.009030136986,0.09030136986
"4756",0.908470705381157,0.009030136986,0.09030136986
"4757",0.907910905179115,0.009030136986,0.09030136986
"4758",0.908843789419202,0.009030136986,0.09030136986
"4759",0.907899697604171,0.009030136986,0.09030136986
"4760",0.908906434885648,0.009030136986,0.09030136986
"4761",0.908284823392025,0.009030136986,0.09030136986
"4762",0.907640640868107,0.009030136986,0.09030136986
"4763",0.908347777115161,0.009030136986,0.09030136986
"4764",0.908988407673272,0.009030136986,0.09030136986
"4765",0.908058605693045,0.009030136986,0.09030136986
"4766",0.908225314974276,0.009030136986,0.09030136986
"4767",0.90775748872203,0.009030136986,0.09030136986
"4768",0.908524368532453,0.009030136986,0.09030136986
"4769",0.909181689143447,0.009030136986,0.09030136986
"4770",0.908006726164602,0.009030136986,0.09030136986
"4771",0.908623880203805,0.009030136986,0.09030136986
"4772",0.908569439521409,0.009030136986,0.09030136986
"4773",0.909207687045876,0.009030136986,0.09030136986
"4774",0.908687418947449,0.009030136986,0.09030136986
"4775",0.908091179303893,0.009030136986,0.09030136986
"4776",0.906822904294068,0.009030136986,0.09030136986
"4777",0.909158144828726,0.009030136986,0.09030136986
"4778",0.909021080968691,0.009030136986,0.09030136986
"4779",0.908991454761026,0.009030136986,0.09030136986
"4780",0.90705565260703,0.009030136986,0.09030136986
"4781",0.908557147818932,0.009030136986,0.09030136986
"4782",0.907933257190024,0.009030136986,0.09030136986
"4783",0.908751247687752,0.009030136986,0.09030136986
"4784",0.908418179295633,0.009030136986,0.09030136986
"4785",0.908790113906238,0.009030136986,0.09030136986
"4786",0.908587946887172,0.009030136986,0.09030136986
"4787",0.907841751284829,0.009030136986,0.09030136986
"4788",0.908707464627411,0.009030136986,0.09030136986
"4789",0.90796774377129,0.009030136986,0.09030136986
"4790",0.90846831356493,0.009030136986,0.09030136986
"4791",0.907300502928887,0.009030136986,0.09030136986
"4792",0.90820579186995,0.009030136986,0.09030136986
"4793",0.908359397037623,0.009030136986,0.09030136986
"4794",0.909132044951066,0.009030136986,0.09030136986
"4795",0.908570992900598,0.009030136986,0.09030136986
"4796",0.90916766007127,0.009030136986,0.09030136986
"4797",0.908408683719427,0.009030136986,0.09030136986
"4798",0.908897290652452,0.009030136986,0.09030136986
"4799",0.908571437523896,0.009030136986,0.09030136986
"4800",0.909014406188234,0.009030136986,0.09030136986
"4801",0.90856709580955,0.009030136986,0.09030136986
"4802",0.908224118312807,0.009030136986,0.09030136986
"4803",0.90917553325915,0.009030136986,0.09030136986
"4804",0.908203768638472,0.009030136986,0.09030136986
"4805",0.907333041443926,0.009030136986,0.09030136986
"4806",0.909091428346935,0.009030136986,0.09030136986
"4807",0.908317639056022,0.009030136986,0.09030136986
"4808",0.908526926620126,0.009030136986,0.09030136986
"4809",0.908587935006718,0.009030136986,0.09030136986
"4810",0.908509961012918,0.009030136986,0.09030136986
"4811",0.90859864251631,0.009030136986,0.09030136986
"4812",0.908352128934739,0.009030136986,0.09030136986
"4813",0.908986752562497,0.009030136986,0.09030136986
"4814",0.909153755945925,0.009030136986,0.09030136986
"4815",0.907777399899383,0.009030136986,0.09030136986
"4816",0.908424559202798,0.009030136986,0.09030136986
"4817",0.908333592206452,0.009030136986,0.09030136986
"4818",0.908094998827145,0.009030136986,0.09030136986
"4819",0.908197554815749,0.009030136986,0.09030136986
"4820",0.907922515695408,0.009030136986,0.09030136986
"4821",0.906417877913426,0.009030136986,0.09030136986
"4822",0.908740873670549,0.009030136986,0.09030136986
"4823",0.907092433058419,0.009030136986,0.09030136986
"4824",0.908962781347635,0.009030136986,0.09030136986
"4825",0.908020381780894,0.009030136986,0.09030136986
"4826",0.908789996709912,0.009030136986,0.09030136986
"4827",0.907884713351308,0.009030136986,0.09030136986
"4828",0.908781885241278,0.009030136986,0.09030136986
"4829",0.9081123795663,0.009030136986,0.09030136986
"4830",0.910019993122398,0.009030136986,0.09030136986
"4831",0.907272426807035,0.009030136986,0.09030136986
"4832",0.908782104287775,0.009030136986,0.09030136986
"4833",0.909145329076768,0.009030136986,0.09030136986
"4834",0.908964069476598,0.009030136986,0.09030136986
"4835",0.907633903596378,0.009030136986,0.09030136986
"4836",0.908090645082468,0.009030136986,0.09030136986
"4837",0.908644555096348,0.009030136986,0.09030136986
"4838",0.90733445874629,0.009030136986,0.09030136986
"4839",0.908554953408741,0.009030136986,0.09030136986
"4840",0.908359256990005,0.009030136986,0.09030136986
"4841",0.908505579094315,0.009030136986,0.09030136986
"4842",0.90738959724549,0.009030136986,0.09030136986
"4843",0.907832442462233,0.009030136986,0.09030136986
"4844",0.907550090981746,0.009030136986,0.09030136986
"4845",0.908392504277798,0.009030136986,0.09030136986
"4846",0.909031237941893,0.009030136986,0.09030136986
"4847",0.908296746390307,0.009030136986,0.09030136986
"4848",0.908387138552625,0.009030136986,0.09030136986
"4849",0.90851005994071,0.009030136986,0.09030136986
"4850",0.908188889353002,0.009030136986,0.09030136986
"4851",0.908078905351567,0.009030136986,0.09030136986
"4852",0.908934836916592,0.009030136986,0.09030136986
"4853",0.908659055688815,0.009030136986,0.09030136986
"4854",0.908162151486727,0.009030136986,0.09030136986
"4855",0.908251135699878,0.009030136986,0.09030136986
"4856",0.908751439485186,0.009030136986,0.09030136986
"4857",0.908548161682161,0.009030136986,0.09030136986
"4858",0.907585816044592,0.009030136986,0.09030136986
"4859",0.908014132319203,0.009030136986,0.09030136986
"4860",0.908312550617359,0.009030136986,0.09030136986
"4861",0.908492704850456,0.009030136986,0.09030136986
"4862",0.907453667930238,0.009030136986,0.09030136986
"4863",0.907628205182274,0.009030136986,0.09030136986
"4864",0.907368643467778,0.009030136986,0.09030136986
"4865",0.908510295680185,0.009030136986,0.09030136986
"4866",0.908883942902974,0.009030136986,0.09030136986
"4867",0.908858453297009,0.009030136986,0.09030136986
"4868",0.907999003790394,0.009030136986,0.09030136986
"4869",0.908450883592163,0.009030136986,0.09030136986
"4870",0.908010750980451,0.009030136986,0.09030136986
"4871",0.90824478045397,0.009030136986,0.09030136986
"4872",0.9084643790041,0.009030136986,0.09030136986
"4873",0.908123825976585,0.009030136986,0.09030136986
"4874",0.90809314563082,0.009030136986,0.09030136986
"4875",0.908513659782139,0.009030136986,0.09030136986
"4876",0.907770561974394,0.009030136986,0.09030136986
"4877",0.908453567698367,0.009030136986,0.09030136986
"4878",0.909617370524231,0.009030136986,0.09030136986
"4879",0.909105702854678,0.009030136986,0.09030136986
"4880",0.908553128599466,0.009030136986,0.09030136986
"4881",0.907893384899538,0.009030136986,0.09030136986
"4882",0.908779201920107,0.009030136986,0.09030136986
"4883",0.909840831502174,0.009030136986,0.09030136986
"4884",0.908005344257906,0.009030136986,0.09030136986
"4885",0.908612574863057,0.009030136986,0.09030136986
"4886",0.908003985621436,0.009030136986,0.09030136986
"4887",0.907359573500874,0.009030136986,0.09030136986
"4888",0.908181171756689,0.009030136986,0.09030136986
"4889",0.907741416686762,0.009030136986,0.09030136986
"4890",0.909076800832549,0.009030136986,0.09030136986
"4891",0.908382567743973,0.009030136986,0.09030136986
"4892",0.909213521305339,0.009030136986,0.09030136986
"4893",0.909797902521902,0.009030136986,0.09030136986
"4894",0.908570168608133,0.009030136986,0.09030136986
"4895",0.908832107552205,0.009030136986,0.09030136986
"4896",0.907893319655966,0.009030136986,0.09030136986
"4897",0.908152366488191,0.009030136986,0.09030136986
"4898",0.907731907137843,0.009030136986,0.09030136986
"4899",0.908804552182903,0.009030136986,0.09030136986
"4900",0.908728128032531,0.009030136986,0.09030136986
"4901",0.908649293785454,0.009030136986,0.09030136986
"4902",0.908039321484255,0.009030136986,0.09030136986
"4903",0.907966828964701,0.009030136986,0.09030136986
"4904",0.908158134625987,0.009030136986,0.09030136986
"4905",0.909077993717154,0.009030136986,0.09030136986
"4906",0.908773604144946,0.009030136986,0.09030136986
"4907",0.908390785543457,0.009030136986,0.09030136986
"4908",0.908418025348417,0.009030136986,0.09030136986
"4909",0.908183877488553,0.009030136986,0.09030136986
"4910",0.90922413408637,0.009030136986,0.09030136986
"4911",0.90748981421464,0.009030136986,0.09030136986
"4912",0.908080130037786,0.009030136986,0.09030136986
"4913",0.908654860667525,0.009030136986,0.09030136986
"4914",0.908963151413863,0.009030136986,0.09030136986
"4915",0.908847706376991,0.009030136986,0.09030136986
"4916",0.908906793178694,0.009030136986,0.09030136986
"4917",0.909888951709794,0.009030136986,0.09030136986
"4918",0.908391375576531,0.009030136986,0.09030136986
"4919",0.908163952562858,0.009030136986,0.09030136986
"4920",0.908244657142153,0.009030136986,0.09030136986
"4921",0.907459260593303,0.009030136986,0.09030136986
"4922",0.908272153818186,0.009030136986,0.09030136986
"4923",0.907271146440952,0.009030136986,0.09030136986
"4924",0.908262828348161,0.009030136986,0.09030136986
"4925",0.907738430202658,0.009030136986,0.09030136986
"4926",0.907856665337314,0.009030136986,0.09030136986
"4927",0.908432000123723,0.009030136986,0.09030136986
"4928",0.908831608238891,0.009030136986,0.09030136986
"4929",0.908528279582704,0.009030136986,0.09030136986
"4930",0.907537903233064,0.009030136986,0.09030136986
"4931",0.908365136386951,0.009030136986,0.09030136986
"4932",0.9079331322089,0.009030136986,0.09030136986
"4933",0.908535294663065,0.009030136986,0.09030136986
"4934",0.908532485199972,0.009030136986,0.09030136986
"4935",0.906907674741374,0.009030136986,0.09030136986
"4936",0.908588464182448,0.009030136986,0.09030136986
"4937",0.908299144566891,0.009030136986,0.09030136986
"4938",0.909702351425525,0.009030136986,0.09030136986
"4939",0.908739627958896,0.009030136986,0.09030136986
"4940",0.9092208085895,0.009030136986,0.09030136986
"4941",0.907761904209366,0.009030136986,0.09030136986
"4942",0.908088916003994,0.009030136986,0.09030136986
"4943",0.908151450895267,0.009030136986,0.09030136986
"4944",0.907995812288614,0.009030136986,0.09030136986
"4945",0.908470635539532,0.009030136986,0.09030136986
"4946",0.908321411852453,0.009030136986,0.09030136986
"4947",0.908714721422936,0.009030136986,0.09030136986
"4948",0.909143750000755,0.009030136986,0.09030136986
"4949",0.909186461480063,0.009030136986,0.09030136986
"4950",0.908757271937308,0.009030136986,0.09030136986
"4951",0.908211341479304,0.009030136986,0.09030136986
"4952",0.907725298420951,0.009030136986,0.09030136986
"4953",0.908689616498421,0.009030136986,0.09030136986
"4954",0.908610617662531,0.009030136986,0.09030136986
"4955",0.907550315158618,0.009030136986,0.09030136986
"4956",0.90755981913745,0.009030136986,0.09030136986
"4957",0.90927318599485,0.009030136986,0.09030136986
"4958",0.90835552076326,0.009030136986,0.09030136986
"4959",0.906883272448731,0.009030136986,0.09030136986
"4960",0.908000241836744,0.009030136986,0.09030136986
"4961",0.908159723185331,0.009030136986,0.09030136986
"4962",0.910056565675188,0.009030136986,0.09030136986
"4963",0.909125510861777,0.009030136986,0.09030136986
"4964",0.908249844984246,0.009030136986,0.09030136986
"4965",0.908088741676746,0.009030136986,0.09030136986
"4966",0.908259802514792,0.009030136986,0.09030136986
"4967",0.908952885559778,0.009030136986,0.09030136986
"4968",0.908433208826969,0.009030136986,0.09030136986
"4969",0.907628621280768,0.009030136986,0.09030136986
"4970",0.908432429581409,0.009030136986,0.09030136986
"4971",0.908215065149428,0.009030136986,0.09030136986
"4972",0.909052661965217,0.009030136986,0.09030136986
"4973",0.908566369471463,0.009030136986,0.09030136986
"4974",0.908651875118035,0.009030136986,0.09030136986
"4975",0.908570316141023,0.009030136986,0.09030136986
"4976",0.907882778684919,0.009030136986,0.09030136986
"4977",0.908276240889079,0.009030136986,0.09030136986
"4978",0.90913533743006,0.009030136986,0.09030136986
"4979",0.90875079706909,0.009030136986,0.09030136986
"4980",0.907818594446706,0.009030136986,0.09030136986
"4981",0.908726396622033,0.009030136986,0.09030136986
"4982",0.908519644613696,0.009030136986,0.09030136986
"4983",0.907676369593942,0.009030136986,0.09030136986
"4984",0.909074752715705,0.009030136986,0.09030136986
"4985",0.907558112783999,0.009030136986,0.09030136986
"4986",0.90781365728255,0.009030136986,0.09030136986
"4987",0.907978200684505,0.009030136986,0.09030136986
"4988",0.908772137453125,0.009030136986,0.09030136986
"4989",0.909210321827562,0.009030136986,0.09030136986
"4990",0.90892726440464,0.009030136986,0.09030136986
"4991",0.908909883843007,0.009030136986,0.09030136986
"4992",0.908778672885923,0.009030136986,0.09030136986
"4993",0.907800497364039,0.009030136986,0.09030136986
"4994",0.908683379110946,0.009030136986,0.09030136986
"4995",0.908459417987191,0.009030136986,0.09030136986
"4996",0.907837693037331,0.009030136986,0.09030136986
"4997",0.908566040806671,0.009030136986,0.09030136986
"4998",0.907263016837284,0.009030136986,0.09030136986
"4999",0.908810516272298,0.009030136986,0.09030136986
"5000",0.90821841503488,0.009030136986,0.09030136986
"5001",0.908235448962897,0.009030136986,0.09030136986
"5002",0.915816205535622,0.01002739726,0.1002739726
"5003",0.915330658236785,0.01002739726,0.1002739726
"5004",0.916434104403724,0.01002739726,0.1002739726
"5005",0.915575194838947,0.01002739726,0.1002739726
"5006",0.915517022738743,0.01002739726,0.1002739726
"5007",0.915678697417575,0.01002739726,0.1002739726
"5008",0.914594863078749,0.01002739726,0.1002739726
"5009",0.916057573212212,0.01002739726,0.1002739726
"5010",0.916671933444912,0.01002739726,0.1002739726
"5011",0.915978031926496,0.01002739726,0.1002739726
"5012",0.915416440438399,0.01002739726,0.1002739726
"5013",0.916326762237019,0.01002739726,0.1002739726
"5014",0.916216390930564,0.01002739726,0.1002739726
"5015",0.915742718673831,0.01002739726,0.1002739726
"5016",0.915965547294774,0.01002739726,0.1002739726
"5017",0.916793250594331,0.01002739726,0.1002739726
"5018",0.916486357232272,0.01002739726,0.1002739726
"5019",0.915646609374023,0.01002739726,0.1002739726
"5020",0.915506353763482,0.01002739726,0.1002739726
"5021",0.915538066624787,0.01002739726,0.1002739726
"5022",0.915853542782631,0.01002739726,0.1002739726
"5023",0.915358915893296,0.01002739726,0.1002739726
"5024",0.91586755947438,0.01002739726,0.1002739726
"5025",0.91606177153183,0.01002739726,0.1002739726
"5026",0.915421960824181,0.01002739726,0.1002739726
"5027",0.916022753703847,0.01002739726,0.1002739726
"5028",0.91576849119978,0.01002739726,0.1002739726
"5029",0.916283647951784,0.01002739726,0.1002739726
"5030",0.916219147711168,0.01002739726,0.1002739726
"5031",0.915766672948731,0.01002739726,0.1002739726
"5032",0.916205081774534,0.01002739726,0.1002739726
"5033",0.915499371768035,0.01002739726,0.1002739726
"5034",0.915494320004444,0.01002739726,0.1002739726
"5035",0.915218560443455,0.01002739726,0.1002739726
"5036",0.914914761009974,0.01002739726,0.1002739726
"5037",0.915076607539034,0.01002739726,0.1002739726
"5038",0.916353428116202,0.01002739726,0.1002739726
"5039",0.916436379869311,0.01002739726,0.1002739726
"5040",0.915040225506814,0.01002739726,0.1002739726
"5041",0.915992542541031,0.01002739726,0.1002739726
"5042",0.915385582427587,0.01002739726,0.1002739726
"5043",0.915424119058719,0.01002739726,0.1002739726
"5044",0.915487393110144,0.01002739726,0.1002739726
"5045",0.916106625085288,0.01002739726,0.1002739726
"5046",0.915917876381338,0.01002739726,0.1002739726
"5047",0.915285726219299,0.01002739726,0.1002739726
"5048",0.915976463186522,0.01002739726,0.1002739726
"5049",0.915655936897737,0.01002739726,0.1002739726
"5050",0.916888129474861,0.01002739726,0.1002739726
"5051",0.915461289910527,0.01002739726,0.1002739726
"5052",0.915995911806708,0.01002739726,0.1002739726
"5053",0.916668005480624,0.01002739726,0.1002739726
"5054",0.915421470340187,0.01002739726,0.1002739726
"5055",0.916052790353831,0.01002739726,0.1002739726
"5056",0.915037610583549,0.01002739726,0.1002739726
"5057",0.916355900644087,0.01002739726,0.1002739726
"5058",0.915835483399747,0.01002739726,0.1002739726
"5059",0.915067282990449,0.01002739726,0.1002739726
"5060",0.915762799715439,0.01002739726,0.1002739726
"5061",0.915238414266192,0.01002739726,0.1002739726
"5062",0.916082179750197,0.01002739726,0.1002739726
"5063",0.916236495353497,0.01002739726,0.1002739726
"5064",0.915023578441484,0.01002739726,0.1002739726
"5065",0.915944970382785,0.01002739726,0.1002739726
"5066",0.914885725853437,0.01002739726,0.1002739726
"5067",0.916008100404894,0.01002739726,0.1002739726
"5068",0.915389615276118,0.01002739726,0.1002739726
"5069",0.915312118334069,0.01002739726,0.1002739726
"5070",0.915491241065293,0.01002739726,0.1002739726
"5071",0.915711646557694,0.01002739726,0.1002739726
"5072",0.915003678429915,0.01002739726,0.1002739726
"5073",0.915802385999349,0.01002739726,0.1002739726
"5074",0.916524616249899,0.01002739726,0.1002739726
"5075",0.915313132396726,0.01002739726,0.1002739726
"5076",0.915406367051877,0.01002739726,0.1002739726
"5077",0.915781156822694,0.01002739726,0.1002739726
"5078",0.915777416889669,0.01002739726,0.1002739726
"5079",0.915258338353291,0.01002739726,0.1002739726
"5080",0.915097077998148,0.01002739726,0.1002739726
"5081",0.916062235338036,0.01002739726,0.1002739726
"5082",0.915582746582594,0.01002739726,0.1002739726
"5083",0.915956937406581,0.01002739726,0.1002739726
"5084",0.916106979269232,0.01002739726,0.1002739726
"5085",0.9164925733515,0.01002739726,0.1002739726
"5086",0.916226578587858,0.01002739726,0.1002739726
"5087",0.915430039944819,0.01002739726,0.1002739726
"5088",0.916270458341253,0.01002739726,0.1002739726
"5089",0.915402764157056,0.01002739726,0.1002739726
"5090",0.915616795484764,0.01002739726,0.1002739726
"5091",0.915734231794938,0.01002739726,0.1002739726
"5092",0.915181116992991,0.01002739726,0.1002739726
"5093",0.916102785950973,0.01002739726,0.1002739726
"5094",0.915561039054826,0.01002739726,0.1002739726
"5095",0.915721978788498,0.01002739726,0.1002739726
"5096",0.915568260157762,0.01002739726,0.1002739726
"5097",0.915210484289483,0.01002739726,0.1002739726
"5098",0.915608969852162,0.01002739726,0.1002739726
"5099",0.91565117195979,0.01002739726,0.1002739726
"5100",0.915193145010505,0.01002739726,0.1002739726
"5101",0.915640078194071,0.01002739726,0.1002739726
"5102",0.915533598288681,0.01002739726,0.1002739726
"5103",0.916828602790173,0.01002739726,0.1002739726
"5104",0.916004950404597,0.01002739726,0.1002739726
"5105",0.916103445706986,0.01002739726,0.1002739726
"5106",0.914156276929001,0.01002739726,0.1002739726
"5107",0.915698254808193,0.01002739726,0.1002739726
"5108",0.915811596869591,0.01002739726,0.1002739726
"5109",0.914393305970764,0.01002739726,0.1002739726
"5110",0.916021518246393,0.01002739726,0.1002739726
"5111",0.915168532359453,0.01002739726,0.1002739726
"5112",0.916703123604488,0.01002739726,0.1002739726
"5113",0.916347297518714,0.01002739726,0.1002739726
"5114",0.916332068455543,0.01002739726,0.1002739726
"5115",0.915448998070288,0.01002739726,0.1002739726
"5116",0.915343098874967,0.01002739726,0.1002739726
"5117",0.915865415933905,0.01002739726,0.1002739726
"5118",0.915413478142866,0.01002739726,0.1002739726
"5119",0.91565978356597,0.01002739726,0.1002739726
"5120",0.914983110628657,0.01002739726,0.1002739726
"5121",0.915051317239816,0.01002739726,0.1002739726
"5122",0.915905764610248,0.01002739726,0.1002739726
"5123",0.916284992610787,0.01002739726,0.1002739726
"5124",0.915724938963573,0.01002739726,0.1002739726
"5125",0.915728499333661,0.01002739726,0.1002739726
"5126",0.915431740627288,0.01002739726,0.1002739726
"5127",0.916121722585355,0.01002739726,0.1002739726
"5128",0.915727745378869,0.01002739726,0.1002739726
"5129",0.916044956628241,0.01002739726,0.1002739726
"5130",0.915814640749822,0.01002739726,0.1002739726
"5131",0.91549134574132,0.01002739726,0.1002739726
"5132",0.915767380926523,0.01002739726,0.1002739726
"5133",0.916036792826343,0.01002739726,0.1002739726
"5134",0.91597488809084,0.01002739726,0.1002739726
"5135",0.915009032146608,0.01002739726,0.1002739726
"5136",0.915907725613537,0.01002739726,0.1002739726
"5137",0.916081113200868,0.01002739726,0.1002739726
"5138",0.915454591333246,0.01002739726,0.1002739726
"5139",0.91562599049899,0.01002739726,0.1002739726
"5140",0.915964977991497,0.01002739726,0.1002739726
"5141",0.915260893465628,0.01002739726,0.1002739726
"5142",0.915528052982047,0.01002739726,0.1002739726
"5143",0.916429337429255,0.01002739726,0.1002739726
"5144",0.915294168664123,0.01002739726,0.1002739726
"5145",0.91622256630471,0.01002739726,0.1002739726
"5146",0.915050297354429,0.01002739726,0.1002739726
"5147",0.916096705729237,0.01002739726,0.1002739726
"5148",0.916469953610876,0.01002739726,0.1002739726
"5149",0.915042007004569,0.01002739726,0.1002739726
"5150",0.916061225957709,0.01002739726,0.1002739726
"5151",0.915523061096487,0.01002739726,0.1002739726
"5152",0.916566787574046,0.01002739726,0.1002739726
"5153",0.916052581271977,0.01002739726,0.1002739726
"5154",0.915412026653472,0.01002739726,0.1002739726
"5155",0.915669549253237,0.01002739726,0.1002739726
"5156",0.916773783945367,0.01002739726,0.1002739726
"5157",0.914963375152325,0.01002739726,0.1002739726
"5158",0.916670200372081,0.01002739726,0.1002739726
"5159",0.915347709203538,0.01002739726,0.1002739726
"5160",0.915767656923525,0.01002739726,0.1002739726
"5161",0.916008962902446,0.01002739726,0.1002739726
"5162",0.915454554910124,0.01002739726,0.1002739726
"5163",0.914908003871961,0.01002739726,0.1002739726
"5164",0.916799668113728,0.01002739726,0.1002739726
"5165",0.915865314473117,0.01002739726,0.1002739726
"5166",0.915579270881825,0.01002739726,0.1002739726
"5167",0.915922440803696,0.01002739726,0.1002739726
"5168",0.91429357441787,0.01002739726,0.1002739726
"5169",0.915826120667376,0.01002739726,0.1002739726
"5170",0.91548183039098,0.01002739726,0.1002739726
"5171",0.915027995913941,0.01002739726,0.1002739726
"5172",0.915055517825356,0.01002739726,0.1002739726
"5173",0.915399003897441,0.01002739726,0.1002739726
"5174",0.916334421173642,0.01002739726,0.1002739726
"5175",0.915251054703869,0.01002739726,0.1002739726
"5176",0.915776562595062,0.01002739726,0.1002739726
"5177",0.916336307648098,0.01002739726,0.1002739726
"5178",0.915748929015474,0.01002739726,0.1002739726
"5179",0.915699659078313,0.01002739726,0.1002739726
"5180",0.915462728015713,0.01002739726,0.1002739726
"5181",0.915505330376156,0.01002739726,0.1002739726
"5182",0.915941291185652,0.01002739726,0.1002739726
"5183",0.914979989548988,0.01002739726,0.1002739726
"5184",0.915511676777388,0.01002739726,0.1002739726
"5185",0.916361655325096,0.01002739726,0.1002739726
"5186",0.916345313972131,0.01002739726,0.1002739726
"5187",0.915998413815483,0.01002739726,0.1002739726
"5188",0.915965204567457,0.01002739726,0.1002739726
"5189",0.915937760148866,0.01002739726,0.1002739726
"5190",0.915937975896515,0.01002739726,0.1002739726
"5191",0.915760200832293,0.01002739726,0.1002739726
"5192",0.915389941149573,0.01002739726,0.1002739726
"5193",0.915225055287017,0.01002739726,0.1002739726
"5194",0.916344038121614,0.01002739726,0.1002739726
"5195",0.916622359003827,0.01002739726,0.1002739726
"5196",0.91581000815552,0.01002739726,0.1002739726
"5197",0.916219593020875,0.01002739726,0.1002739726
"5198",0.915939487468333,0.01002739726,0.1002739726
"5199",0.915545304042691,0.01002739726,0.1002739726
"5200",0.916525437907735,0.01002739726,0.1002739726
"5201",0.915877418559168,0.01002739726,0.1002739726
"5202",0.915726370001632,0.01002739726,0.1002739726
"5203",0.91694024667044,0.01002739726,0.1002739726
"5204",0.916485117323966,0.01002739726,0.1002739726
"5205",0.916358902793559,0.01002739726,0.1002739726
"5206",0.914806317093083,0.01002739726,0.1002739726
"5207",0.91442594808831,0.01002739726,0.1002739726
"5208",0.916843587775465,0.01002739726,0.1002739726
"5209",0.915807605672099,0.01002739726,0.1002739726
"5210",0.916404656175282,0.01002739726,0.1002739726
"5211",0.914718865745799,0.01002739726,0.1002739726
"5212",0.915091088544202,0.01002739726,0.1002739726
"5213",0.915285731380223,0.01002739726,0.1002739726
"5214",0.915692350955173,0.01002739726,0.1002739726
"5215",0.916051465629175,0.01002739726,0.1002739726
"5216",0.916354878634219,0.01002739726,0.1002739726
"5217",0.915799754388025,0.01002739726,0.1002739726
"5218",0.914897130977242,0.01002739726,0.1002739726
"5219",0.916060548722796,0.01002739726,0.1002739726
"5220",0.915325742700284,0.01002739726,0.1002739726
"5221",0.915588912321566,0.01002739726,0.1002739726
"5222",0.914809282949984,0.01002739726,0.1002739726
"5223",0.915820262104096,0.01002739726,0.1002739726
"5224",0.916081715498031,0.01002739726,0.1002739726
"5225",0.916036994272217,0.01002739726,0.1002739726
"5226",0.915627049953547,0.01002739726,0.1002739726
"5227",0.91613017750634,0.01002739726,0.1002739726
"5228",0.915826291746184,0.01002739726,0.1002739726
"5229",0.91580174141782,0.01002739726,0.1002739726
"5230",0.915599060313158,0.01002739726,0.1002739726
"5231",0.916108166235133,0.01002739726,0.1002739726
"5232",0.915675034566768,0.01002739726,0.1002739726
"5233",0.915012758002208,0.01002739726,0.1002739726
"5234",0.915968716681172,0.01002739726,0.1002739726
"5235",0.915701682149596,0.01002739726,0.1002739726
"5236",0.915294601841194,0.01002739726,0.1002739726
"5237",0.915316511990615,0.01002739726,0.1002739726
"5238",0.915885857875622,0.01002739726,0.1002739726
"5239",0.916383611297585,0.01002739726,0.1002739726
"5240",0.915983333753041,0.01002739726,0.1002739726
"5241",0.915814367486033,0.01002739726,0.1002739726
"5242",0.915762619154042,0.01002739726,0.1002739726
"5243",0.915864297858787,0.01002739726,0.1002739726
"5244",0.915730408742721,0.01002739726,0.1002739726
"5245",0.915612651471242,0.01002739726,0.1002739726
"5246",0.915386726096473,0.01002739726,0.1002739726
"5247",0.915109256557768,0.01002739726,0.1002739726
"5248",0.915859377692188,0.01002739726,0.1002739726
"5249",0.915047430866036,0.01002739726,0.1002739726
"5250",0.915308249753331,0.01002739726,0.1002739726
"5251",0.915510936142434,0.01002739726,0.1002739726
"5252",0.915608955822968,0.01002739726,0.1002739726
"5253",0.915508160438403,0.01002739726,0.1002739726
"5254",0.915692803285874,0.01002739726,0.1002739726
"5255",0.916184799831078,0.01002739726,0.1002739726
"5256",0.915979221337929,0.01002739726,0.1002739726
"5257",0.915117871315852,0.01002739726,0.1002739726
"5258",0.914880028912672,0.01002739726,0.1002739726
"5259",0.916023579196013,0.01002739726,0.1002739726
"5260",0.915450125716476,0.01002739726,0.1002739726
"5261",0.915507863055125,0.01002739726,0.1002739726
"5262",0.915830511376169,0.01002739726,0.1002739726
"5263",0.915482595144971,0.01002739726,0.1002739726
"5264",0.915934145809791,0.01002739726,0.1002739726
"5265",0.915858262554579,0.01002739726,0.1002739726
"5266",0.91596937832837,0.01002739726,0.1002739726
"5267",0.916470550736617,0.01002739726,0.1002739726
"5268",0.915995189012749,0.01002739726,0.1002739726
"5269",0.915152253599156,0.01002739726,0.1002739726
"5270",0.916464131647642,0.01002739726,0.1002739726
"5271",0.91560769017177,0.01002739726,0.1002739726
"5272",0.915564483239472,0.01002739726,0.1002739726
"5273",0.91507245583234,0.01002739726,0.1002739726
"5274",0.915858986914563,0.01002739726,0.1002739726
"5275",0.915776600453447,0.01002739726,0.1002739726
"5276",0.916120131115954,0.01002739726,0.1002739726
"5277",0.917134526208229,0.01002739726,0.1002739726
"5278",0.915756189658678,0.01002739726,0.1002739726
"5279",0.914984247626669,0.01002739726,0.1002739726
"5280",0.916286122389744,0.01002739726,0.1002739726
"5281",0.916117391077665,0.01002739726,0.1002739726
"5282",0.916153401964216,0.01002739726,0.1002739726
"5283",0.915523226142336,0.01002739726,0.1002739726
"5284",0.91556105541701,0.01002739726,0.1002739726
"5285",0.915356006240766,0.01002739726,0.1002739726
"5286",0.916154353970735,0.01002739726,0.1002739726
"5287",0.916641498036514,0.01002739726,0.1002739726
"5288",0.91602088508514,0.01002739726,0.1002739726
"5289",0.915325759747645,0.01002739726,0.1002739726
"5290",0.916139377349674,0.01002739726,0.1002739726
"5291",0.915572470108977,0.01002739726,0.1002739726
"5292",0.915559910018924,0.01002739726,0.1002739726
"5293",0.915832418787563,0.01002739726,0.1002739726
"5294",0.915933818904458,0.01002739726,0.1002739726
"5295",0.915212912487882,0.01002739726,0.1002739726
"5296",0.916016710554796,0.01002739726,0.1002739726
"5297",0.915794710589832,0.01002739726,0.1002739726
"5298",0.91639157323334,0.01002739726,0.1002739726
"5299",0.916457516381263,0.01002739726,0.1002739726
"5300",0.914192600634325,0.01002739726,0.1002739726
"5301",0.915509469546958,0.01002739726,0.1002739726
"5302",0.915948732733693,0.01002739726,0.1002739726
"5303",0.915882713461238,0.01002739726,0.1002739726
"5304",0.916335699388749,0.01002739726,0.1002739726
"5305",0.915593201313459,0.01002739726,0.1002739726
"5306",0.916609738832196,0.01002739726,0.1002739726
"5307",0.915819605777235,0.01002739726,0.1002739726
"5308",0.915773345952176,0.01002739726,0.1002739726
"5309",0.916268083151705,0.01002739726,0.1002739726
"5310",0.91567458723071,0.01002739726,0.1002739726
"5311",0.916849925143067,0.01002739726,0.1002739726
"5312",0.915123361739553,0.01002739726,0.1002739726
"5313",0.916448530564499,0.01002739726,0.1002739726
"5314",0.915005818321935,0.01002739726,0.1002739726
"5315",0.915288430100182,0.01002739726,0.1002739726
"5316",0.915810700144373,0.01002739726,0.1002739726
"5317",0.91551021452827,0.01002739726,0.1002739726
"5318",0.915628848167989,0.01002739726,0.1002739726
"5319",0.916209859025355,0.01002739726,0.1002739726
"5320",0.91588699730552,0.01002739726,0.1002739726
"5321",0.916318850674255,0.01002739726,0.1002739726
"5322",0.915621376104461,0.01002739726,0.1002739726
"5323",0.915627421847512,0.01002739726,0.1002739726
"5324",0.916106177953702,0.01002739726,0.1002739726
"5325",0.916468106214735,0.01002739726,0.1002739726
"5326",0.916011435386314,0.01002739726,0.1002739726
"5327",0.915180854188879,0.01002739726,0.1002739726
"5328",0.915698740427335,0.01002739726,0.1002739726
"5329",0.916721645391939,0.01002739726,0.1002739726
"5330",0.915413577054435,0.01002739726,0.1002739726
"5331",0.915789872539044,0.01002739726,0.1002739726
"5332",0.916632565477997,0.01002739726,0.1002739726
"5333",0.916317214444226,0.01002739726,0.1002739726
"5334",0.91626798951297,0.01002739726,0.1002739726
"5335",0.915362677037371,0.01002739726,0.1002739726
"5336",0.915587510478142,0.01002739726,0.1002739726
"5337",0.916022551680404,0.01002739726,0.1002739726
"5338",0.916608737024147,0.01002739726,0.1002739726
"5339",0.915272189634301,0.01002739726,0.1002739726
"5340",0.915588009108062,0.01002739726,0.1002739726
"5341",0.916037110145352,0.01002739726,0.1002739726
"5342",0.916097759173664,0.01002739726,0.1002739726
"5343",0.915663318250534,0.01002739726,0.1002739726
"5344",0.915587757343099,0.01002739726,0.1002739726
"5345",0.915362968620218,0.01002739726,0.1002739726
"5346",0.914877811680815,0.01002739726,0.1002739726
"5347",0.915816174722875,0.01002739726,0.1002739726
"5348",0.915269511712314,0.01002739726,0.1002739726
"5349",0.915869592641656,0.01002739726,0.1002739726
"5350",0.915379538904944,0.01002739726,0.1002739726
"5351",0.916042370490476,0.01002739726,0.1002739726
"5352",0.915721043934844,0.01002739726,0.1002739726
"5353",0.915626017546703,0.01002739726,0.1002739726
"5354",0.91571069842833,0.01002739726,0.1002739726
"5355",0.916186286099891,0.01002739726,0.1002739726
"5356",0.915974355833888,0.01002739726,0.1002739726
"5357",0.915561380318215,0.01002739726,0.1002739726
"5358",0.916129764697666,0.01002739726,0.1002739726
"5359",0.91602193350867,0.01002739726,0.1002739726
"5360",0.915621872968395,0.01002739726,0.1002739726
"5361",0.915532027839902,0.01002739726,0.1002739726
"5362",0.916453013489864,0.01002739726,0.1002739726
"5363",0.915186482348323,0.01002739726,0.1002739726
"5364",0.915654096989717,0.01002739726,0.1002739726
"5365",0.915654695769479,0.01002739726,0.1002739726
"5366",0.915925044433316,0.01002739726,0.1002739726
"5367",0.915898734567348,0.01002739726,0.1002739726
"5368",0.915658646760045,0.01002739726,0.1002739726
"5369",0.915214085839987,0.01002739726,0.1002739726
"5370",0.915092041996641,0.01002739726,0.1002739726
"5371",0.915921719153433,0.01002739726,0.1002739726
"5372",0.916049382479767,0.01002739726,0.1002739726
"5373",0.916486756952548,0.01002739726,0.1002739726
"5374",0.915825399795697,0.01002739726,0.1002739726
"5375",0.915159697740506,0.01002739726,0.1002739726
"5376",0.915004483077771,0.01002739726,0.1002739726
"5377",0.916800457404651,0.01002739726,0.1002739726
"5378",0.915635188338426,0.01002739726,0.1002739726
"5379",0.915749028022684,0.01002739726,0.1002739726
"5380",0.91578428693322,0.01002739726,0.1002739726
"5381",0.915321240216524,0.01002739726,0.1002739726
"5382",0.915755559329587,0.01002739726,0.1002739726
"5383",0.916043582656627,0.01002739726,0.1002739726
"5384",0.916604046026074,0.01002739726,0.1002739726
"5385",0.915473478634214,0.01002739726,0.1002739726
"5386",0.915163686522014,0.01002739726,0.1002739726
"5387",0.915841235729404,0.01002739726,0.1002739726
"5388",0.914984888649749,0.01002739726,0.1002739726
"5389",0.915647637126329,0.01002739726,0.1002739726
"5390",0.915407632480851,0.01002739726,0.1002739726
"5391",0.915237075470733,0.01002739726,0.1002739726
"5392",0.915459614247283,0.01002739726,0.1002739726
"5393",0.916352286204225,0.01002739726,0.1002739726
"5394",0.916101060154328,0.01002739726,0.1002739726
"5395",0.916218239996764,0.01002739726,0.1002739726
"5396",0.915501109061432,0.01002739726,0.1002739726
"5397",0.915670209715041,0.01002739726,0.1002739726
"5398",0.915223518931967,0.01002739726,0.1002739726
"5399",0.915744056550251,0.01002739726,0.1002739726
"5400",0.916110314087277,0.01002739726,0.1002739726
"5401",0.916192561289503,0.01002739726,0.1002739726
"5402",0.915957047538342,0.01002739726,0.1002739726
"5403",0.916648680342419,0.01002739726,0.1002739726
"5404",0.915709601380948,0.01002739726,0.1002739726
"5405",0.915892749135039,0.01002739726,0.1002739726
"5406",0.915310290038003,0.01002739726,0.1002739726
"5407",0.915365925306225,0.01002739726,0.1002739726
"5408",0.916162230008525,0.01002739726,0.1002739726
"5409",0.9147385167731,0.01002739726,0.1002739726
"5410",0.915412219698878,0.01002739726,0.1002739726
"5411",0.91533165667864,0.01002739726,0.1002739726
"5412",0.914740443450167,0.01002739726,0.1002739726
"5413",0.915710121443129,0.01002739726,0.1002739726
"5414",0.91506015900363,0.01002739726,0.1002739726
"5415",0.915465775550416,0.01002739726,0.1002739726
"5416",0.915785294572853,0.01002739726,0.1002739726
"5417",0.915856043545188,0.01002739726,0.1002739726
"5418",0.915715597427353,0.01002739726,0.1002739726
"5419",0.91535335077358,0.01002739726,0.1002739726
"5420",0.915137954240663,0.01002739726,0.1002739726
"5421",0.915265983235333,0.01002739726,0.1002739726
"5422",0.91544265104092,0.01002739726,0.1002739726
"5423",0.915554616332749,0.01002739726,0.1002739726
"5424",0.915654212916698,0.01002739726,0.1002739726
"5425",0.916578423238256,0.01002739726,0.1002739726
"5426",0.91574184033478,0.01002739726,0.1002739726
"5427",0.916015507506818,0.01002739726,0.1002739726
"5428",0.915755457183877,0.01002739726,0.1002739726
"5429",0.91591633305967,0.01002739726,0.1002739726
"5430",0.914763226767549,0.01002739726,0.1002739726
"5431",0.916840363193979,0.01002739726,0.1002739726
"5432",0.915621326653723,0.01002739726,0.1002739726
"5433",0.915266583964071,0.01002739726,0.1002739726
"5434",0.916278028925157,0.01002739726,0.1002739726
"5435",0.915663313332574,0.01002739726,0.1002739726
"5436",0.91568498958197,0.01002739726,0.1002739726
"5437",0.916633118683934,0.01002739726,0.1002739726
"5438",0.915810126157578,0.01002739726,0.1002739726
"5439",0.916373521114626,0.01002739726,0.1002739726
"5440",0.91623413190883,0.01002739726,0.1002739726
"5441",0.915666764702564,0.01002739726,0.1002739726
"5442",0.916348308516033,0.01002739726,0.1002739726
"5443",0.91601646314199,0.01002739726,0.1002739726
"5444",0.916100007951068,0.01002739726,0.1002739726
"5445",0.916076535873178,0.01002739726,0.1002739726
"5446",0.915961695964797,0.01002739726,0.1002739726
"5447",0.915154889910291,0.01002739726,0.1002739726
"5448",0.915160935925086,0.01002739726,0.1002739726
"5449",0.915211485389842,0.01002739726,0.1002739726
"5450",0.916279555531584,0.01002739726,0.1002739726
"5451",0.916482175499067,0.01002739726,0.1002739726
"5452",0.915549711991368,0.01002739726,0.1002739726
"5453",0.916462703772748,0.01002739726,0.1002739726
"5454",0.916003697253172,0.01002739726,0.1002739726
"5455",0.915392237619232,0.01002739726,0.1002739726
"5456",0.91585161251861,0.01002739726,0.1002739726
"5457",0.915529775352291,0.01002739726,0.1002739726
"5458",0.916273112610955,0.01002739726,0.1002739726
"5459",0.915594835946788,0.01002739726,0.1002739726
"5460",0.915761513417337,0.01002739726,0.1002739726
"5461",0.91561450026209,0.01002739726,0.1002739726
"5462",0.915575499560029,0.01002739726,0.1002739726
"5463",0.91556805730895,0.01002739726,0.1002739726
"5464",0.915596285182805,0.01002739726,0.1002739726
"5465",0.915197947737243,0.01002739726,0.1002739726
"5466",0.914860466210407,0.01002739726,0.1002739726
"5467",0.915476537336288,0.01002739726,0.1002739726
"5468",0.916958144739193,0.01002739726,0.1002739726
"5469",0.915676526336189,0.01002739726,0.1002739726
"5470",0.915865731971669,0.01002739726,0.1002739726
"5471",0.915804705165559,0.01002739726,0.1002739726
"5472",0.915952369396385,0.01002739726,0.1002739726
"5473",0.916261763998989,0.01002739726,0.1002739726
"5474",0.915255321930206,0.01002739726,0.1002739726
"5475",0.915497906574024,0.01002739726,0.1002739726
"5476",0.91625409438429,0.01002739726,0.1002739726
"5477",0.915547603805689,0.01002739726,0.1002739726
"5478",0.916937122564627,0.01002739726,0.1002739726
"5479",0.915748182748594,0.01002739726,0.1002739726
"5480",0.915267263817304,0.01002739726,0.1002739726
"5481",0.915608054722164,0.01002739726,0.1002739726
"5482",0.915437599109019,0.01002739726,0.1002739726
"5483",0.916247760297572,0.01002739726,0.1002739726
"5484",0.915938585842232,0.01002739726,0.1002739726
"5485",0.915616573655302,0.01002739726,0.1002739726
"5486",0.916605696282278,0.01002739726,0.1002739726
"5487",0.916559804657008,0.01002739726,0.1002739726
"5488",0.916842036356984,0.01002739726,0.1002739726
"5489",0.915274275083328,0.01002739726,0.1002739726
"5490",0.914844322292348,0.01002739726,0.1002739726
"5491",0.916267687565688,0.01002739726,0.1002739726
"5492",0.915887187539528,0.01002739726,0.1002739726
"5493",0.915688630142278,0.01002739726,0.1002739726
"5494",0.915485973276907,0.01002739726,0.1002739726
"5495",0.915720182757344,0.01002739726,0.1002739726
"5496",0.915157835951055,0.01002739726,0.1002739726
"5497",0.915633676997295,0.01002739726,0.1002739726
"5498",0.915493277212584,0.01002739726,0.1002739726
"5499",0.915405774621013,0.01002739726,0.1002739726
"5500",0.915826263965036,0.01002739726,0.1002739726
"5501",0.915935180984122,0.01002739726,0.1002739726
"5502",0.922075492191546,0.011024657534,0.11024657534
"5503",0.922190162026423,0.011024657534,0.11024657534
"5504",0.921738640495748,0.011024657534,0.11024657534
"5505",0.921518349305379,0.011024657534,0.11024657534
"5506",0.921609141567547,0.011024657534,0.11024657534
"5507",0.922094804128675,0.011024657534,0.11024657534
"5508",0.922566896903233,0.011024657534,0.11024657534
"5509",0.922351999358428,0.011024657534,0.11024657534
"5510",0.921555122468308,0.011024657534,0.11024657534
"5511",0.922052314261463,0.011024657534,0.11024657534
"5512",0.923207314613733,0.011024657534,0.11024657534
"5513",0.922177537433414,0.011024657534,0.11024657534
"5514",0.92135330902478,0.011024657534,0.11024657534
"5515",0.921125922178126,0.011024657534,0.11024657534
"5516",0.922747282415105,0.011024657534,0.11024657534
"5517",0.921662100066276,0.011024657534,0.11024657534
"5518",0.92225203323586,0.011024657534,0.11024657534
"5519",0.922030185225073,0.011024657534,0.11024657534
"5520",0.921939620492436,0.011024657534,0.11024657534
"5521",0.921882549470258,0.011024657534,0.11024657534
"5522",0.92166856490835,0.011024657534,0.11024657534
"5523",0.922039986425662,0.011024657534,0.11024657534
"5524",0.921569347592947,0.011024657534,0.11024657534
"5525",0.922435713344099,0.011024657534,0.11024657534
"5526",0.921257459747607,0.011024657534,0.11024657534
"5527",0.922677404066007,0.011024657534,0.11024657534
"5528",0.922337141557223,0.011024657534,0.11024657534
"5529",0.922011277877404,0.011024657534,0.11024657534
"5530",0.921276733286218,0.011024657534,0.11024657534
"5531",0.921930529330492,0.011024657534,0.11024657534
"5532",0.922295411364611,0.011024657534,0.11024657534
"5533",0.922589964849617,0.011024657534,0.11024657534
"5534",0.922241071091793,0.011024657534,0.11024657534
"5535",0.922320854705967,0.011024657534,0.11024657534
"5536",0.922316651084137,0.011024657534,0.11024657534
"5537",0.921736964152362,0.011024657534,0.11024657534
"5538",0.922205201054513,0.011024657534,0.11024657534
"5539",0.921851768832667,0.011024657534,0.11024657534
"5540",0.922061529299258,0.011024657534,0.11024657534
"5541",0.921992778246069,0.011024657534,0.11024657534
"5542",0.922415354988992,0.011024657534,0.11024657534
"5543",0.921817110249469,0.011024657534,0.11024657534
"5544",0.92199446244538,0.011024657534,0.11024657534
"5545",0.923006167891484,0.011024657534,0.11024657534
"5546",0.922723692417022,0.011024657534,0.11024657534
"5547",0.922607111563886,0.011024657534,0.11024657534
"5548",0.922471941316797,0.011024657534,0.11024657534
"5549",0.921498780533662,0.011024657534,0.11024657534
"5550",0.921454307157385,0.011024657534,0.11024657534
"5551",0.92245356688828,0.011024657534,0.11024657534
"5552",0.92222052437562,0.011024657534,0.11024657534
"5553",0.922282994004249,0.011024657534,0.11024657534
"5554",0.922373279361109,0.011024657534,0.11024657534
"5555",0.921783631494229,0.011024657534,0.11024657534
"5556",0.921998644255384,0.011024657534,0.11024657534
"5557",0.922491913123245,0.011024657534,0.11024657534
"5558",0.922720193078838,0.011024657534,0.11024657534
"5559",0.922067628443645,0.011024657534,0.11024657534
"5560",0.922286217715047,0.011024657534,0.11024657534
"5561",0.921381114628117,0.011024657534,0.11024657534
"5562",0.922348394046188,0.011024657534,0.11024657534
"5563",0.921701665720828,0.011024657534,0.11024657534
"5564",0.921810137318059,0.011024657534,0.11024657534
"5565",0.922028465830877,0.011024657534,0.11024657534
"5566",0.922192667300975,0.011024657534,0.11024657534
"5567",0.921988030148562,0.011024657534,0.11024657534
"5568",0.921553504672752,0.011024657534,0.11024657534
"5569",0.922533986417362,0.011024657534,0.11024657534
"5570",0.922418179284867,0.011024657534,0.11024657534
"5571",0.922358375187348,0.011024657534,0.11024657534
"5572",0.922307276601454,0.011024657534,0.11024657534
"5573",0.921794233628318,0.011024657534,0.11024657534
"5574",0.922859657602923,0.011024657534,0.11024657534
"5575",0.921285559449378,0.011024657534,0.11024657534
"5576",0.92272029304499,0.011024657534,0.11024657534
"5577",0.92180973725891,0.011024657534,0.11024657534
"5578",0.923153243114879,0.011024657534,0.11024657534
"5579",0.921922662664448,0.011024657534,0.11024657534
"5580",0.921800083727485,0.011024657534,0.11024657534
"5581",0.921845892777141,0.011024657534,0.11024657534
"5582",0.921903978461435,0.011024657534,0.11024657534
"5583",0.921706435196242,0.011024657534,0.11024657534
"5584",0.921435888180173,0.011024657534,0.11024657534
"5585",0.922073025536632,0.011024657534,0.11024657534
"5586",0.921712322612784,0.011024657534,0.11024657534
"5587",0.921704660964231,0.011024657534,0.11024657534
"5588",0.921309040030085,0.011024657534,0.11024657534
"5589",0.921615294083962,0.011024657534,0.11024657534
"5590",0.922378467310934,0.011024657534,0.11024657534
"5591",0.922636589187468,0.011024657534,0.11024657534
"5592",0.921189318725909,0.011024657534,0.11024657534
"5593",0.922335946496662,0.011024657534,0.11024657534
"5594",0.92304307323592,0.011024657534,0.11024657534
"5595",0.923110736875575,0.011024657534,0.11024657534
"5596",0.922161241325861,0.011024657534,0.11024657534
"5597",0.921990121965329,0.011024657534,0.11024657534
"5598",0.9222806659045,0.011024657534,0.11024657534
"5599",0.922316263877037,0.011024657534,0.11024657534
"5600",0.922242634877823,0.011024657534,0.11024657534
"5601",0.922199956552737,0.011024657534,0.11024657534
"5602",0.921658015452484,0.011024657534,0.11024657534
"5603",0.921380311918543,0.011024657534,0.11024657534
"5604",0.922254907336514,0.011024657534,0.11024657534
"5605",0.921933014923026,0.011024657534,0.11024657534
"5606",0.922900541713981,0.011024657534,0.11024657534
"5607",0.921730144279162,0.011024657534,0.11024657534
"5608",0.921659063560574,0.011024657534,0.11024657534
"5609",0.922367973152915,0.011024657534,0.11024657534
"5610",0.922318720804783,0.011024657534,0.11024657534
"5611",0.922009219994161,0.011024657534,0.11024657534
"5612",0.922417103147857,0.011024657534,0.11024657534
"5613",0.92167384816166,0.011024657534,0.11024657534
"5614",0.922427396437393,0.011024657534,0.11024657534
"5615",0.922434264734163,0.011024657534,0.11024657534
"5616",0.922107358901571,0.011024657534,0.11024657534
"5617",0.922722892836772,0.011024657534,0.11024657534
"5618",0.922042321229653,0.011024657534,0.11024657534
"5619",0.922062470833393,0.011024657534,0.11024657534
"5620",0.922453799030114,0.011024657534,0.11024657534
"5621",0.92185249618885,0.011024657534,0.11024657534
"5622",0.922743737486306,0.011024657534,0.11024657534
"5623",0.921727530125308,0.011024657534,0.11024657534
"5624",0.92198603497142,0.011024657534,0.11024657534
"5625",0.922128313247521,0.011024657534,0.11024657534
"5626",0.922017210334826,0.011024657534,0.11024657534
"5627",0.921828536052642,0.011024657534,0.11024657534
"5628",0.921622375474635,0.011024657534,0.11024657534
"5629",0.921536672714503,0.011024657534,0.11024657534
"5630",0.92226863154583,0.011024657534,0.11024657534
"5631",0.922208522585293,0.011024657534,0.11024657534
"5632",0.922441875011869,0.011024657534,0.11024657534
"5633",0.922380565531482,0.011024657534,0.11024657534
"5634",0.921578684728412,0.011024657534,0.11024657534
"5635",0.921769280511636,0.011024657534,0.11024657534
"5636",0.922132562579301,0.011024657534,0.11024657534
"5637",0.922357585701117,0.011024657534,0.11024657534
"5638",0.921057046669174,0.011024657534,0.11024657534
"5639",0.922351161246293,0.011024657534,0.11024657534
"5640",0.922710778765303,0.011024657534,0.11024657534
"5641",0.921521246752285,0.011024657534,0.11024657534
"5642",0.922547098690065,0.011024657534,0.11024657534
"5643",0.921928166700709,0.011024657534,0.11024657534
"5644",0.922232542755515,0.011024657534,0.11024657534
"5645",0.9215304500215,0.011024657534,0.11024657534
"5646",0.921713122299928,0.011024657534,0.11024657534
"5647",0.922336790324245,0.011024657534,0.11024657534
"5648",0.92240037305416,0.011024657534,0.11024657534
"5649",0.922021538719945,0.011024657534,0.11024657534
"5650",0.922145731939453,0.011024657534,0.11024657534
"5651",0.921405815185373,0.011024657534,0.11024657534
"5652",0.92232468340323,0.011024657534,0.11024657534
"5653",0.921580922592076,0.011024657534,0.11024657534
"5654",0.922163330617669,0.011024657534,0.11024657534
"5655",0.922783172758161,0.011024657534,0.11024657534
"5656",0.92224797919985,0.011024657534,0.11024657534
"5657",0.921496792018734,0.011024657534,0.11024657534
"5658",0.922045643172862,0.011024657534,0.11024657534
"5659",0.921552490711231,0.011024657534,0.11024657534
"5660",0.922550476605964,0.011024657534,0.11024657534
"5661",0.921906367863646,0.011024657534,0.11024657534
"5662",0.921938936769504,0.011024657534,0.11024657534
"5663",0.922020913607013,0.011024657534,0.11024657534
"5664",0.921341231352503,0.011024657534,0.11024657534
"5665",0.922197051982088,0.011024657534,0.11024657534
"5666",0.92195115086836,0.011024657534,0.11024657534
"5667",0.922437289335517,0.011024657534,0.11024657534
"5668",0.921870990223945,0.011024657534,0.11024657534
"5669",0.921784188327627,0.011024657534,0.11024657534
"5670",0.922267898285959,0.011024657534,0.11024657534
"5671",0.922564513558416,0.011024657534,0.11024657534
"5672",0.922674069675989,0.011024657534,0.11024657534
"5673",0.922782794058878,0.011024657534,0.11024657534
"5674",0.922221125772361,0.011024657534,0.11024657534
"5675",0.922120890842059,0.011024657534,0.11024657534
"5676",0.922310022264812,0.011024657534,0.11024657534
"5677",0.921758898816705,0.011024657534,0.11024657534
"5678",0.921726299220456,0.011024657534,0.11024657534
"5679",0.921581505974618,0.011024657534,0.11024657534
"5680",0.922529234180093,0.011024657534,0.11024657534
"5681",0.921561182735832,0.011024657534,0.11024657534
"5682",0.922064567020178,0.011024657534,0.11024657534
"5683",0.922564064273109,0.011024657534,0.11024657534
"5684",0.921798049562236,0.011024657534,0.11024657534
"5685",0.921068354780889,0.011024657534,0.11024657534
"5686",0.922392574133592,0.011024657534,0.11024657534
"5687",0.921529408336965,0.011024657534,0.11024657534
"5688",0.921902096900838,0.011024657534,0.11024657534
"5689",0.92245915611568,0.011024657534,0.11024657534
"5690",0.922593379164773,0.011024657534,0.11024657534
"5691",0.921743666156349,0.011024657534,0.11024657534
"5692",0.923193857789933,0.011024657534,0.11024657534
"5693",0.92199360205088,0.011024657534,0.11024657534
"5694",0.921980122928732,0.011024657534,0.11024657534
"5695",0.92212288425578,0.011024657534,0.11024657534
"5696",0.921806954408038,0.011024657534,0.11024657534
"5697",0.92332268684856,0.011024657534,0.11024657534
"5698",0.92210861826018,0.011024657534,0.11024657534
"5699",0.921996172022856,0.011024657534,0.11024657534
"5700",0.921411891866527,0.011024657534,0.11024657534
"5701",0.922330128117475,0.011024657534,0.11024657534
"5702",0.921520235200418,0.011024657534,0.11024657534
"5703",0.921545440299643,0.011024657534,0.11024657534
"5704",0.922166298867914,0.011024657534,0.11024657534
"5705",0.921401239020828,0.011024657534,0.11024657534
"5706",0.922531834344105,0.011024657534,0.11024657534
"5707",0.921266917796219,0.011024657534,0.11024657534
"5708",0.921878837878104,0.011024657534,0.11024657534
"5709",0.921408203362784,0.011024657534,0.11024657534
"5710",0.922511554670974,0.011024657534,0.11024657534
"5711",0.921791845243825,0.011024657534,0.11024657534
"5712",0.922181895144964,0.011024657534,0.11024657534
"5713",0.922234770489039,0.011024657534,0.11024657534
"5714",0.922353827572403,0.011024657534,0.11024657534
"5715",0.921769474340205,0.011024657534,0.11024657534
"5716",0.922358183468562,0.011024657534,0.11024657534
"5717",0.921929196148591,0.011024657534,0.11024657534
"5718",0.921222027188721,0.011024657534,0.11024657534
"5719",0.921824052140991,0.011024657534,0.11024657534
"5720",0.921398468782255,0.011024657534,0.11024657534
"5721",0.921959882213894,0.011024657534,0.11024657534
"5722",0.922301900148419,0.011024657534,0.11024657534
"5723",0.921862897051456,0.011024657534,0.11024657534
"5724",0.921939379551772,0.011024657534,0.11024657534
"5725",0.921774647202023,0.011024657534,0.11024657534
"5726",0.921769465752749,0.011024657534,0.11024657534
"5727",0.921908431407749,0.011024657534,0.11024657534
"5728",0.922466023345418,0.011024657534,0.11024657534
"5729",0.922034967072356,0.011024657534,0.11024657534
"5730",0.921277728665714,0.011024657534,0.11024657534
"5731",0.92179642075357,0.011024657534,0.11024657534
"5732",0.921758228714901,0.011024657534,0.11024657534
"5733",0.921845789327682,0.011024657534,0.11024657534
"5734",0.922524218577804,0.011024657534,0.11024657534
"5735",0.922743727923083,0.011024657534,0.11024657534
"5736",0.922201644690111,0.011024657534,0.11024657534
"5737",0.921528786082884,0.011024657534,0.11024657534
"5738",0.92255500073863,0.011024657534,0.11024657534
"5739",0.922772954181826,0.011024657534,0.11024657534
"5740",0.922142520549715,0.011024657534,0.11024657534
"5741",0.921679696031363,0.011024657534,0.11024657534
"5742",0.921547821749191,0.011024657534,0.11024657534
"5743",0.921888125935803,0.011024657534,0.11024657534
"5744",0.922786219770539,0.011024657534,0.11024657534
"5745",0.921893239217667,0.011024657534,0.11024657534
"5746",0.922522339285797,0.011024657534,0.11024657534
"5747",0.921875068010893,0.011024657534,0.11024657534
"5748",0.923051971210515,0.011024657534,0.11024657534
"5749",0.921497229149602,0.011024657534,0.11024657534
"5750",0.92161965865873,0.011024657534,0.11024657534
"5751",0.921966738466148,0.011024657534,0.11024657534
"5752",0.922114036074203,0.011024657534,0.11024657534
"5753",0.922756799636295,0.011024657534,0.11024657534
"5754",0.92220505274999,0.011024657534,0.11024657534
"5755",0.922434134673619,0.011024657534,0.11024657534
"5756",0.922138597845098,0.011024657534,0.11024657534
"5757",0.922348753263213,0.011024657534,0.11024657534
"5758",0.921868632159509,0.011024657534,0.11024657534
"5759",0.92198347535382,0.011024657534,0.11024657534
"5760",0.922195234067861,0.011024657534,0.11024657534
"5761",0.921525268026862,0.011024657534,0.11024657534
"5762",0.922006833633468,0.011024657534,0.11024657534
"5763",0.92208972007058,0.011024657534,0.11024657534
"5764",0.922446613594224,0.011024657534,0.11024657534
"5765",0.922588736661176,0.011024657534,0.11024657534
"5766",0.921947596375734,0.011024657534,0.11024657534
"5767",0.922001256946427,0.011024657534,0.11024657534
"5768",0.920612984232701,0.011024657534,0.11024657534
"5769",0.92223549145173,0.011024657534,0.11024657534
"5770",0.92160587809806,0.011024657534,0.11024657534
"5771",0.921943729985867,0.011024657534,0.11024657534
"5772",0.921640928387221,0.011024657534,0.11024657534
"5773",0.922555605953357,0.011024657534,0.11024657534
"5774",0.922597228281494,0.011024657534,0.11024657534
"5775",0.922026138432654,0.011024657534,0.11024657534
"5776",0.922327731144009,0.011024657534,0.11024657534
"5777",0.922049321273117,0.011024657534,0.11024657534
"5778",0.922406038466113,0.011024657534,0.11024657534
"5779",0.92226073204343,0.011024657534,0.11024657534
"5780",0.922441230004376,0.011024657534,0.11024657534
"5781",0.922195756843384,0.011024657534,0.11024657534
"5782",0.921247582713716,0.011024657534,0.11024657534
"5783",0.922163484272045,0.011024657534,0.11024657534
"5784",0.922515279678353,0.011024657534,0.11024657534
"5785",0.921329703287246,0.011024657534,0.11024657534
"5786",0.921673225902251,0.011024657534,0.11024657534
"5787",0.921815658167253,0.011024657534,0.11024657534
"5788",0.922780762755737,0.011024657534,0.11024657534
"5789",0.921941456202924,0.011024657534,0.11024657534
"5790",0.921874037540238,0.011024657534,0.11024657534
"5791",0.922688189527157,0.011024657534,0.11024657534
"5792",0.921056528162033,0.011024657534,0.11024657534
"5793",0.921942826555084,0.011024657534,0.11024657534
"5794",0.922562997584017,0.011024657534,0.11024657534
"5795",0.9214867997767,0.011024657534,0.11024657534
"5796",0.921535155712954,0.011024657534,0.11024657534
"5797",0.922593604501726,0.011024657534,0.11024657534
"5798",0.922092197287564,0.011024657534,0.11024657534
"5799",0.921415224579772,0.011024657534,0.11024657534
"5800",0.921558340332169,0.011024657534,0.11024657534
"5801",0.922641141780129,0.011024657534,0.11024657534
"5802",0.922168098151501,0.011024657534,0.11024657534
"5803",0.922345319559796,0.011024657534,0.11024657534
"5804",0.921459240519072,0.011024657534,0.11024657534
"5805",0.922062936179798,0.011024657534,0.11024657534
"5806",0.92217405341838,0.011024657534,0.11024657534
"5807",0.921380662745754,0.011024657534,0.11024657534
"5808",0.922258274796212,0.011024657534,0.11024657534
"5809",0.921876153440781,0.011024657534,0.11024657534
"5810",0.921701873369665,0.011024657534,0.11024657534
"5811",0.922644203792885,0.011024657534,0.11024657534
"5812",0.921502284813195,0.011024657534,0.11024657534
"5813",0.921491304544032,0.011024657534,0.11024657534
"5814",0.922900229770158,0.011024657534,0.11024657534
"5815",0.921607886213818,0.011024657534,0.11024657534
"5816",0.922439188735276,0.011024657534,0.11024657534
"5817",0.921344355691415,0.011024657534,0.11024657534
"5818",0.92214670324724,0.011024657534,0.11024657534
"5819",0.921607706649902,0.011024657534,0.11024657534
"5820",0.922162882294726,0.011024657534,0.11024657534
"5821",0.921798824249562,0.011024657534,0.11024657534
"5822",0.922301884878544,0.011024657534,0.11024657534
"5823",0.922217439088462,0.011024657534,0.11024657534
"5824",0.921944589022766,0.011024657534,0.11024657534
"5825",0.921658557650306,0.011024657534,0.11024657534
"5826",0.921980856403588,0.011024657534,0.11024657534
"5827",0.922165150220672,0.011024657534,0.11024657534
"5828",0.921964103554604,0.011024657534,0.11024657534
"5829",0.922539745148904,0.011024657534,0.11024657534
"5830",0.921664961070175,0.011024657534,0.11024657534
"5831",0.922262729652134,0.011024657534,0.11024657534
"5832",0.922715101213795,0.011024657534,0.11024657534
"5833",0.92226523408289,0.011024657534,0.11024657534
"5834",0.922782202222215,0.011024657534,0.11024657534
"5835",0.921947236310648,0.011024657534,0.11024657534
"5836",0.921394337325769,0.011024657534,0.11024657534
"5837",0.921961741011768,0.011024657534,0.11024657534
"5838",0.923412728422612,0.011024657534,0.11024657534
"5839",0.922582387354456,0.011024657534,0.11024657534
"5840",0.922712675313901,0.011024657534,0.11024657534
"5841",0.921762505946338,0.011024657534,0.11024657534
"5842",0.922479695023309,0.011024657534,0.11024657534
"5843",0.92108456815892,0.011024657534,0.11024657534
"5844",0.9224645914566,0.011024657534,0.11024657534
"5845",0.921989393722355,0.011024657534,0.11024657534
"5846",0.922017511016901,0.011024657534,0.11024657534
"5847",0.922202809023979,0.011024657534,0.11024657534
"5848",0.922039207466575,0.011024657534,0.11024657534
"5849",0.921706634465137,0.011024657534,0.11024657534
"5850",0.92116448057106,0.011024657534,0.11024657534
"5851",0.922588497628413,0.011024657534,0.11024657534
"5852",0.922191974231257,0.011024657534,0.11024657534
"5853",0.922744000149695,0.011024657534,0.11024657534
"5854",0.921978227302723,0.011024657534,0.11024657534
"5855",0.923017941991841,0.011024657534,0.11024657534
"5856",0.922123751864488,0.011024657534,0.11024657534
"5857",0.921478136949124,0.011024657534,0.11024657534
"5858",0.922158235032665,0.011024657534,0.11024657534
"5859",0.921873174003063,0.011024657534,0.11024657534
"5860",0.921881824024004,0.011024657534,0.11024657534
"5861",0.922743885641419,0.011024657534,0.11024657534
"5862",0.921640749669734,0.011024657534,0.11024657534
"5863",0.922518015067117,0.011024657534,0.11024657534
"5864",0.922342964901414,0.011024657534,0.11024657534
"5865",0.922681802565633,0.011024657534,0.11024657534
"5866",0.921238009103599,0.011024657534,0.11024657534
"5867",0.922606621888827,0.011024657534,0.11024657534
"5868",0.921969255365931,0.011024657534,0.11024657534
"5869",0.922676985498294,0.011024657534,0.11024657534
"5870",0.922139628968428,0.011024657534,0.11024657534
"5871",0.922900445735684,0.011024657534,0.11024657534
"5872",0.921616479438841,0.011024657534,0.11024657534
"5873",0.92169724815637,0.011024657534,0.11024657534
"5874",0.922005134378573,0.011024657534,0.11024657534
"5875",0.922529702370981,0.011024657534,0.11024657534
"5876",0.922619882770159,0.011024657534,0.11024657534
"5877",0.921520910078537,0.011024657534,0.11024657534
"5878",0.922477463936555,0.011024657534,0.11024657534
"5879",0.920900733363932,0.011024657534,0.11024657534
"5880",0.922149382302934,0.011024657534,0.11024657534
"5881",0.921315080926962,0.011024657534,0.11024657534
"5882",0.921655013863304,0.011024657534,0.11024657534
"5883",0.922207774377989,0.011024657534,0.11024657534
"5884",0.922535794370655,0.011024657534,0.11024657534
"5885",0.922250348449379,0.011024657534,0.11024657534
"5886",0.921529672409029,0.011024657534,0.11024657534
"5887",0.921958937693659,0.011024657534,0.11024657534
"5888",0.922278974513126,0.011024657534,0.11024657534
"5889",0.922169300832721,0.011024657534,0.11024657534
"5890",0.922193908189683,0.011024657534,0.11024657534
"5891",0.922548381717842,0.011024657534,0.11024657534
"5892",0.921373853807058,0.011024657534,0.11024657534
"5893",0.922147211038903,0.011024657534,0.11024657534
"5894",0.921840163855892,0.011024657534,0.11024657534
"5895",0.922310693308042,0.011024657534,0.11024657534
"5896",0.922340525411593,0.011024657534,0.11024657534
"5897",0.920750143601625,0.011024657534,0.11024657534
"5898",0.922843619794999,0.011024657534,0.11024657534
"5899",0.922155782558502,0.011024657534,0.11024657534
"5900",0.921904315898088,0.011024657534,0.11024657534
"5901",0.921604931855389,0.011024657534,0.11024657534
"5902",0.921625782025801,0.011024657534,0.11024657534
"5903",0.922404122733663,0.011024657534,0.11024657534
"5904",0.92149575497083,0.011024657534,0.11024657534
"5905",0.92261124711989,0.011024657534,0.11024657534
"5906",0.92129473677927,0.011024657534,0.11024657534
"5907",0.921863867399946,0.011024657534,0.11024657534
"5908",0.92124026027484,0.011024657534,0.11024657534
"5909",0.922015202156202,0.011024657534,0.11024657534
"5910",0.921473845720466,0.011024657534,0.11024657534
"5911",0.921734366071303,0.011024657534,0.11024657534
"5912",0.922468143121187,0.011024657534,0.11024657534
"5913",0.922110336891407,0.011024657534,0.11024657534
"5914",0.922990927128366,0.011024657534,0.11024657534
"5915",0.921970546714345,0.011024657534,0.11024657534
"5916",0.921214774856584,0.011024657534,0.11024657534
"5917",0.921527118529698,0.011024657534,0.11024657534
"5918",0.922173772298079,0.011024657534,0.11024657534
"5919",0.922283177334663,0.011024657534,0.11024657534
"5920",0.922885205857709,0.011024657534,0.11024657534
"5921",0.922269553840066,0.011024657534,0.11024657534
"5922",0.92239749263532,0.011024657534,0.11024657534
"5923",0.921804535515613,0.011024657534,0.11024657534
"5924",0.922729137579007,0.011024657534,0.11024657534
"5925",0.922543454370164,0.011024657534,0.11024657534
"5926",0.921708304893129,0.011024657534,0.11024657534
"5927",0.922607986819355,0.011024657534,0.11024657534
"5928",0.920861203957329,0.011024657534,0.11024657534
"5929",0.922328059401352,0.011024657534,0.11024657534
"5930",0.922377113241475,0.011024657534,0.11024657534
"5931",0.922153425814682,0.011024657534,0.11024657534
"5932",0.921856079310956,0.011024657534,0.11024657534
"5933",0.921279403107086,0.011024657534,0.11024657534
"5934",0.922025211394428,0.011024657534,0.11024657534
"5935",0.923621513273111,0.011024657534,0.11024657534
"5936",0.921818073057294,0.011024657534,0.11024657534
"5937",0.921582218157084,0.011024657534,0.11024657534
"5938",0.922618073251446,0.011024657534,0.11024657534
"5939",0.922389884828237,0.011024657534,0.11024657534
"5940",0.922148992006353,0.011024657534,0.11024657534
"5941",0.921671947504797,0.011024657534,0.11024657534
"5942",0.921956037035686,0.011024657534,0.11024657534
"5943",0.922197967457831,0.011024657534,0.11024657534
"5944",0.921931018773131,0.011024657534,0.11024657534
"5945",0.921030663610704,0.011024657534,0.11024657534
"5946",0.922307796984979,0.011024657534,0.11024657534
"5947",0.922230334709015,0.011024657534,0.11024657534
"5948",0.921986628474733,0.011024657534,0.11024657534
"5949",0.922067384564478,0.011024657534,0.11024657534
"5950",0.922110622410109,0.011024657534,0.11024657534
"5951",0.921298312457902,0.011024657534,0.11024657534
"5952",0.922022218161826,0.011024657534,0.11024657534
"5953",0.922596604720026,0.011024657534,0.11024657534
"5954",0.922003395080263,0.011024657534,0.11024657534
"5955",0.92232751373119,0.011024657534,0.11024657534
"5956",0.921527695049952,0.011024657534,0.11024657534
"5957",0.922066207280658,0.011024657534,0.11024657534
"5958",0.922196906652656,0.011024657534,0.11024657534
"5959",0.921836571727538,0.011024657534,0.11024657534
"5960",0.922687222814166,0.011024657534,0.11024657534
"5961",0.921467559237646,0.011024657534,0.11024657534
"5962",0.921775662513021,0.011024657534,0.11024657534
"5963",0.921983724132065,0.011024657534,0.11024657534
"5964",0.922837884148812,0.011024657534,0.11024657534
"5965",0.921692710839892,0.011024657534,0.11024657534
"5966",0.9214295279512,0.011024657534,0.11024657534
"5967",0.922476655924691,0.011024657534,0.11024657534
"5968",0.92149781450001,0.011024657534,0.11024657534
"5969",0.922618088723417,0.011024657534,0.11024657534
"5970",0.922442766432534,0.011024657534,0.11024657534
"5971",0.921848750113774,0.011024657534,0.11024657534
"5972",0.921631805155154,0.011024657534,0.11024657534
"5973",0.923202367593228,0.011024657534,0.11024657534
"5974",0.922562490705705,0.011024657534,0.11024657534
"5975",0.92190920794607,0.011024657534,0.11024657534
"5976",0.92182471310013,0.011024657534,0.11024657534
"5977",0.922572861466365,0.011024657534,0.11024657534
"5978",0.922430071657951,0.011024657534,0.11024657534
"5979",0.922730183645367,0.011024657534,0.11024657534
"5980",0.921870366300473,0.011024657534,0.11024657534
"5981",0.922472504606564,0.011024657534,0.11024657534
"5982",0.922667628910958,0.011024657534,0.11024657534
"5983",0.92192772577479,0.011024657534,0.11024657534
"5984",0.921822120164059,0.011024657534,0.11024657534
"5985",0.92169007605813,0.011024657534,0.11024657534
"5986",0.922644869195762,0.011024657534,0.11024657534
"5987",0.922680112291168,0.011024657534,0.11024657534
"5988",0.922108725551436,0.011024657534,0.11024657534
"5989",0.921422428926963,0.011024657534,0.11024657534
"5990",0.921204479792737,0.011024657534,0.11024657534
"5991",0.921875923160915,0.011024657534,0.11024657534
"5992",0.921247553872445,0.011024657534,0.11024657534
"5993",0.922685857673503,0.011024657534,0.11024657534
"5994",0.922007479379388,0.011024657534,0.11024657534
"5995",0.922040506328607,0.011024657534,0.11024657534
"5996",0.920986071942693,0.011024657534,0.11024657534
"5997",0.922047198469838,0.011024657534,0.11024657534
"5998",0.921998999018457,0.011024657534,0.11024657534
"5999",0.921750417326033,0.011024657534,0.11024657534
"6000",0.921470367089285,0.011024657534,0.11024657534
"6001",0.922592897815788,0.011024657534,0.11024657534
"6002",0.925706378174304,0.012021917808,0.12021917808
"6003",0.927452584192655,0.012021917808,0.12021917808
"6004",0.926441593237684,0.012021917808,0.12021917808
"6005",0.926652492405387,0.012021917808,0.12021917808
"6006",0.927087139168179,0.012021917808,0.12021917808
"6007",0.926913699334003,0.012021917808,0.12021917808
"6008",0.926827616413152,0.012021917808,0.12021917808
"6009",0.92616940743147,0.012021917808,0.12021917808
"6010",0.926807949187981,0.012021917808,0.12021917808
"6011",0.925605938726836,0.012021917808,0.12021917808
"6012",0.926851397863101,0.012021917808,0.12021917808
"6013",0.926478508443361,0.012021917808,0.12021917808
"6014",0.926864594981326,0.012021917808,0.12021917808
"6015",0.926627135875702,0.012021917808,0.12021917808
"6016",0.927173203324269,0.012021917808,0.12021917808
"6017",0.926915492065191,0.012021917808,0.12021917808
"6018",0.926425649026227,0.012021917808,0.12021917808
"6019",0.926831325981216,0.012021917808,0.12021917808
"6020",0.92648827812993,0.012021917808,0.12021917808
"6021",0.927098603475155,0.012021917808,0.12021917808
"6022",0.926826872492075,0.012021917808,0.12021917808
"6023",0.927040717433606,0.012021917808,0.12021917808
"6024",0.926814622964237,0.012021917808,0.12021917808
"6025",0.926363175168216,0.012021917808,0.12021917808
"6026",0.926916062622938,0.012021917808,0.12021917808
"6027",0.92679031222113,0.012021917808,0.12021917808
"6028",0.92703063483911,0.012021917808,0.12021917808
"6029",0.92712311354252,0.012021917808,0.12021917808
"6030",0.926638295194422,0.012021917808,0.12021917808
"6031",0.926651417480211,0.012021917808,0.12021917808
"6032",0.927313355146625,0.012021917808,0.12021917808
"6033",0.926116946602006,0.012021917808,0.12021917808
"6034",0.926929659986288,0.012021917808,0.12021917808
"6035",0.92636948983077,0.012021917808,0.12021917808
"6036",0.927429427258899,0.012021917808,0.12021917808
"6037",0.926572427818875,0.012021917808,0.12021917808
"6038",0.92643686044437,0.012021917808,0.12021917808
"6039",0.926102198441092,0.012021917808,0.12021917808
"6040",0.925716176479295,0.012021917808,0.12021917808
"6041",0.926678020337604,0.012021917808,0.12021917808
"6042",0.926091920164416,0.012021917808,0.12021917808
"6043",0.92700067582171,0.012021917808,0.12021917808
"6044",0.926157514174195,0.012021917808,0.12021917808
"6045",0.926652885047517,0.012021917808,0.12021917808
"6046",0.927166520859165,0.012021917808,0.12021917808
"6047",0.927140825146033,0.012021917808,0.12021917808
"6048",0.926746298232432,0.012021917808,0.12021917808
"6049",0.927283559972454,0.012021917808,0.12021917808
"6050",0.926478734129523,0.012021917808,0.12021917808
"6051",0.926813202349339,0.012021917808,0.12021917808
"6052",0.926418923274175,0.012021917808,0.12021917808
"6053",0.92694171082626,0.012021917808,0.12021917808
"6054",0.92664612189752,0.012021917808,0.12021917808
"6055",0.926673685192269,0.012021917808,0.12021917808
"6056",0.926416548089809,0.012021917808,0.12021917808
"6057",0.92642588382284,0.012021917808,0.12021917808
"6058",0.927170492018457,0.012021917808,0.12021917808
"6059",0.926317085438472,0.012021917808,0.12021917808
"6060",0.926692900623469,0.012021917808,0.12021917808
"6061",0.926514876913736,0.012021917808,0.12021917808
"6062",0.926305938997369,0.012021917808,0.12021917808
"6063",0.92657804986735,0.012021917808,0.12021917808
"6064",0.926560896255092,0.012021917808,0.12021917808
"6065",0.926324428833102,0.012021917808,0.12021917808
"6066",0.926744609068949,0.012021917808,0.12021917808
"6067",0.92615079092375,0.012021917808,0.12021917808
"6068",0.926425821588574,0.012021917808,0.12021917808
"6069",0.926868708971115,0.012021917808,0.12021917808
"6070",0.927284613014935,0.012021917808,0.12021917808
"6071",0.926622019523598,0.012021917808,0.12021917808
"6072",0.926720357273274,0.012021917808,0.12021917808
"6073",0.926163361949989,0.012021917808,0.12021917808
"6074",0.927542005152514,0.012021917808,0.12021917808
"6075",0.926510699433805,0.012021917808,0.12021917808
"6076",0.927116737940158,0.012021917808,0.12021917808
"6077",0.926553751678121,0.012021917808,0.12021917808
"6078",0.926505533611251,0.012021917808,0.12021917808
"6079",0.926680130197762,0.012021917808,0.12021917808
"6080",0.92679985490411,0.012021917808,0.12021917808
"6081",0.926794777095554,0.012021917808,0.12021917808
"6082",0.926503400461092,0.012021917808,0.12021917808
"6083",0.926621897004639,0.012021917808,0.12021917808
"6084",0.926528273864737,0.012021917808,0.12021917808
"6085",0.926417736323392,0.012021917808,0.12021917808
"6086",0.926787464315246,0.012021917808,0.12021917808
"6087",0.926461305166895,0.012021917808,0.12021917808
"6088",0.927754758224377,0.012021917808,0.12021917808
"6089",0.9267838095379,0.012021917808,0.12021917808
"6090",0.926878931874134,0.012021917808,0.12021917808
"6091",0.926952315109052,0.012021917808,0.12021917808
"6092",0.926680393579334,0.012021917808,0.12021917808
"6093",0.926579273764104,0.012021917808,0.12021917808
"6094",0.926592930707077,0.012021917808,0.12021917808
"6095",0.926822642798042,0.012021917808,0.12021917808
"6096",0.926465032021823,0.012021917808,0.12021917808
"6097",0.926348986396464,0.012021917808,0.12021917808
"6098",0.927093177240098,0.012021917808,0.12021917808
"6099",0.926451545666623,0.012021917808,0.12021917808
"6100",0.926898915009423,0.012021917808,0.12021917808
"6101",0.927066210719371,0.012021917808,0.12021917808
"6102",0.926522918274501,0.012021917808,0.12021917808
"6103",0.926538000538442,0.012021917808,0.12021917808
"6104",0.926979267269914,0.012021917808,0.12021917808
"6105",0.926462600755439,0.012021917808,0.12021917808
"6106",0.925684530640292,0.012021917808,0.12021917808
"6107",0.926969913386868,0.012021917808,0.12021917808
"6108",0.926167869077148,0.012021917808,0.12021917808
"6109",0.92696774034469,0.012021917808,0.12021917808
"6110",0.926757902454748,0.012021917808,0.12021917808
"6111",0.926177587362474,0.012021917808,0.12021917808
"6112",0.927556078382799,0.012021917808,0.12021917808
"6113",0.92632480368515,0.012021917808,0.12021917808
"6114",0.926431859243157,0.012021917808,0.12021917808
"6115",0.926304707206894,0.012021917808,0.12021917808
"6116",0.92643505767254,0.012021917808,0.12021917808
"6117",0.927387605946748,0.012021917808,0.12021917808
"6118",0.926559102260737,0.012021917808,0.12021917808
"6119",0.926643012511034,0.012021917808,0.12021917808
"6120",0.927243060996158,0.012021917808,0.12021917808
"6121",0.926270637470485,0.012021917808,0.12021917808
"6122",0.926234910995086,0.012021917808,0.12021917808
"6123",0.925916514344369,0.012021917808,0.12021917808
"6124",0.926324376526683,0.012021917808,0.12021917808
"6125",0.926243245250454,0.012021917808,0.12021917808
"6126",0.926948970102449,0.012021917808,0.12021917808
"6127",0.926019011731685,0.012021917808,0.12021917808
"6128",0.926992179640185,0.012021917808,0.12021917808
"6129",0.926396330445296,0.012021917808,0.12021917808
"6130",0.926603455831667,0.012021917808,0.12021917808
"6131",0.927264500376559,0.012021917808,0.12021917808
"6132",0.926693342742817,0.012021917808,0.12021917808
"6133",0.92658766849642,0.012021917808,0.12021917808
"6134",0.926942918418762,0.012021917808,0.12021917808
"6135",0.92680657264569,0.012021917808,0.12021917808
"6136",0.926799153443443,0.012021917808,0.12021917808
"6137",0.926710016866075,0.012021917808,0.12021917808
"6138",0.926623024834011,0.012021917808,0.12021917808
"6139",0.927057438089746,0.012021917808,0.12021917808
"6140",0.927123410516072,0.012021917808,0.12021917808
"6141",0.926644596418874,0.012021917808,0.12021917808
"6142",0.926501360675024,0.012021917808,0.12021917808
"6143",0.926916118051324,0.012021917808,0.12021917808
"6144",0.926543322992958,0.012021917808,0.12021917808
"6145",0.926612897121362,0.012021917808,0.12021917808
"6146",0.926498069922664,0.012021917808,0.12021917808
"6147",0.926409805404022,0.012021917808,0.12021917808
"6148",0.925704562804898,0.012021917808,0.12021917808
"6149",0.9263551626519,0.012021917808,0.12021917808
"6150",0.927195902693465,0.012021917808,0.12021917808
"6151",0.926273807488467,0.012021917808,0.12021917808
"6152",0.926676974751382,0.012021917808,0.12021917808
"6153",0.926928412070973,0.012021917808,0.12021917808
"6154",0.927116150148565,0.012021917808,0.12021917808
"6155",0.927015166237092,0.012021917808,0.12021917808
"6156",0.927416258555609,0.012021917808,0.12021917808
"6157",0.927434082588963,0.012021917808,0.12021917808
"6158",0.926772987923071,0.012021917808,0.12021917808
"6159",0.927041702207019,0.012021917808,0.12021917808
"6160",0.926738128674587,0.012021917808,0.12021917808
"6161",0.926693395403788,0.012021917808,0.12021917808
"6162",0.92655703045796,0.012021917808,0.12021917808
"6163",0.926446100899898,0.012021917808,0.12021917808
"6164",0.926592565615584,0.012021917808,0.12021917808
"6165",0.926236090370914,0.012021917808,0.12021917808
"6166",0.925961432152324,0.012021917808,0.12021917808
"6167",0.926558791596627,0.012021917808,0.12021917808
"6168",0.926782580355367,0.012021917808,0.12021917808
"6169",0.926257300909868,0.012021917808,0.12021917808
"6170",0.926287664127271,0.012021917808,0.12021917808
"6171",0.926702570677797,0.012021917808,0.12021917808
"6172",0.926595156849883,0.012021917808,0.12021917808
"6173",0.92689189839213,0.012021917808,0.12021917808
"6174",0.926434726398127,0.012021917808,0.12021917808
"6175",0.927198348260607,0.012021917808,0.12021917808
"6176",0.926998410168403,0.012021917808,0.12021917808
"6177",0.926328947395087,0.012021917808,0.12021917808
"6178",0.926526328956396,0.012021917808,0.12021917808
"6179",0.926441465495091,0.012021917808,0.12021917808
"6180",0.927169034331515,0.012021917808,0.12021917808
"6181",0.927413169637472,0.012021917808,0.12021917808
"6182",0.92686847871971,0.012021917808,0.12021917808
"6183",0.927107756557089,0.012021917808,0.12021917808
"6184",0.92579459467964,0.012021917808,0.12021917808
"6185",0.925992910840632,0.012021917808,0.12021917808
"6186",0.926313921465226,0.012021917808,0.12021917808
"6187",0.927345600029238,0.012021917808,0.12021917808
"6188",0.927129777516305,0.012021917808,0.12021917808
"6189",0.926045866664682,0.012021917808,0.12021917808
"6190",0.926858829341469,0.012021917808,0.12021917808
"6191",0.926272080158505,0.012021917808,0.12021917808
"6192",0.926824850758603,0.012021917808,0.12021917808
"6193",0.926234835347379,0.012021917808,0.12021917808
"6194",0.926891276686215,0.012021917808,0.12021917808
"6195",0.92780347489336,0.012021917808,0.12021917808
"6196",0.926256287551321,0.012021917808,0.12021917808
"6197",0.926713709612841,0.012021917808,0.12021917808
"6198",0.927272805438604,0.012021917808,0.12021917808
"6199",0.926853203777287,0.012021917808,0.12021917808
"6200",0.927037052591956,0.012021917808,0.12021917808
"6201",0.92729216267188,0.012021917808,0.12021917808
"6202",0.926903519551798,0.012021917808,0.12021917808
"6203",0.926269961821743,0.012021917808,0.12021917808
"6204",0.927220568692255,0.012021917808,0.12021917808
"6205",0.926396168091228,0.012021917808,0.12021917808
"6206",0.926196406058265,0.012021917808,0.12021917808
"6207",0.926514850488801,0.012021917808,0.12021917808
"6208",0.926609845558011,0.012021917808,0.12021917808
"6209",0.926980142315523,0.012021917808,0.12021917808
"6210",0.926009310538055,0.012021917808,0.12021917808
"6211",0.926646024390559,0.012021917808,0.12021917808
"6212",0.926614342581663,0.012021917808,0.12021917808
"6213",0.926718598307861,0.012021917808,0.12021917808
"6214",0.926212801511163,0.012021917808,0.12021917808
"6215",0.927059893608369,0.012021917808,0.12021917808
"6216",0.926303658134537,0.012021917808,0.12021917808
"6217",0.927731682870442,0.012021917808,0.12021917808
"6218",0.926675864619926,0.012021917808,0.12021917808
"6219",0.926459593947378,0.012021917808,0.12021917808
"6220",0.926665385862812,0.012021917808,0.12021917808
"6221",0.926240549720192,0.012021917808,0.12021917808
"6222",0.927138528951684,0.012021917808,0.12021917808
"6223",0.926582840812107,0.012021917808,0.12021917808
"6224",0.926128719797734,0.012021917808,0.12021917808
"6225",0.926765629333288,0.012021917808,0.12021917808
"6226",0.927171600997724,0.012021917808,0.12021917808
"6227",0.927118662920357,0.012021917808,0.12021917808
"6228",0.926433441257629,0.012021917808,0.12021917808
"6229",0.926805160982655,0.012021917808,0.12021917808
"6230",0.9273687951785,0.012021917808,0.12021917808
"6231",0.926518415063872,0.012021917808,0.12021917808
"6232",0.926637913530603,0.012021917808,0.12021917808
"6233",0.926502670211708,0.012021917808,0.12021917808
"6234",0.926841733251824,0.012021917808,0.12021917808
"6235",0.927145362327632,0.012021917808,0.12021917808
"6236",0.926417657644758,0.012021917808,0.12021917808
"6237",0.926304707670558,0.012021917808,0.12021917808
"6238",0.927450594087935,0.012021917808,0.12021917808
"6239",0.925774184048663,0.012021917808,0.12021917808
"6240",0.92630386214037,0.012021917808,0.12021917808
"6241",0.926485246457376,0.012021917808,0.12021917808
"6242",0.926843612536783,0.012021917808,0.12021917808
"6243",0.926417113802026,0.012021917808,0.12021917808
"6244",0.926189088844679,0.012021917808,0.12021917808
"6245",0.926698735668569,0.012021917808,0.12021917808
"6246",0.926705521386934,0.012021917808,0.12021917808
"6247",0.926855873004067,0.012021917808,0.12021917808
"6248",0.926768226397699,0.012021917808,0.12021917808
"6249",0.927007732094427,0.012021917808,0.12021917808
"6250",0.926730075165121,0.012021917808,0.12021917808
"6251",0.926133008223451,0.012021917808,0.12021917808
"6252",0.926522936815153,0.012021917808,0.12021917808
"6253",0.926565053017472,0.012021917808,0.12021917808
"6254",0.926386854261736,0.012021917808,0.12021917808
"6255",0.926118050812945,0.012021917808,0.12021917808
"6256",0.92710361282146,0.012021917808,0.12021917808
"6257",0.926403764995026,0.012021917808,0.12021917808
"6258",0.926819897829782,0.012021917808,0.12021917808
"6259",0.926004181242963,0.012021917808,0.12021917808
"6260",0.925433412012007,0.012021917808,0.12021917808
"6261",0.926373294384801,0.012021917808,0.12021917808
"6262",0.926406844304403,0.012021917808,0.12021917808
"6263",0.926865298228771,0.012021917808,0.12021917808
"6264",0.926662651030199,0.012021917808,0.12021917808
"6265",0.926084319749335,0.012021917808,0.12021917808
"6266",0.926919412525607,0.012021917808,0.12021917808
"6267",0.926364723723523,0.012021917808,0.12021917808
"6268",0.926580244057649,0.012021917808,0.12021917808
"6269",0.926047536388621,0.012021917808,0.12021917808
"6270",0.926734176501019,0.012021917808,0.12021917808
"6271",0.926547636609675,0.012021917808,0.12021917808
"6272",0.926754733921744,0.012021917808,0.12021917808
"6273",0.926842600034276,0.012021917808,0.12021917808
"6274",0.926572308319832,0.012021917808,0.12021917808
"6275",0.926066965007391,0.012021917808,0.12021917808
"6276",0.927074541948475,0.012021917808,0.12021917808
"6277",0.926507227846008,0.012021917808,0.12021917808
"6278",0.926346400986345,0.012021917808,0.12021917808
"6279",0.927191335471974,0.012021917808,0.12021917808
"6280",0.927125278340462,0.012021917808,0.12021917808
"6281",0.926712353829588,0.012021917808,0.12021917808
"6282",0.926271420779549,0.012021917808,0.12021917808
"6283",0.926464190088636,0.012021917808,0.12021917808
"6284",0.927305272368645,0.012021917808,0.12021917808
"6285",0.92649873332733,0.012021917808,0.12021917808
"6286",0.926370112319532,0.012021917808,0.12021917808
"6287",0.926090278101688,0.012021917808,0.12021917808
"6288",0.926522583704011,0.012021917808,0.12021917808
"6289",0.92678136026072,0.012021917808,0.12021917808
"6290",0.926238279792978,0.012021917808,0.12021917808
"6291",0.927223158698528,0.012021917808,0.12021917808
"6292",0.927538876459024,0.012021917808,0.12021917808
"6293",0.928188238114247,0.012021917808,0.12021917808
"6294",0.926110069161101,0.012021917808,0.12021917808
"6295",0.926893511802293,0.012021917808,0.12021917808
"6296",0.926693048815352,0.012021917808,0.12021917808
"6297",0.926953264605332,0.012021917808,0.12021917808
"6298",0.92720136266954,0.012021917808,0.12021917808
"6299",0.927274514330091,0.012021917808,0.12021917808
"6300",0.926714033297204,0.012021917808,0.12021917808
"6301",0.926515127612072,0.012021917808,0.12021917808
"6302",0.927088099479568,0.012021917808,0.12021917808
"6303",0.926826469490587,0.012021917808,0.12021917808
"6304",0.92658517709112,0.012021917808,0.12021917808
"6305",0.926846170479755,0.012021917808,0.12021917808
"6306",0.926667493749711,0.012021917808,0.12021917808
"6307",0.927097971722644,0.012021917808,0.12021917808
"6308",0.926241001414458,0.012021917808,0.12021917808
"6309",0.926569746326763,0.012021917808,0.12021917808
"6310",0.92710363548091,0.012021917808,0.12021917808
"6311",0.927320814153904,0.012021917808,0.12021917808
"6312",0.92647626972311,0.012021917808,0.12021917808
"6313",0.926293129410443,0.012021917808,0.12021917808
"6314",0.927126089766109,0.012021917808,0.12021917808
"6315",0.925401916777592,0.012021917808,0.12021917808
"6316",0.92717973953931,0.012021917808,0.12021917808
"6317",0.926852974993303,0.012021917808,0.12021917808
"6318",0.926889479463889,0.012021917808,0.12021917808
"6319",0.926054722985171,0.012021917808,0.12021917808
"6320",0.926150438421366,0.012021917808,0.12021917808
"6321",0.927147496327771,0.012021917808,0.12021917808
"6322",0.926069060935119,0.012021917808,0.12021917808
"6323",0.926696879864872,0.012021917808,0.12021917808
"6324",0.926337687230289,0.012021917808,0.12021917808
"6325",0.9263873629236,0.012021917808,0.12021917808
"6326",0.926934316019224,0.012021917808,0.12021917808
"6327",0.92701189026886,0.012021917808,0.12021917808
"6328",0.927219303328728,0.012021917808,0.12021917808
"6329",0.926551561239628,0.012021917808,0.12021917808
"6330",0.926546743850984,0.012021917808,0.12021917808
"6331",0.926877794776635,0.012021917808,0.12021917808
"6332",0.9259363828266,0.012021917808,0.12021917808
"6333",0.926644633329391,0.012021917808,0.12021917808
"6334",0.926656258656662,0.012021917808,0.12021917808
"6335",0.927032226848683,0.012021917808,0.12021917808
"6336",0.926224299847286,0.012021917808,0.12021917808
"6337",0.927174578141834,0.012021917808,0.12021917808
"6338",0.926966498658677,0.012021917808,0.12021917808
"6339",0.927264086306981,0.012021917808,0.12021917808
"6340",0.927450628628213,0.012021917808,0.12021917808
"6341",0.926534586734021,0.012021917808,0.12021917808
"6342",0.927120708403245,0.012021917808,0.12021917808
"6343",0.925845267425054,0.012021917808,0.12021917808
"6344",0.926582751613971,0.012021917808,0.12021917808
"6345",0.926318106609293,0.012021917808,0.12021917808
"6346",0.9268840098925,0.012021917808,0.12021917808
"6347",0.926081783831783,0.012021917808,0.12021917808
"6348",0.927021182952786,0.012021917808,0.12021917808
"6349",0.927179204639726,0.012021917808,0.12021917808
"6350",0.926473190573591,0.012021917808,0.12021917808
"6351",0.925412647069617,0.012021917808,0.12021917808
"6352",0.926864109561973,0.012021917808,0.12021917808
"6353",0.926962604913045,0.012021917808,0.12021917808
"6354",0.926511193094064,0.012021917808,0.12021917808
"6355",0.926790909726291,0.012021917808,0.12021917808
"6356",0.926564332599887,0.012021917808,0.12021917808
"6357",0.92677034272711,0.012021917808,0.12021917808
"6358",0.926605670249253,0.012021917808,0.12021917808
"6359",0.926411506330523,0.012021917808,0.12021917808
"6360",0.926873388132685,0.012021917808,0.12021917808
"6361",0.926866910675416,0.012021917808,0.12021917808
"6362",0.926853295833148,0.012021917808,0.12021917808
"6363",0.92586021445733,0.012021917808,0.12021917808
"6364",0.926805061162036,0.012021917808,0.12021917808
"6365",0.926624136810713,0.012021917808,0.12021917808
"6366",0.926220338601194,0.012021917808,0.12021917808
"6367",0.926441522363598,0.012021917808,0.12021917808
"6368",0.926075593537967,0.012021917808,0.12021917808
"6369",0.926482703082462,0.012021917808,0.12021917808
"6370",0.925787359251799,0.012021917808,0.12021917808
"6371",0.926362790880438,0.012021917808,0.12021917808
"6372",0.92680412432962,0.012021917808,0.12021917808
"6373",0.926177972565695,0.012021917808,0.12021917808
"6374",0.927557472097183,0.012021917808,0.12021917808
"6375",0.925766346474498,0.012021917808,0.12021917808
"6376",0.926697987442861,0.012021917808,0.12021917808
"6377",0.926667549329929,0.012021917808,0.12021917808
"6378",0.926086410852693,0.012021917808,0.12021917808
"6379",0.926319878488823,0.012021917808,0.12021917808
"6380",0.926642440809117,0.012021917808,0.12021917808
"6381",0.926070613961619,0.012021917808,0.12021917808
"6382",0.92635245145734,0.012021917808,0.12021917808
"6383",0.926496435832707,0.012021917808,0.12021917808
"6384",0.926688872516959,0.012021917808,0.12021917808
"6385",0.926906815876555,0.012021917808,0.12021917808
"6386",0.926854715252804,0.012021917808,0.12021917808
"6387",0.926718402285209,0.012021917808,0.12021917808
"6388",0.927063884940263,0.012021917808,0.12021917808
"6389",0.926784492907193,0.012021917808,0.12021917808
"6390",0.926786259840556,0.012021917808,0.12021917808
"6391",0.927710169794077,0.012021917808,0.12021917808
"6392",0.926700324214727,0.012021917808,0.12021917808
"6393",0.926606769118138,0.012021917808,0.12021917808
"6394",0.926331392131741,0.012021917808,0.12021917808
"6395",0.927368527901772,0.012021917808,0.12021917808
"6396",0.92709327498873,0.012021917808,0.12021917808
"6397",0.926331607972697,0.012021917808,0.12021917808
"6398",0.926644318730712,0.012021917808,0.12021917808
"6399",0.926884840739041,0.012021917808,0.12021917808
"6400",0.926732531010142,0.012021917808,0.12021917808
"6401",0.926280190542519,0.012021917808,0.12021917808
"6402",0.927477916341022,0.012021917808,0.12021917808
"6403",0.926721504907363,0.012021917808,0.12021917808
"6404",0.926708392722358,0.012021917808,0.12021917808
"6405",0.92598365051691,0.012021917808,0.12021917808
"6406",0.926147513945723,0.012021917808,0.12021917808
"6407",0.926596890656538,0.012021917808,0.12021917808
"6408",0.926432502599058,0.012021917808,0.12021917808
"6409",0.92710228560896,0.012021917808,0.12021917808
"6410",0.926880284935315,0.012021917808,0.12021917808
"6411",0.927185296268869,0.012021917808,0.12021917808
"6412",0.926207911794193,0.012021917808,0.12021917808
"6413",0.926165717782631,0.012021917808,0.12021917808
"6414",0.9275930908609,0.012021917808,0.12021917808
"6415",0.926899699026369,0.012021917808,0.12021917808
"6416",0.926459953282783,0.012021917808,0.12021917808
"6417",0.926431203761398,0.012021917808,0.12021917808
"6418",0.926011464097146,0.012021917808,0.12021917808
"6419",0.926597711076656,0.012021917808,0.12021917808
"6420",0.927395974632551,0.012021917808,0.12021917808
"6421",0.926119739161237,0.012021917808,0.12021917808
"6422",0.926605905793545,0.012021917808,0.12021917808
"6423",0.926806030934747,0.012021917808,0.12021917808
"6424",0.92665158263094,0.012021917808,0.12021917808
"6425",0.927034810016977,0.012021917808,0.12021917808
"6426",0.926412774063073,0.012021917808,0.12021917808
"6427",0.926024319446899,0.012021917808,0.12021917808
"6428",0.926420971702114,0.012021917808,0.12021917808
"6429",0.92671330935115,0.012021917808,0.12021917808
"6430",0.927127703827725,0.012021917808,0.12021917808
"6431",0.927230999245344,0.012021917808,0.12021917808
"6432",0.926584484540485,0.012021917808,0.12021917808
"6433",0.926231860851951,0.012021917808,0.12021917808
"6434",0.927261357043724,0.012021917808,0.12021917808
"6435",0.926909253736037,0.012021917808,0.12021917808
"6436",0.926921320138435,0.012021917808,0.12021917808
"6437",0.926732023997607,0.012021917808,0.12021917808
"6438",0.926440997818836,0.012021917808,0.12021917808
"6439",0.926589846078913,0.012021917808,0.12021917808
"6440",0.926438653305848,0.012021917808,0.12021917808
"6441",0.926785440906717,0.012021917808,0.12021917808
"6442",0.926884726779714,0.012021917808,0.12021917808
"6443",0.927361869714888,0.012021917808,0.12021917808
"6444",0.926727712385443,0.012021917808,0.12021917808
"6445",0.926720920580061,0.012021917808,0.12021917808
"6446",0.927136570577896,0.012021917808,0.12021917808
"6447",0.927200820351695,0.012021917808,0.12021917808
"6448",0.926819673623782,0.012021917808,0.12021917808
"6449",0.92662421893824,0.012021917808,0.12021917808
"6450",0.925776089057866,0.012021917808,0.12021917808
"6451",0.926696817746148,0.012021917808,0.12021917808
"6452",0.926946923532519,0.012021917808,0.12021917808
"6453",0.926769139788885,0.012021917808,0.12021917808
"6454",0.92643691880563,0.012021917808,0.12021917808
"6455",0.926954468646061,0.012021917808,0.12021917808
"6456",0.926566302105924,0.012021917808,0.12021917808
"6457",0.926808317584547,0.012021917808,0.12021917808
"6458",0.926366680154501,0.012021917808,0.12021917808
"6459",0.926738903705843,0.012021917808,0.12021917808
"6460",0.926993019504257,0.012021917808,0.12021917808
"6461",0.925664496214686,0.012021917808,0.12021917808
"6462",0.926656572010054,0.012021917808,0.12021917808
"6463",0.927035260025262,0.012021917808,0.12021917808
"6464",0.926171948012376,0.012021917808,0.12021917808
"6465",0.926679152053173,0.012021917808,0.12021917808
"6466",0.92666291938403,0.012021917808,0.12021917808
"6467",0.926343291308256,0.012021917808,0.12021917808
"6468",0.926893785865867,0.012021917808,0.12021917808
"6469",0.927649954537146,0.012021917808,0.12021917808
"6470",0.926544933795522,0.012021917808,0.12021917808
"6471",0.925933370108737,0.012021917808,0.12021917808
"6472",0.926488248741733,0.012021917808,0.12021917808
"6473",0.926966069484424,0.012021917808,0.12021917808
"6474",0.926359870273435,0.012021917808,0.12021917808
"6475",0.926961168313574,0.012021917808,0.12021917808
"6476",0.926121053689754,0.012021917808,0.12021917808
"6477",0.927126438669071,0.012021917808,0.12021917808
"6478",0.926119905283287,0.012021917808,0.12021917808
"6479",0.926436108716846,0.012021917808,0.12021917808
"6480",0.92727941455884,0.012021917808,0.12021917808
"6481",0.926400376401612,0.012021917808,0.12021917808
"6482",0.926297334240511,0.012021917808,0.12021917808
"6483",0.926195254438691,0.012021917808,0.12021917808
"6484",0.926646930936064,0.012021917808,0.12021917808
"6485",0.926664886260544,0.012021917808,0.12021917808
"6486",0.926811811314538,0.012021917808,0.12021917808
"6487",0.926708178205402,0.012021917808,0.12021917808
"6488",0.926782170424378,0.012021917808,0.12021917808
"6489",0.926845910162918,0.012021917808,0.12021917808
"6490",0.926511973667314,0.012021917808,0.12021917808
"6491",0.926492765256415,0.012021917808,0.12021917808
"6492",0.926823116477297,0.012021917808,0.12021917808
"6493",0.926913473399925,0.012021917808,0.12021917808
"6494",0.926620751687594,0.012021917808,0.12021917808
"6495",0.926932548205005,0.012021917808,0.12021917808
"6496",0.926856458399098,0.012021917808,0.12021917808
"6497",0.927347649402184,0.012021917808,0.12021917808
"6498",0.926286224756928,0.012021917808,0.12021917808
"6499",0.927290230109362,0.012021917808,0.12021917808
"6500",0.925468387502281,0.012021917808,0.12021917808
"6501",0.927418879358735,0.012021917808,0.12021917808
"6502",0.932264521977938,0.013019178082,0.13019178082
"6503",0.932390909664201,0.013019178082,0.13019178082
"6504",0.932282162249668,0.013019178082,0.13019178082
"6505",0.932308599133815,0.013019178082,0.13019178082
"6506",0.93235338299582,0.013019178082,0.13019178082
"6507",0.93199855660322,0.013019178082,0.13019178082
"6508",0.932373652690572,0.013019178082,0.13019178082
"6509",0.932445991378934,0.013019178082,0.13019178082
"6510",0.932211047939955,0.013019178082,0.13019178082
"6511",0.932157898686107,0.013019178082,0.13019178082
"6512",0.932552518438084,0.013019178082,0.13019178082
"6513",0.932519029403035,0.013019178082,0.13019178082
"6514",0.932397697677631,0.013019178082,0.13019178082
"6515",0.932621562977032,0.013019178082,0.13019178082
"6516",0.93189858676846,0.013019178082,0.13019178082
"6517",0.932421114543524,0.013019178082,0.13019178082
"6518",0.932353209489254,0.013019178082,0.13019178082
"6519",0.932054031370303,0.013019178082,0.13019178082
"6520",0.93254247136713,0.013019178082,0.13019178082
"6521",0.932032783107582,0.013019178082,0.13019178082
"6522",0.932430656023037,0.013019178082,0.13019178082
"6523",0.932484884455157,0.013019178082,0.13019178082
"6524",0.932015757027413,0.013019178082,0.13019178082
"6525",0.932470324567977,0.013019178082,0.13019178082
"6526",0.93237856685231,0.013019178082,0.13019178082
"6527",0.931569688525219,0.013019178082,0.13019178082
"6528",0.932020577377402,0.013019178082,0.13019178082
"6529",0.932506872758884,0.013019178082,0.13019178082
"6530",0.93250464819009,0.013019178082,0.13019178082
"6531",0.932718215344945,0.013019178082,0.13019178082
"6532",0.932176229864536,0.013019178082,0.13019178082
"6533",0.932503184968407,0.013019178082,0.13019178082
"6534",0.932166650824915,0.013019178082,0.13019178082
"6535",0.932197739992893,0.013019178082,0.13019178082
"6536",0.933198877865516,0.013019178082,0.13019178082
"6537",0.932117187546894,0.013019178082,0.13019178082
"6538",0.932837624252826,0.013019178082,0.13019178082
"6539",0.932703688004972,0.013019178082,0.13019178082
"6540",0.931660790161963,0.013019178082,0.13019178082
"6541",0.932529869385321,0.013019178082,0.13019178082
"6542",0.93222890692547,0.013019178082,0.13019178082
"6543",0.932419294659104,0.013019178082,0.13019178082
"6544",0.932505555034457,0.013019178082,0.13019178082
"6545",0.932427448341358,0.013019178082,0.13019178082
"6546",0.932447700077687,0.013019178082,0.13019178082
"6547",0.932390412958468,0.013019178082,0.13019178082
"6548",0.932008775523095,0.013019178082,0.13019178082
"6549",0.932448809160211,0.013019178082,0.13019178082
"6550",0.932862096046879,0.013019178082,0.13019178082
"6551",0.9327287936954,0.013019178082,0.13019178082
"6552",0.932256648777056,0.013019178082,0.13019178082
"6553",0.932534086258292,0.013019178082,0.13019178082
"6554",0.932367294767584,0.013019178082,0.13019178082
"6555",0.932235640362574,0.013019178082,0.13019178082
"6556",0.932624278668176,0.013019178082,0.13019178082
"6557",0.932376598835356,0.013019178082,0.13019178082
"6558",0.931734060517489,0.013019178082,0.13019178082
"6559",0.931869447244741,0.013019178082,0.13019178082
"6560",0.93243687873649,0.013019178082,0.13019178082
"6561",0.931714443149175,0.013019178082,0.13019178082
"6562",0.932206304644119,0.013019178082,0.13019178082
"6563",0.93270107319763,0.013019178082,0.13019178082
"6564",0.932510400802076,0.013019178082,0.13019178082
"6565",0.931351668822777,0.013019178082,0.13019178082
"6566",0.932619190892552,0.013019178082,0.13019178082
"6567",0.932429928525627,0.013019178082,0.13019178082
"6568",0.932782300034832,0.013019178082,0.13019178082
"6569",0.932362366215254,0.013019178082,0.13019178082
"6570",0.932197174257031,0.013019178082,0.13019178082
"6571",0.932191540601549,0.013019178082,0.13019178082
"6572",0.932176793964569,0.013019178082,0.13019178082
"6573",0.932784044867589,0.013019178082,0.13019178082
"6574",0.932543686677513,0.013019178082,0.13019178082
"6575",0.932323692775011,0.013019178082,0.13019178082
"6576",0.932718670929539,0.013019178082,0.13019178082
"6577",0.93288516836604,0.013019178082,0.13019178082
"6578",0.932409297659496,0.013019178082,0.13019178082
"6579",0.932737232787208,0.013019178082,0.13019178082
"6580",0.931836775441859,0.013019178082,0.13019178082
"6581",0.932659506944513,0.013019178082,0.13019178082
"6582",0.932571762219584,0.013019178082,0.13019178082
"6583",0.932359174999255,0.013019178082,0.13019178082
"6584",0.932019378121446,0.013019178082,0.13019178082
"6585",0.932557238120662,0.013019178082,0.13019178082
"6586",0.933050210051492,0.013019178082,0.13019178082
"6587",0.932521422552438,0.013019178082,0.13019178082
"6588",0.932221868857859,0.013019178082,0.13019178082
"6589",0.93213256743856,0.013019178082,0.13019178082
"6590",0.932124899546702,0.013019178082,0.13019178082
"6591",0.932266813531541,0.013019178082,0.13019178082
"6592",0.932727040786556,0.013019178082,0.13019178082
"6593",0.932568250506306,0.013019178082,0.13019178082
"6594",0.931543495162698,0.013019178082,0.13019178082
"6595",0.931960048964564,0.013019178082,0.13019178082
"6596",0.932629703793222,0.013019178082,0.13019178082
"6597",0.931573127876048,0.013019178082,0.13019178082
"6598",0.933001347142353,0.013019178082,0.13019178082
"6599",0.932458606380889,0.013019178082,0.13019178082
"6600",0.932540366940944,0.013019178082,0.13019178082
"6601",0.932455339753417,0.013019178082,0.13019178082
"6602",0.931526122282896,0.013019178082,0.13019178082
"6603",0.932485146637113,0.013019178082,0.13019178082
"6604",0.932394420489551,0.013019178082,0.13019178082
"6605",0.932192685938555,0.013019178082,0.13019178082
"6606",0.933054669554189,0.013019178082,0.13019178082
"6607",0.931956934836249,0.013019178082,0.13019178082
"6608",0.932291309114351,0.013019178082,0.13019178082
"6609",0.931911906623275,0.013019178082,0.13019178082
"6610",0.933635796554745,0.013019178082,0.13019178082
"6611",0.931960913827863,0.013019178082,0.13019178082
"6612",0.932950278648329,0.013019178082,0.13019178082
"6613",0.932635255371551,0.013019178082,0.13019178082
"6614",0.9327367458213,0.013019178082,0.13019178082
"6615",0.931677181507323,0.013019178082,0.13019178082
"6616",0.931315951190038,0.013019178082,0.13019178082
"6617",0.932024316317137,0.013019178082,0.13019178082
"6618",0.93307166353215,0.013019178082,0.13019178082
"6619",0.932136691075892,0.013019178082,0.13019178082
"6620",0.932323746593324,0.013019178082,0.13019178082
"6621",0.932371462927214,0.013019178082,0.13019178082
"6622",0.932099572828869,0.013019178082,0.13019178082
"6623",0.931855103968564,0.013019178082,0.13019178082
"6624",0.932222546499544,0.013019178082,0.13019178082
"6625",0.932480455054768,0.013019178082,0.13019178082
"6626",0.932746692208747,0.013019178082,0.13019178082
"6627",0.932731818039736,0.013019178082,0.13019178082
"6628",0.932729883338787,0.013019178082,0.13019178082
"6629",0.93203074165103,0.013019178082,0.13019178082
"6630",0.93258169979633,0.013019178082,0.13019178082
"6631",0.932701492273477,0.013019178082,0.13019178082
"6632",0.931727903676701,0.013019178082,0.13019178082
"6633",0.931985217382537,0.013019178082,0.13019178082
"6634",0.932603899051599,0.013019178082,0.13019178082
"6635",0.931989960440012,0.013019178082,0.13019178082
"6636",0.932165248271802,0.013019178082,0.13019178082
"6637",0.931994967284089,0.013019178082,0.13019178082
"6638",0.932096957401072,0.013019178082,0.13019178082
"6639",0.93316871217106,0.013019178082,0.13019178082
"6640",0.93255194429314,0.013019178082,0.13019178082
"6641",0.932648255925813,0.013019178082,0.13019178082
"6642",0.932161828674098,0.013019178082,0.13019178082
"6643",0.932843591935648,0.013019178082,0.13019178082
"6644",0.932464672871882,0.013019178082,0.13019178082
"6645",0.932491512745079,0.013019178082,0.13019178082
"6646",0.931342122981168,0.013019178082,0.13019178082
"6647",0.932728075436371,0.013019178082,0.13019178082
"6648",0.93226089440338,0.013019178082,0.13019178082
"6649",0.9324333021317,0.013019178082,0.13019178082
"6650",0.932134130431471,0.013019178082,0.13019178082
"6651",0.931746045279886,0.013019178082,0.13019178082
"6652",0.931994342530454,0.013019178082,0.13019178082
"6653",0.932903060450117,0.013019178082,0.13019178082
"6654",0.932064423995267,0.013019178082,0.13019178082
"6655",0.932615412634739,0.013019178082,0.13019178082
"6656",0.932488762039276,0.013019178082,0.13019178082
"6657",0.931747964903632,0.013019178082,0.13019178082
"6658",0.932411954419066,0.013019178082,0.13019178082
"6659",0.931819758370224,0.013019178082,0.13019178082
"6660",0.93213778308686,0.013019178082,0.13019178082
"6661",0.932086681131992,0.013019178082,0.13019178082
"6662",0.932228640075331,0.013019178082,0.13019178082
"6663",0.931848720759122,0.013019178082,0.13019178082
"6664",0.932429477266563,0.013019178082,0.13019178082
"6665",0.932305809727994,0.013019178082,0.13019178082
"6666",0.932386255470615,0.013019178082,0.13019178082
"6667",0.932540635476573,0.013019178082,0.13019178082
"6668",0.932513866975967,0.013019178082,0.13019178082
"6669",0.932023121862902,0.013019178082,0.13019178082
"6670",0.932137129678257,0.013019178082,0.13019178082
"6671",0.932091693917324,0.013019178082,0.13019178082
"6672",0.932539347125537,0.013019178082,0.13019178082
"6673",0.932021275696659,0.013019178082,0.13019178082
"6674",0.931851949002911,0.013019178082,0.13019178082
"6675",0.932550952140645,0.013019178082,0.13019178082
"6676",0.932663700044216,0.013019178082,0.13019178082
"6677",0.932201073652207,0.013019178082,0.13019178082
"6678",0.93311699579195,0.013019178082,0.13019178082
"6679",0.932698435606613,0.013019178082,0.13019178082
"6680",0.932278525930849,0.013019178082,0.13019178082
"6681",0.932699684821728,0.013019178082,0.13019178082
"6682",0.932629465851549,0.013019178082,0.13019178082
"6683",0.932477389509755,0.013019178082,0.13019178082
"6684",0.93197638770404,0.013019178082,0.13019178082
"6685",0.932663639216267,0.013019178082,0.13019178082
"6686",0.932313619611463,0.013019178082,0.13019178082
"6687",0.932323344107092,0.013019178082,0.13019178082
"6688",0.932846567406632,0.013019178082,0.13019178082
"6689",0.932253282571208,0.013019178082,0.13019178082
"6690",0.932220442326002,0.013019178082,0.13019178082
"6691",0.932026710914234,0.013019178082,0.13019178082
"6692",0.932522528563572,0.013019178082,0.13019178082
"6693",0.932051712465556,0.013019178082,0.13019178082
"6694",0.932137918628995,0.013019178082,0.13019178082
"6695",0.932574751050859,0.013019178082,0.13019178082
"6696",0.932176245241019,0.013019178082,0.13019178082
"6697",0.933122116890109,0.013019178082,0.13019178082
"6698",0.932314370412257,0.013019178082,0.13019178082
"6699",0.931869963148498,0.013019178082,0.13019178082
"6700",0.932548309631827,0.013019178082,0.13019178082
"6701",0.932426864689672,0.013019178082,0.13019178082
"6702",0.932772219923337,0.013019178082,0.13019178082
"6703",0.932536127545477,0.013019178082,0.13019178082
"6704",0.93218683223195,0.013019178082,0.13019178082
"6705",0.932419617353347,0.013019178082,0.13019178082
"6706",0.93265972293548,0.013019178082,0.13019178082
"6707",0.932020212873274,0.013019178082,0.13019178082
"6708",0.932202970423766,0.013019178082,0.13019178082
"6709",0.932905755016551,0.013019178082,0.13019178082
"6710",0.932485518306421,0.013019178082,0.13019178082
"6711",0.932536479223873,0.013019178082,0.13019178082
"6712",0.932851660968453,0.013019178082,0.13019178082
"6713",0.932457685066709,0.013019178082,0.13019178082
"6714",0.93216427704562,0.013019178082,0.13019178082
"6715",0.93115070715746,0.013019178082,0.13019178082
"6716",0.932092596778832,0.013019178082,0.13019178082
"6717",0.93257447454007,0.013019178082,0.13019178082
"6718",0.933163391309701,0.013019178082,0.13019178082
"6719",0.932032837046787,0.013019178082,0.13019178082
"6720",0.932067452922341,0.013019178082,0.13019178082
"6721",0.932819712838206,0.013019178082,0.13019178082
"6722",0.932125821061585,0.013019178082,0.13019178082
"6723",0.932594609094291,0.013019178082,0.13019178082
"6724",0.932423293284461,0.013019178082,0.13019178082
"6725",0.932119795193613,0.013019178082,0.13019178082
"6726",0.9326690829594,0.013019178082,0.13019178082
"6727",0.932863617861666,0.013019178082,0.13019178082
"6728",0.932145869022979,0.013019178082,0.13019178082
"6729",0.932233495306354,0.013019178082,0.13019178082
"6730",0.932541432227393,0.013019178082,0.13019178082
"6731",0.932631397182725,0.013019178082,0.13019178082
"6732",0.932286924598788,0.013019178082,0.13019178082
"6733",0.93211169950637,0.013019178082,0.13019178082
"6734",0.931972048069482,0.013019178082,0.13019178082
"6735",0.932321402852877,0.013019178082,0.13019178082
"6736",0.932908993766662,0.013019178082,0.13019178082
"6737",0.932433460531154,0.013019178082,0.13019178082
"6738",0.931926930659009,0.013019178082,0.13019178082
"6739",0.932473140207317,0.013019178082,0.13019178082
"6740",0.931829872934028,0.013019178082,0.13019178082
"6741",0.932131059561938,0.013019178082,0.13019178082
"6742",0.932298649882222,0.013019178082,0.13019178082
"6743",0.933017420651122,0.013019178082,0.13019178082
"6744",0.932108192662425,0.013019178082,0.13019178082
"6745",0.932567292187545,0.013019178082,0.13019178082
"6746",0.931848383074821,0.013019178082,0.13019178082
"6747",0.931886191641202,0.013019178082,0.13019178082
"6748",0.932487840643611,0.013019178082,0.13019178082
"6749",0.93165460154694,0.013019178082,0.13019178082
"6750",0.932122612205801,0.013019178082,0.13019178082
"6751",0.932041718748774,0.013019178082,0.13019178082
"6752",0.932554519214355,0.013019178082,0.13019178082
"6753",0.932271521188734,0.013019178082,0.13019178082
"6754",0.931702992128282,0.013019178082,0.13019178082
"6755",0.931822949535045,0.013019178082,0.13019178082
"6756",0.932788955441627,0.013019178082,0.13019178082
"6757",0.932973202617983,0.013019178082,0.13019178082
"6758",0.932632791921165,0.013019178082,0.13019178082
"6759",0.93284063951119,0.013019178082,0.13019178082
"6760",0.932967151447988,0.013019178082,0.13019178082
"6761",0.932826725489102,0.013019178082,0.13019178082
"6762",0.932228600240784,0.013019178082,0.13019178082
"6763",0.932565388196642,0.013019178082,0.13019178082
"6764",0.932813930089005,0.013019178082,0.13019178082
"6765",0.932673085129095,0.013019178082,0.13019178082
"6766",0.932133348896111,0.013019178082,0.13019178082
"6767",0.932166839821707,0.013019178082,0.13019178082
"6768",0.933048120996945,0.013019178082,0.13019178082
"6769",0.93293323697117,0.013019178082,0.13019178082
"6770",0.931328919675632,0.013019178082,0.13019178082
"6771",0.932484299165526,0.013019178082,0.13019178082
"6772",0.932277702041605,0.013019178082,0.13019178082
"6773",0.931953058638175,0.013019178082,0.13019178082
"6774",0.932749756927038,0.013019178082,0.13019178082
"6775",0.932274557613572,0.013019178082,0.13019178082
"6776",0.932531791214464,0.013019178082,0.13019178082
"6777",0.932758951196665,0.013019178082,0.13019178082
"6778",0.932818000156288,0.013019178082,0.13019178082
"6779",0.932558738907755,0.013019178082,0.13019178082
"6780",0.932809761667839,0.013019178082,0.13019178082
"6781",0.932250835683869,0.013019178082,0.13019178082
"6782",0.932060327569191,0.013019178082,0.13019178082
"6783",0.931844531688446,0.013019178082,0.13019178082
"6784",0.932569341133046,0.013019178082,0.13019178082
"6785",0.932362955495826,0.013019178082,0.13019178082
"6786",0.932628962323018,0.013019178082,0.13019178082
"6787",0.932306201812741,0.013019178082,0.13019178082
"6788",0.932681998482765,0.013019178082,0.13019178082
"6789",0.932747601374088,0.013019178082,0.13019178082
"6790",0.931847380317559,0.013019178082,0.13019178082
"6791",0.932389855713748,0.013019178082,0.13019178082
"6792",0.932246564376243,0.013019178082,0.13019178082
"6793",0.932018093615543,0.013019178082,0.13019178082
"6794",0.932142594922003,0.013019178082,0.13019178082
"6795",0.932482711075599,0.013019178082,0.13019178082
"6796",0.932940351757152,0.013019178082,0.13019178082
"6797",0.932778143076477,0.013019178082,0.13019178082
"6798",0.931926091497345,0.013019178082,0.13019178082
"6799",0.931880355886365,0.013019178082,0.13019178082
"6800",0.932224405398204,0.013019178082,0.13019178082
"6801",0.932138586099326,0.013019178082,0.13019178082
"6802",0.931688515905612,0.013019178082,0.13019178082
"6803",0.932478405985876,0.013019178082,0.13019178082
"6804",0.93225435265205,0.013019178082,0.13019178082
"6805",0.932926838816721,0.013019178082,0.13019178082
"6806",0.932074490763027,0.013019178082,0.13019178082
"6807",0.932259124238238,0.013019178082,0.13019178082
"6808",0.932803222316971,0.013019178082,0.13019178082
"6809",0.93221362450755,0.013019178082,0.13019178082
"6810",0.933239250341052,0.013019178082,0.13019178082
"6811",0.93193024178104,0.013019178082,0.13019178082
"6812",0.931963540257539,0.013019178082,0.13019178082
"6813",0.931854534743095,0.013019178082,0.13019178082
"6814",0.932262220254927,0.013019178082,0.13019178082
"6815",0.932321996329228,0.013019178082,0.13019178082
"6816",0.931630799185278,0.013019178082,0.13019178082
"6817",0.932176115171602,0.013019178082,0.13019178082
"6818",0.932341936588114,0.013019178082,0.13019178082
"6819",0.932470904312713,0.013019178082,0.13019178082
"6820",0.932389303962145,0.013019178082,0.13019178082
"6821",0.933139593966775,0.013019178082,0.13019178082
"6822",0.932672092870965,0.013019178082,0.13019178082
"6823",0.932802071750988,0.013019178082,0.13019178082
"6824",0.931809295929,0.013019178082,0.13019178082
"6825",0.932436054541181,0.013019178082,0.13019178082
"6826",0.932241252429556,0.013019178082,0.13019178082
"6827",0.932722859260571,0.013019178082,0.13019178082
"6828",0.932205476892646,0.013019178082,0.13019178082
"6829",0.93226602885142,0.013019178082,0.13019178082
"6830",0.932138587750028,0.013019178082,0.13019178082
"6831",0.932148520338751,0.013019178082,0.13019178082
"6832",0.931635357755874,0.013019178082,0.13019178082
"6833",0.932429093606679,0.013019178082,0.13019178082
"6834",0.931740192278481,0.013019178082,0.13019178082
"6835",0.932531604657167,0.013019178082,0.13019178082
"6836",0.932675321207754,0.013019178082,0.13019178082
"6837",0.933164375807524,0.013019178082,0.13019178082
"6838",0.932367944570126,0.013019178082,0.13019178082
"6839",0.933094919476492,0.013019178082,0.13019178082
"6840",0.93210964975786,0.013019178082,0.13019178082
"6841",0.932268691514442,0.013019178082,0.13019178082
"6842",0.932518672135749,0.013019178082,0.13019178082
"6843",0.93198440800514,0.013019178082,0.13019178082
"6844",0.931932137585042,0.013019178082,0.13019178082
"6845",0.932608848935449,0.013019178082,0.13019178082
"6846",0.932386076594453,0.013019178082,0.13019178082
"6847",0.932591782074916,0.013019178082,0.13019178082
"6848",0.931604420064562,0.013019178082,0.13019178082
"6849",0.932272441605445,0.013019178082,0.13019178082
"6850",0.932585762762444,0.013019178082,0.13019178082
"6851",0.932807321249908,0.013019178082,0.13019178082
"6852",0.932020132832409,0.013019178082,0.13019178082
"6853",0.931789266827281,0.013019178082,0.13019178082
"6854",0.933102023290084,0.013019178082,0.13019178082
"6855",0.932517641784037,0.013019178082,0.13019178082
"6856",0.932571742229633,0.013019178082,0.13019178082
"6857",0.932386164363433,0.013019178082,0.13019178082
"6858",0.932262315735918,0.013019178082,0.13019178082
"6859",0.931779076499733,0.013019178082,0.13019178082
"6860",0.931556294048197,0.013019178082,0.13019178082
"6861",0.931953772539389,0.013019178082,0.13019178082
"6862",0.932807889190479,0.013019178082,0.13019178082
"6863",0.932898675039725,0.013019178082,0.13019178082
"6864",0.932154840409694,0.013019178082,0.13019178082
"6865",0.932759048916001,0.013019178082,0.13019178082
"6866",0.933239135023767,0.013019178082,0.13019178082
"6867",0.932327912180243,0.013019178082,0.13019178082
"6868",0.93176943220691,0.013019178082,0.13019178082
"6869",0.932316878638182,0.013019178082,0.13019178082
"6870",0.931616447862209,0.013019178082,0.13019178082
"6871",0.932372820516969,0.013019178082,0.13019178082
"6872",0.932022500802892,0.013019178082,0.13019178082
"6873",0.932284132309087,0.013019178082,0.13019178082
"6874",0.93273510085914,0.013019178082,0.13019178082
"6875",0.932517170355873,0.013019178082,0.13019178082
"6876",0.932765974503007,0.013019178082,0.13019178082
"6877",0.932502507525451,0.013019178082,0.13019178082
"6878",0.932106655734447,0.013019178082,0.13019178082
"6879",0.932296316425636,0.013019178082,0.13019178082
"6880",0.932086893569549,0.013019178082,0.13019178082
"6881",0.93256141113833,0.013019178082,0.13019178082
"6882",0.932191684546725,0.013019178082,0.13019178082
"6883",0.931854554035491,0.013019178082,0.13019178082
"6884",0.932923168763162,0.013019178082,0.13019178082
"6885",0.932002427212783,0.013019178082,0.13019178082
"6886",0.933145307958677,0.013019178082,0.13019178082
"6887",0.932633369246746,0.013019178082,0.13019178082
"6888",0.932751806597984,0.013019178082,0.13019178082
"6889",0.932015489458214,0.013019178082,0.13019178082
"6890",0.932097708542415,0.013019178082,0.13019178082
"6891",0.932019771994812,0.013019178082,0.13019178082
"6892",0.93173220509513,0.013019178082,0.13019178082
"6893",0.932367976256813,0.013019178082,0.13019178082
"6894",0.932355577962487,0.013019178082,0.13019178082
"6895",0.93227517811214,0.013019178082,0.13019178082
"6896",0.932204908041377,0.013019178082,0.13019178082
"6897",0.932868352250166,0.013019178082,0.13019178082
"6898",0.932476718047153,0.013019178082,0.13019178082
"6899",0.932249813740266,0.013019178082,0.13019178082
"6900",0.93223434431251,0.013019178082,0.13019178082
"6901",0.932000499224826,0.013019178082,0.13019178082
"6902",0.932255270756272,0.013019178082,0.13019178082
"6903",0.931519079581184,0.013019178082,0.13019178082
"6904",0.931647415571993,0.013019178082,0.13019178082
"6905",0.93268410435668,0.013019178082,0.13019178082
"6906",0.932401679370038,0.013019178082,0.13019178082
"6907",0.932561300932514,0.013019178082,0.13019178082
"6908",0.932611398323415,0.013019178082,0.13019178082
"6909",0.932907511999608,0.013019178082,0.13019178082
"6910",0.932556402788059,0.013019178082,0.13019178082
"6911",0.9324260132652,0.013019178082,0.13019178082
"6912",0.932280088786674,0.013019178082,0.13019178082
"6913",0.933038692082419,0.013019178082,0.13019178082
"6914",0.932029732727318,0.013019178082,0.13019178082
"6915",0.932398917442009,0.013019178082,0.13019178082
"6916",0.932696502718339,0.013019178082,0.13019178082
"6917",0.932200164832901,0.013019178082,0.13019178082
"6918",0.931503433981631,0.013019178082,0.13019178082
"6919",0.932910165744208,0.013019178082,0.13019178082
"6920",0.932317966634398,0.013019178082,0.13019178082
"6921",0.932667958466001,0.013019178082,0.13019178082
"6922",0.932109659773968,0.013019178082,0.13019178082
"6923",0.932227139884732,0.013019178082,0.13019178082
"6924",0.932271262013335,0.013019178082,0.13019178082
"6925",0.932346230184215,0.013019178082,0.13019178082
"6926",0.93221793876005,0.013019178082,0.13019178082
"6927",0.931585782600455,0.013019178082,0.13019178082
"6928",0.931891116548835,0.013019178082,0.13019178082
"6929",0.932079971978575,0.013019178082,0.13019178082
"6930",0.931745888312323,0.013019178082,0.13019178082
"6931",0.932942466520804,0.013019178082,0.13019178082
"6932",0.932648038303752,0.013019178082,0.13019178082
"6933",0.933063444439459,0.013019178082,0.13019178082
"6934",0.93290844831837,0.013019178082,0.13019178082
"6935",0.932291762776973,0.013019178082,0.13019178082
"6936",0.932927600662671,0.013019178082,0.13019178082
"6937",0.932703792002102,0.013019178082,0.13019178082
"6938",0.932493757941855,0.013019178082,0.13019178082
"6939",0.932386634102685,0.013019178082,0.13019178082
"6940",0.932857391795838,0.013019178082,0.13019178082
"6941",0.932185876058895,0.013019178082,0.13019178082
"6942",0.931546056747759,0.013019178082,0.13019178082
"6943",0.932845140518375,0.013019178082,0.13019178082
"6944",0.933224428078749,0.013019178082,0.13019178082
"6945",0.932991238079419,0.013019178082,0.13019178082
"6946",0.932159393567653,0.013019178082,0.13019178082
"6947",0.932332382448039,0.013019178082,0.13019178082
"6948",0.931963824266563,0.013019178082,0.13019178082
"6949",0.932389608623051,0.013019178082,0.13019178082
"6950",0.931568078315742,0.013019178082,0.13019178082
"6951",0.932210530280379,0.013019178082,0.13019178082
"6952",0.932914531066017,0.013019178082,0.13019178082
"6953",0.933291508066639,0.013019178082,0.13019178082
"6954",0.93155561789682,0.013019178082,0.13019178082
"6955",0.932647937111167,0.013019178082,0.13019178082
"6956",0.932827870202349,0.013019178082,0.13019178082
"6957",0.932647251154436,0.013019178082,0.13019178082
"6958",0.932138631616556,0.013019178082,0.13019178082
"6959",0.933085256461349,0.013019178082,0.13019178082
"6960",0.932078798525598,0.013019178082,0.13019178082
"6961",0.932149050327593,0.013019178082,0.13019178082
"6962",0.932084352033469,0.013019178082,0.13019178082
"6963",0.932637584966192,0.013019178082,0.13019178082
"6964",0.932976746054415,0.013019178082,0.13019178082
"6965",0.932800135508081,0.013019178082,0.13019178082
"6966",0.931635795109085,0.013019178082,0.13019178082
"6967",0.932361598881471,0.013019178082,0.13019178082
"6968",0.932511852119522,0.013019178082,0.13019178082
"6969",0.932929542602904,0.013019178082,0.13019178082
"6970",0.932592753014421,0.013019178082,0.13019178082
"6971",0.932397344433634,0.013019178082,0.13019178082
"6972",0.932302898831952,0.013019178082,0.13019178082
"6973",0.932218582731018,0.013019178082,0.13019178082
"6974",0.931509874291516,0.013019178082,0.13019178082
"6975",0.932252056593463,0.013019178082,0.13019178082
"6976",0.932132962640976,0.013019178082,0.13019178082
"6977",0.93237106317379,0.013019178082,0.13019178082
"6978",0.932965988836219,0.013019178082,0.13019178082
"6979",0.933265309442522,0.013019178082,0.13019178082
"6980",0.932444102355847,0.013019178082,0.13019178082
"6981",0.932705233532861,0.013019178082,0.13019178082
"6982",0.931762711250728,0.013019178082,0.13019178082
"6983",0.932477090482119,0.013019178082,0.13019178082
"6984",0.932509682299769,0.013019178082,0.13019178082
"6985",0.932047803167274,0.013019178082,0.13019178082
"6986",0.932189196032103,0.013019178082,0.13019178082
"6987",0.931918890302736,0.013019178082,0.13019178082
"6988",0.932115110389526,0.013019178082,0.13019178082
"6989",0.93251433116128,0.013019178082,0.13019178082
"6990",0.931675741615343,0.013019178082,0.13019178082
"6991",0.931879316384038,0.013019178082,0.13019178082
"6992",0.931854374256114,0.013019178082,0.13019178082
"6993",0.932237802805676,0.013019178082,0.13019178082
"6994",0.932301574515862,0.013019178082,0.13019178082
"6995",0.932424931420317,0.013019178082,0.13019178082
"6996",0.932389479380479,0.013019178082,0.13019178082
"6997",0.932448838642202,0.013019178082,0.13019178082
"6998",0.931801255152337,0.013019178082,0.13019178082
"6999",0.931976868791852,0.013019178082,0.13019178082
"7000",0.932422218618339,0.013019178082,0.13019178082
"7001",0.931824268310556,0.013019178082,0.13019178082
"7002",0.935828432613836,0.014016438356,0.14016438356
"7003",0.935546916849646,0.014016438356,0.14016438356
"7004",0.935800203607929,0.014016438356,0.14016438356
"7005",0.936171766857004,0.014016438356,0.14016438356
"7006",0.935084830666888,0.014016438356,0.14016438356
"7007",0.935648263841369,0.014016438356,0.14016438356
"7008",0.936055527905544,0.014016438356,0.14016438356
"7009",0.935980730923456,0.014016438356,0.14016438356
"7010",0.935631538192997,0.014016438356,0.14016438356
"7011",0.935778505146719,0.014016438356,0.14016438356
"7012",0.936071035652524,0.014016438356,0.14016438356
"7013",0.935222343901013,0.014016438356,0.14016438356
"7014",0.93617005328001,0.014016438356,0.14016438356
"7015",0.93610663896586,0.014016438356,0.14016438356
"7016",0.935704406754319,0.014016438356,0.14016438356
"7017",0.935394989587469,0.014016438356,0.14016438356
"7018",0.935585150332102,0.014016438356,0.14016438356
"7019",0.935182588108216,0.014016438356,0.14016438356
"7020",0.936092841137543,0.014016438356,0.14016438356
"7021",0.935960312295263,0.014016438356,0.14016438356
"7022",0.934619267469213,0.014016438356,0.14016438356
"7023",0.93539621447926,0.014016438356,0.14016438356
"7024",0.935575441371025,0.014016438356,0.14016438356
"7025",0.935804265939434,0.014016438356,0.14016438356
"7026",0.935756920503655,0.014016438356,0.14016438356
"7027",0.935363660192821,0.014016438356,0.14016438356
"7028",0.935508660528619,0.014016438356,0.14016438356
"7029",0.935749263036386,0.014016438356,0.14016438356
"7030",0.936173841118847,0.014016438356,0.14016438356
"7031",0.93591506248702,0.014016438356,0.14016438356
"7032",0.934864037030689,0.014016438356,0.14016438356
"7033",0.935695334084715,0.014016438356,0.14016438356
"7034",0.935192405456975,0.014016438356,0.14016438356
"7035",0.935321537206018,0.014016438356,0.14016438356
"7036",0.935707954170657,0.014016438356,0.14016438356
"7037",0.935794185388066,0.014016438356,0.14016438356
"7038",0.934771193721559,0.014016438356,0.14016438356
"7039",0.936366343540328,0.014016438356,0.14016438356
"7040",0.935265376387974,0.014016438356,0.14016438356
"7041",0.935315737397529,0.014016438356,0.14016438356
"7042",0.936486489664543,0.014016438356,0.14016438356
"7043",0.935748438042946,0.014016438356,0.14016438356
"7044",0.935981981400916,0.014016438356,0.14016438356
"7045",0.936124091695192,0.014016438356,0.14016438356
"7046",0.935327458055574,0.014016438356,0.14016438356
"7047",0.936058961096939,0.014016438356,0.14016438356
"7048",0.936177789397071,0.014016438356,0.14016438356
"7049",0.935287707675758,0.014016438356,0.14016438356
"7050",0.93636009299468,0.014016438356,0.14016438356
"7051",0.935240060291259,0.014016438356,0.14016438356
"7052",0.935311215787504,0.014016438356,0.14016438356
"7053",0.935725502932668,0.014016438356,0.14016438356
"7054",0.935882454672427,0.014016438356,0.14016438356
"7055",0.93509993491239,0.014016438356,0.14016438356
"7056",0.935892746143738,0.014016438356,0.14016438356
"7057",0.936060670755423,0.014016438356,0.14016438356
"7058",0.935022343934652,0.014016438356,0.14016438356
"7059",0.935485536957874,0.014016438356,0.14016438356
"7060",0.936099853346044,0.014016438356,0.14016438356
"7061",0.935816018391655,0.014016438356,0.14016438356
"7062",0.936147987279339,0.014016438356,0.14016438356
"7063",0.935618170282597,0.014016438356,0.14016438356
"7064",0.935966717069554,0.014016438356,0.14016438356
"7065",0.935355468089539,0.014016438356,0.14016438356
"7066",0.935560511394168,0.014016438356,0.14016438356
"7067",0.93630474897488,0.014016438356,0.14016438356
"7068",0.936135595920509,0.014016438356,0.14016438356
"7069",0.936126080012842,0.014016438356,0.14016438356
"7070",0.935680296945329,0.014016438356,0.14016438356
"7071",0.936383729894261,0.014016438356,0.14016438356
"7072",0.935583635948126,0.014016438356,0.14016438356
"7073",0.93568735252323,0.014016438356,0.14016438356
"7074",0.935197468237657,0.014016438356,0.14016438356
"7075",0.935377910826108,0.014016438356,0.14016438356
"7076",0.935866143839081,0.014016438356,0.14016438356
"7077",0.93616267995,0.014016438356,0.14016438356
"7078",0.935504152144677,0.014016438356,0.14016438356
"7079",0.935773081927158,0.014016438356,0.14016438356
"7080",0.936289584777044,0.014016438356,0.14016438356
"7081",0.93613318925656,0.014016438356,0.14016438356
"7082",0.935637222221195,0.014016438356,0.14016438356
"7083",0.93547873552819,0.014016438356,0.14016438356
"7084",0.935935518175511,0.014016438356,0.14016438356
"7085",0.935699309032766,0.014016438356,0.14016438356
"7086",0.935486687773254,0.014016438356,0.14016438356
"7087",0.93573777023332,0.014016438356,0.14016438356
"7088",0.935061703686106,0.014016438356,0.14016438356
"7089",0.935256321108184,0.014016438356,0.14016438356
"7090",0.934746008812254,0.014016438356,0.14016438356
"7091",0.935268116164681,0.014016438356,0.14016438356
"7092",0.935613181913885,0.014016438356,0.14016438356
"7093",0.935378876866781,0.014016438356,0.14016438356
"7094",0.936354278745335,0.014016438356,0.14016438356
"7095",0.935413017904387,0.014016438356,0.14016438356
"7096",0.936529617670342,0.014016438356,0.14016438356
"7097",0.935605961200786,0.014016438356,0.14016438356
"7098",0.936298066620414,0.014016438356,0.14016438356
"7099",0.935533269442465,0.014016438356,0.14016438356
"7100",0.935175304815731,0.014016438356,0.14016438356
"7101",0.936053265167897,0.014016438356,0.14016438356
"7102",0.935660029131294,0.014016438356,0.14016438356
"7103",0.936001509248163,0.014016438356,0.14016438356
"7104",0.935875881424824,0.014016438356,0.14016438356
"7105",0.935599576479205,0.014016438356,0.14016438356
"7106",0.93558247807251,0.014016438356,0.14016438356
"7107",0.935085663841369,0.014016438356,0.14016438356
"7108",0.935698198574564,0.014016438356,0.14016438356
"7109",0.935840247892256,0.014016438356,0.14016438356
"7110",0.935052262729811,0.014016438356,0.14016438356
"7111",0.936439934084616,0.014016438356,0.14016438356
"7112",0.93562279798094,0.014016438356,0.14016438356
"7113",0.93512707617885,0.014016438356,0.14016438356
"7114",0.936138333538227,0.014016438356,0.14016438356
"7115",0.935918827492855,0.014016438356,0.14016438356
"7116",0.935607186863294,0.014016438356,0.14016438356
"7117",0.935324935012145,0.014016438356,0.14016438356
"7118",0.935921838363303,0.014016438356,0.14016438356
"7119",0.935326544008501,0.014016438356,0.14016438356
"7120",0.935603877029025,0.014016438356,0.14016438356
"7121",0.93546959908031,0.014016438356,0.14016438356
"7122",0.935858926037113,0.014016438356,0.14016438356
"7123",0.935715065965251,0.014016438356,0.14016438356
"7124",0.936088711527138,0.014016438356,0.14016438356
"7125",0.935211633242344,0.014016438356,0.14016438356
"7126",0.934878304785635,0.014016438356,0.14016438356
"7127",0.935834050864889,0.014016438356,0.14016438356
"7128",0.935215635932794,0.014016438356,0.14016438356
"7129",0.935404952526894,0.014016438356,0.14016438356
"7130",0.935782059276636,0.014016438356,0.14016438356
"7131",0.936168405700822,0.014016438356,0.14016438356
"7132",0.935042746759893,0.014016438356,0.14016438356
"7133",0.936206302589838,0.014016438356,0.14016438356
"7134",0.935138544404222,0.014016438356,0.14016438356
"7135",0.935494614126581,0.014016438356,0.14016438356
"7136",0.935494904241882,0.014016438356,0.14016438356
"7137",0.936292471279611,0.014016438356,0.14016438356
"7138",0.93586180375521,0.014016438356,0.14016438356
"7139",0.936041734213429,0.014016438356,0.14016438356
"7140",0.935615858737044,0.014016438356,0.14016438356
"7141",0.936257575162477,0.014016438356,0.14016438356
"7142",0.935202184494689,0.014016438356,0.14016438356
"7143",0.935857780901805,0.014016438356,0.14016438356
"7144",0.936099409796235,0.014016438356,0.14016438356
"7145",0.936436535070036,0.014016438356,0.14016438356
"7146",0.93562128468759,0.014016438356,0.14016438356
"7147",0.935919056415559,0.014016438356,0.14016438356
"7148",0.935264476617647,0.014016438356,0.14016438356
"7149",0.936169520580801,0.014016438356,0.14016438356
"7150",0.935746787636927,0.014016438356,0.14016438356
"7151",0.935441412712701,0.014016438356,0.14016438356
"7152",0.935787600726238,0.014016438356,0.14016438356
"7153",0.936084374098597,0.014016438356,0.14016438356
"7154",0.936212562819321,0.014016438356,0.14016438356
"7155",0.936044048659602,0.014016438356,0.14016438356
"7156",0.936048273155351,0.014016438356,0.14016438356
"7157",0.935541590590852,0.014016438356,0.14016438356
"7158",0.935409730620677,0.014016438356,0.14016438356
"7159",0.935742083615028,0.014016438356,0.14016438356
"7160",0.935324609569569,0.014016438356,0.14016438356
"7161",0.936020768913141,0.014016438356,0.14016438356
"7162",0.936218707308522,0.014016438356,0.14016438356
"7163",0.93566748855714,0.014016438356,0.14016438356
"7164",0.935213773193552,0.014016438356,0.14016438356
"7165",0.935576998784416,0.014016438356,0.14016438356
"7166",0.936331501852168,0.014016438356,0.14016438356
"7167",0.935829393818115,0.014016438356,0.14016438356
"7168",0.935834342513802,0.014016438356,0.14016438356
"7169",0.935749899022552,0.014016438356,0.14016438356
"7170",0.935564023697381,0.014016438356,0.14016438356
"7171",0.935594779912273,0.014016438356,0.14016438356
"7172",0.935567841554583,0.014016438356,0.14016438356
"7173",0.936485630251815,0.014016438356,0.14016438356
"7174",0.935871816170139,0.014016438356,0.14016438356
"7175",0.935365769191182,0.014016438356,0.14016438356
"7176",0.934728873934111,0.014016438356,0.14016438356
"7177",0.935817141793864,0.014016438356,0.14016438356
"7178",0.935443509666132,0.014016438356,0.14016438356
"7179",0.936355565667727,0.014016438356,0.14016438356
"7180",0.93580120311856,0.014016438356,0.14016438356
"7181",0.935312731555649,0.014016438356,0.14016438356
"7182",0.934838432521514,0.014016438356,0.14016438356
"7183",0.936206870121058,0.014016438356,0.14016438356
"7184",0.935043864901435,0.014016438356,0.14016438356
"7185",0.935326758991338,0.014016438356,0.14016438356
"7186",0.936095343976242,0.014016438356,0.14016438356
"7187",0.936050297100307,0.014016438356,0.14016438356
"7188",0.935881141141524,0.014016438356,0.14016438356
"7189",0.936289006529571,0.014016438356,0.14016438356
"7190",0.935945140075902,0.014016438356,0.14016438356
"7191",0.935844664854375,0.014016438356,0.14016438356
"7192",0.934894444445309,0.014016438356,0.14016438356
"7193",0.935765644545788,0.014016438356,0.14016438356
"7194",0.935676017904949,0.014016438356,0.14016438356
"7195",0.93555948164823,0.014016438356,0.14016438356
"7196",0.935378072245323,0.014016438356,0.14016438356
"7197",0.936664904965087,0.014016438356,0.14016438356
"7198",0.936582844059519,0.014016438356,0.14016438356
"7199",0.935686929005892,0.014016438356,0.14016438356
"7200",0.93624773076479,0.014016438356,0.14016438356
"7201",0.936035490028898,0.014016438356,0.14016438356
"7202",0.93548331145069,0.014016438356,0.14016438356
"7203",0.935045053457883,0.014016438356,0.14016438356
"7204",0.936227882042219,0.014016438356,0.14016438356
"7205",0.935604901352726,0.014016438356,0.14016438356
"7206",0.935811837465367,0.014016438356,0.14016438356
"7207",0.935795129839907,0.014016438356,0.14016438356
"7208",0.936201772587749,0.014016438356,0.14016438356
"7209",0.935903686318816,0.014016438356,0.14016438356
"7210",0.935500923997103,0.014016438356,0.14016438356
"7211",0.936069923130723,0.014016438356,0.14016438356
"7212",0.935345845112382,0.014016438356,0.14016438356
"7213",0.934879190141975,0.014016438356,0.14016438356
"7214",0.935509276063309,0.014016438356,0.14016438356
"7215",0.936057899671992,0.014016438356,0.14016438356
"7216",0.93542017499879,0.014016438356,0.14016438356
"7217",0.934710088320279,0.014016438356,0.14016438356
"7218",0.93525616916653,0.014016438356,0.14016438356
"7219",0.93561385274482,0.014016438356,0.14016438356
"7220",0.935582753875831,0.014016438356,0.14016438356
"7221",0.935640146782966,0.014016438356,0.14016438356
"7222",0.935306358534967,0.014016438356,0.14016438356
"7223",0.936108961158804,0.014016438356,0.14016438356
"7224",0.936087754300315,0.014016438356,0.14016438356
"7225",0.936195435280884,0.014016438356,0.14016438356
"7226",0.935882706853561,0.014016438356,0.14016438356
"7227",0.935617439434129,0.014016438356,0.14016438356
"7228",0.935924574494144,0.014016438356,0.14016438356
"7229",0.936070747619386,0.014016438356,0.14016438356
"7230",0.935251175359804,0.014016438356,0.14016438356
"7231",0.935204748713774,0.014016438356,0.14016438356
"7232",0.936097463798261,0.014016438356,0.14016438356
"7233",0.93636084588175,0.014016438356,0.14016438356
"7234",0.9352713092719,0.014016438356,0.14016438356
"7235",0.935488002147684,0.014016438356,0.14016438356
"7236",0.936184166465298,0.014016438356,0.14016438356
"7237",0.935358027239269,0.014016438356,0.14016438356
"7238",0.936423685296837,0.014016438356,0.14016438356
"7239",0.93510220583078,0.014016438356,0.14016438356
"7240",0.936344734899349,0.014016438356,0.14016438356
"7241",0.935675101758059,0.014016438356,0.14016438356
"7242",0.934937443724921,0.014016438356,0.14016438356
"7243",0.935550148902832,0.014016438356,0.14016438356
"7244",0.93570930608328,0.014016438356,0.14016438356
"7245",0.935079932443224,0.014016438356,0.14016438356
"7246",0.935099112574785,0.014016438356,0.14016438356
"7247",0.93593124467197,0.014016438356,0.14016438356
"7248",0.935443638704386,0.014016438356,0.14016438356
"7249",0.935644088141821,0.014016438356,0.14016438356
"7250",0.93531410726553,0.014016438356,0.14016438356
"7251",0.935875349958307,0.014016438356,0.14016438356
"7252",0.935667484443625,0.014016438356,0.14016438356
"7253",0.935695484896881,0.014016438356,0.14016438356
"7254",0.935840650866575,0.014016438356,0.14016438356
"7255",0.935589155149332,0.014016438356,0.14016438356
"7256",0.93588070453809,0.014016438356,0.14016438356
"7257",0.935346260328063,0.014016438356,0.14016438356
"7258",0.935771761533724,0.014016438356,0.14016438356
"7259",0.935614429584205,0.014016438356,0.14016438356
"7260",0.935451115586394,0.014016438356,0.14016438356
"7261",0.935864668751989,0.014016438356,0.14016438356
"7262",0.935309907966548,0.014016438356,0.14016438356
"7263",0.93589595394582,0.014016438356,0.14016438356
"7264",0.935824668081894,0.014016438356,0.14016438356
"7265",0.935778738240529,0.014016438356,0.14016438356
"7266",0.935548476822224,0.014016438356,0.14016438356
"7267",0.936127827872719,0.014016438356,0.14016438356
"7268",0.935150246914094,0.014016438356,0.14016438356
"7269",0.935268262527781,0.014016438356,0.14016438356
"7270",0.935757663357053,0.014016438356,0.14016438356
"7271",0.935515041646078,0.014016438356,0.14016438356
"7272",0.935510684799409,0.014016438356,0.14016438356
"7273",0.93687084657244,0.014016438356,0.14016438356
"7274",0.935469727790761,0.014016438356,0.14016438356
"7275",0.935723539127668,0.014016438356,0.14016438356
"7276",0.935442186353959,0.014016438356,0.14016438356
"7277",0.935119015238373,0.014016438356,0.14016438356
"7278",0.934948407399092,0.014016438356,0.14016438356
"7279",0.935807758970746,0.014016438356,0.14016438356
"7280",0.935322777373379,0.014016438356,0.14016438356
"7281",0.936281757924307,0.014016438356,0.14016438356
"7282",0.935772937483621,0.014016438356,0.14016438356
"7283",0.936124597473477,0.014016438356,0.14016438356
"7284",0.935729735113398,0.014016438356,0.14016438356
"7285",0.936216205588935,0.014016438356,0.14016438356
"7286",0.935420662851358,0.014016438356,0.14016438356
"7287",0.935865673803964,0.014016438356,0.14016438356
"7288",0.93575756726181,0.014016438356,0.14016438356
"7289",0.936012863617499,0.014016438356,0.14016438356
"7290",0.93519494576602,0.014016438356,0.14016438356
"7291",0.9354348219527,0.014016438356,0.14016438356
"7292",0.93633165765387,0.014016438356,0.14016438356
"7293",0.935416199781146,0.014016438356,0.14016438356
"7294",0.935559991313511,0.014016438356,0.14016438356
"7295",0.936171497180524,0.014016438356,0.14016438356
"7296",0.935352429559548,0.014016438356,0.14016438356
"7297",0.935433183683792,0.014016438356,0.14016438356
"7298",0.93532437788582,0.014016438356,0.14016438356
"7299",0.935616317419926,0.014016438356,0.14016438356
"7300",0.935617164747946,0.014016438356,0.14016438356
"7301",0.936003679045119,0.014016438356,0.14016438356
"7302",0.935337408141033,0.014016438356,0.14016438356
"7303",0.93584441247404,0.014016438356,0.14016438356
"7304",0.935541084798221,0.014016438356,0.14016438356
"7305",0.935843112026114,0.014016438356,0.14016438356
"7306",0.936104790784783,0.014016438356,0.14016438356
"7307",0.935807157185492,0.014016438356,0.14016438356
"7308",0.936211356823351,0.014016438356,0.14016438356
"7309",0.935510809837949,0.014016438356,0.14016438356
"7310",0.935967642178249,0.014016438356,0.14016438356
"7311",0.935667407663846,0.014016438356,0.14016438356
"7312",0.935731847918781,0.014016438356,0.14016438356
"7313",0.935724801293937,0.014016438356,0.14016438356
"7314",0.936239075681951,0.014016438356,0.14016438356
"7315",0.935945627679755,0.014016438356,0.14016438356
"7316",0.93597826857223,0.014016438356,0.14016438356
"7317",0.935565980281629,0.014016438356,0.14016438356
"7318",0.935434379101374,0.014016438356,0.14016438356
"7319",0.935582854911467,0.014016438356,0.14016438356
"7320",0.935674179810093,0.014016438356,0.14016438356
"7321",0.936374500306012,0.014016438356,0.14016438356
"7322",0.935211929994422,0.014016438356,0.14016438356
"7323",0.935979082265531,0.014016438356,0.14016438356
"7324",0.936085763190555,0.014016438356,0.14016438356
"7325",0.935660570950073,0.014016438356,0.14016438356
"7326",0.936053026004798,0.014016438356,0.14016438356
"7327",0.936317863290698,0.014016438356,0.14016438356
"7328",0.93561205278389,0.014016438356,0.14016438356
"7329",0.935600230728462,0.014016438356,0.14016438356
"7330",0.935923859884592,0.014016438356,0.14016438356
"7331",0.935634497296584,0.014016438356,0.14016438356
"7332",0.935899260657381,0.014016438356,0.14016438356
"7333",0.936511908187664,0.014016438356,0.14016438356
"7334",0.935903203150007,0.014016438356,0.14016438356
"7335",0.935571353560457,0.014016438356,0.14016438356
"7336",0.936203719760994,0.014016438356,0.14016438356
"7337",0.935906956016322,0.014016438356,0.14016438356
"7338",0.93453568219559,0.014016438356,0.14016438356
"7339",0.935286145155517,0.014016438356,0.14016438356
"7340",0.935755558860034,0.014016438356,0.14016438356
"7341",0.935895258638035,0.014016438356,0.14016438356
"7342",0.935329978518899,0.014016438356,0.14016438356
"7343",0.935278930079491,0.014016438356,0.14016438356
"7344",0.935699488007778,0.014016438356,0.14016438356
"7345",0.935482820402945,0.014016438356,0.14016438356
"7346",0.935795334611189,0.014016438356,0.14016438356
"7347",0.935493724674101,0.014016438356,0.14016438356
"7348",0.935222167766006,0.014016438356,0.14016438356
"7349",0.935787527865858,0.014016438356,0.14016438356
"7350",0.935768537627958,0.014016438356,0.14016438356
"7351",0.935610722585485,0.014016438356,0.14016438356
"7352",0.935465483049756,0.014016438356,0.14016438356
"7353",0.93572963921093,0.014016438356,0.14016438356
"7354",0.935828883503146,0.014016438356,0.14016438356
"7355",0.934938262562527,0.014016438356,0.14016438356
"7356",0.935850782752349,0.014016438356,0.14016438356
"7357",0.935573792189565,0.014016438356,0.14016438356
"7358",0.935713737562504,0.014016438356,0.14016438356
"7359",0.935657636865054,0.014016438356,0.14016438356
"7360",0.935403886929829,0.014016438356,0.14016438356
"7361",0.93555263744819,0.014016438356,0.14016438356
"7362",0.935422424971248,0.014016438356,0.14016438356
"7363",0.935749373869392,0.014016438356,0.14016438356
"7364",0.935109709926601,0.014016438356,0.14016438356
"7365",0.93534538844772,0.014016438356,0.14016438356
"7366",0.935471911694471,0.014016438356,0.14016438356
"7367",0.935132457855714,0.014016438356,0.14016438356
"7368",0.935723765553443,0.014016438356,0.14016438356
"7369",0.935825031302639,0.014016438356,0.14016438356
"7370",0.936297471018594,0.014016438356,0.14016438356
"7371",0.935780957325022,0.014016438356,0.14016438356
"7372",0.936208061670568,0.014016438356,0.14016438356
"7373",0.93557713860851,0.014016438356,0.14016438356
"7374",0.936314161696349,0.014016438356,0.14016438356
"7375",0.935535974007741,0.014016438356,0.14016438356
"7376",0.936307858947831,0.014016438356,0.14016438356
"7377",0.936019300776398,0.014016438356,0.14016438356
"7378",0.935651408775864,0.014016438356,0.14016438356
"7379",0.935867450029781,0.014016438356,0.14016438356
"7380",0.935850681842074,0.014016438356,0.14016438356
"7381",0.935350892622168,0.014016438356,0.14016438356
"7382",0.935880607273962,0.014016438356,0.14016438356
"7383",0.935637662805897,0.014016438356,0.14016438356
"7384",0.935399804245224,0.014016438356,0.14016438356
"7385",0.936288937335987,0.014016438356,0.14016438356
"7386",0.93639108541028,0.014016438356,0.14016438356
"7387",0.936650999503753,0.014016438356,0.14016438356
"7388",0.935606573079094,0.014016438356,0.14016438356
"7389",0.935583125090542,0.014016438356,0.14016438356
"7390",0.936290663767807,0.014016438356,0.14016438356
"7391",0.935962711749853,0.014016438356,0.14016438356
"7392",0.935493886794367,0.014016438356,0.14016438356
"7393",0.936005451620211,0.014016438356,0.14016438356
"7394",0.935489255473533,0.014016438356,0.14016438356
"7395",0.935832791731846,0.014016438356,0.14016438356
"7396",0.935357371692684,0.014016438356,0.14016438356
"7397",0.936048099731393,0.014016438356,0.14016438356
"7398",0.934854744250951,0.014016438356,0.14016438356
"7399",0.935918666607738,0.014016438356,0.14016438356
"7400",0.935955495873108,0.014016438356,0.14016438356
"7401",0.935352598661987,0.014016438356,0.14016438356
"7402",0.935960977162891,0.014016438356,0.14016438356
"7403",0.935960492079277,0.014016438356,0.14016438356
"7404",0.93540967814917,0.014016438356,0.14016438356
"7405",0.934707347040695,0.014016438356,0.14016438356
"7406",0.935076727141329,0.014016438356,0.14016438356
"7407",0.935704591383919,0.014016438356,0.14016438356
"7408",0.934863226188172,0.014016438356,0.14016438356
"7409",0.935407279540635,0.014016438356,0.14016438356
"7410",0.936360832927648,0.014016438356,0.14016438356
"7411",0.935801349102554,0.014016438356,0.14016438356
"7412",0.935731308952487,0.014016438356,0.14016438356
"7413",0.935988209790735,0.014016438356,0.14016438356
"7414",0.935782360487063,0.014016438356,0.14016438356
"7415",0.936095964181319,0.014016438356,0.14016438356
"7416",0.935635742415693,0.014016438356,0.14016438356
"7417",0.93544311842151,0.014016438356,0.14016438356
"7418",0.935835712511532,0.014016438356,0.14016438356
"7419",0.93593422482425,0.014016438356,0.14016438356
"7420",0.936086397361571,0.014016438356,0.14016438356
"7421",0.936289675125339,0.014016438356,0.14016438356
"7422",0.93546265383965,0.014016438356,0.14016438356
"7423",0.935605517618663,0.014016438356,0.14016438356
"7424",0.935257049133129,0.014016438356,0.14016438356
"7425",0.93622764081631,0.014016438356,0.14016438356
"7426",0.935555504379536,0.014016438356,0.14016438356
"7427",0.935874255452954,0.014016438356,0.14016438356
"7428",0.936098298675907,0.014016438356,0.14016438356
"7429",0.935501813310037,0.014016438356,0.14016438356
"7430",0.936097253804213,0.014016438356,0.14016438356
"7431",0.935207741561813,0.014016438356,0.14016438356
"7432",0.936201328162268,0.014016438356,0.14016438356
"7433",0.936225615051781,0.014016438356,0.14016438356
"7434",0.935359293696662,0.014016438356,0.14016438356
"7435",0.936572999970776,0.014016438356,0.14016438356
"7436",0.935719605818624,0.014016438356,0.14016438356
"7437",0.935422415734474,0.014016438356,0.14016438356
"7438",0.935754588196808,0.014016438356,0.14016438356
"7439",0.935303915952574,0.014016438356,0.14016438356
"7440",0.935652039879204,0.014016438356,0.14016438356
"7441",0.935883588954332,0.014016438356,0.14016438356
"7442",0.935554723479501,0.014016438356,0.14016438356
"7443",0.935880329521007,0.014016438356,0.14016438356
"7444",0.935862400148301,0.014016438356,0.14016438356
"7445",0.936100204845944,0.014016438356,0.14016438356
"7446",0.935765651010788,0.014016438356,0.14016438356
"7447",0.935455436930075,0.014016438356,0.14016438356
"7448",0.935252639144501,0.014016438356,0.14016438356
"7449",0.935726355203773,0.014016438356,0.14016438356
"7450",0.936518017368377,0.014016438356,0.14016438356
"7451",0.935679218311242,0.014016438356,0.14016438356
"7452",0.935021280860586,0.014016438356,0.14016438356
"7453",0.935903796603747,0.014016438356,0.14016438356
"7454",0.936160951049643,0.014016438356,0.14016438356
"7455",0.935898989150372,0.014016438356,0.14016438356
"7456",0.935470512918758,0.014016438356,0.14016438356
"7457",0.935744647119007,0.014016438356,0.14016438356
"7458",0.935559935201066,0.014016438356,0.14016438356
"7459",0.935812662510483,0.014016438356,0.14016438356
"7460",0.935345307553227,0.014016438356,0.14016438356
"7461",0.93620077809893,0.014016438356,0.14016438356
"7462",0.934945010055046,0.014016438356,0.14016438356
"7463",0.935214247162498,0.014016438356,0.14016438356
"7464",0.935826750836291,0.014016438356,0.14016438356
"7465",0.93610113693527,0.014016438356,0.14016438356
"7466",0.935564028284523,0.014016438356,0.14016438356
"7467",0.935531048587672,0.014016438356,0.14016438356
"7468",0.935703945859535,0.014016438356,0.14016438356
"7469",0.936227940243199,0.014016438356,0.14016438356
"7470",0.935040129707308,0.014016438356,0.14016438356
"7471",0.935076931000878,0.014016438356,0.14016438356
"7472",0.93585944903442,0.014016438356,0.14016438356
"7473",0.93535844108145,0.014016438356,0.14016438356
"7474",0.936242658493225,0.014016438356,0.14016438356
"7475",0.93552185318763,0.014016438356,0.14016438356
"7476",0.935507121937312,0.014016438356,0.14016438356
"7477",0.936455270357122,0.014016438356,0.14016438356
"7478",0.935961572178903,0.014016438356,0.14016438356
"7479",0.935656598344105,0.014016438356,0.14016438356
"7480",0.936183189006166,0.014016438356,0.14016438356
"7481",0.935633235799268,0.014016438356,0.14016438356
"7482",0.935567681333362,0.014016438356,0.14016438356
"7483",0.93551603295778,0.014016438356,0.14016438356
"7484",0.9356180097905,0.014016438356,0.14016438356
"7485",0.936389137066362,0.014016438356,0.14016438356
"7486",0.936068089771616,0.014016438356,0.14016438356
"7487",0.935673192475483,0.014016438356,0.14016438356
"7488",0.935884888473947,0.014016438356,0.14016438356
"7489",0.935665375367369,0.014016438356,0.14016438356
"7490",0.934869490815132,0.014016438356,0.14016438356
"7491",0.935426133217629,0.014016438356,0.14016438356
"7492",0.935822491167173,0.014016438356,0.14016438356
"7493",0.935458076700585,0.014016438356,0.14016438356
"7494",0.935992740362658,0.014016438356,0.14016438356
"7495",0.935954971576259,0.014016438356,0.14016438356
"7496",0.935965929538075,0.014016438356,0.14016438356
"7497",0.93562802419078,0.014016438356,0.14016438356
"7498",0.935235258753215,0.014016438356,0.14016438356
"7499",0.935710213630636,0.014016438356,0.14016438356
"7500",0.935931711720183,0.014016438356,0.14016438356
"7501",0.936041221330009,0.014016438356,0.14016438356
"7502",0.940439386064499,0.01501369863,0.1501369863
"7503",0.938859329469468,0.01501369863,0.1501369863
"7504",0.938950733755196,0.01501369863,0.1501369863
"7505",0.940751997613232,0.01501369863,0.1501369863
"7506",0.939293215225672,0.01501369863,0.1501369863
"7507",0.939281576588451,0.01501369863,0.1501369863
"7508",0.939771282666556,0.01501369863,0.1501369863
"7509",0.940518178696703,0.01501369863,0.1501369863
"7510",0.940146534580286,0.01501369863,0.1501369863
"7511",0.940407411753112,0.01501369863,0.1501369863
"7512",0.940432259305826,0.01501369863,0.1501369863
"7513",0.939791408427326,0.01501369863,0.1501369863
"7514",0.939972322505408,0.01501369863,0.1501369863
"7515",0.939675286330134,0.01501369863,0.1501369863
"7516",0.939959188225201,0.01501369863,0.1501369863
"7517",0.939803307634264,0.01501369863,0.1501369863
"7518",0.940287751138076,0.01501369863,0.1501369863
"7519",0.939988751845057,0.01501369863,0.1501369863
"7520",0.939487651724883,0.01501369863,0.1501369863
"7521",0.939863150369813,0.01501369863,0.1501369863
"7522",0.940696755155461,0.01501369863,0.1501369863
"7523",0.939639819186405,0.01501369863,0.1501369863
"7524",0.939776621749833,0.01501369863,0.1501369863
"7525",0.940596767818452,0.01501369863,0.1501369863
"7526",0.939564021655433,0.01501369863,0.1501369863
"7527",0.939625050576332,0.01501369863,0.1501369863
"7528",0.940107332618894,0.01501369863,0.1501369863
"7529",0.939983414053945,0.01501369863,0.1501369863
"7530",0.939875108797128,0.01501369863,0.1501369863
"7531",0.939932509818082,0.01501369863,0.1501369863
"7532",0.939056934131331,0.01501369863,0.1501369863
"7533",0.939809017813486,0.01501369863,0.1501369863
"7534",0.939996929280307,0.01501369863,0.1501369863
"7535",0.939237422712777,0.01501369863,0.1501369863
"7536",0.93827959411579,0.01501369863,0.1501369863
"7537",0.939057660012303,0.01501369863,0.1501369863
"7538",0.939597294269829,0.01501369863,0.1501369863
"7539",0.93946935415201,0.01501369863,0.1501369863
"7540",0.93990323632097,0.01501369863,0.1501369863
"7541",0.939973021485322,0.01501369863,0.1501369863
"7542",0.939644813860188,0.01501369863,0.1501369863
"7543",0.939977307124378,0.01501369863,0.1501369863
"7544",0.940009802730194,0.01501369863,0.1501369863
"7545",0.93980236442654,0.01501369863,0.1501369863
"7546",0.939492575611361,0.01501369863,0.1501369863
"7547",0.940101378130599,0.01501369863,0.1501369863
"7548",0.940126927993597,0.01501369863,0.1501369863
"7549",0.939584356260291,0.01501369863,0.1501369863
"7550",0.94033670246604,0.01501369863,0.1501369863
"7551",0.939588748223949,0.01501369863,0.1501369863
"7552",0.93925706620086,0.01501369863,0.1501369863
"7553",0.939224561114105,0.01501369863,0.1501369863
"7554",0.939807610684597,0.01501369863,0.1501369863
"7555",0.939139566633599,0.01501369863,0.1501369863
"7556",0.93942346733035,0.01501369863,0.1501369863
"7557",0.939825971019614,0.01501369863,0.1501369863
"7558",0.939937007606846,0.01501369863,0.1501369863
"7559",0.93943287848779,0.01501369863,0.1501369863
"7560",0.939375437584312,0.01501369863,0.1501369863
"7561",0.939520076541532,0.01501369863,0.1501369863
"7562",0.940032416408392,0.01501369863,0.1501369863
"7563",0.939924700127169,0.01501369863,0.1501369863
"7564",0.939868661588899,0.01501369863,0.1501369863
"7565",0.939765975377398,0.01501369863,0.1501369863
"7566",0.940083961972186,0.01501369863,0.1501369863
"7567",0.940115529023545,0.01501369863,0.1501369863
"7568",0.938796345494714,0.01501369863,0.1501369863
"7569",0.940223266428945,0.01501369863,0.1501369863
"7570",0.939468398102088,0.01501369863,0.1501369863
"7571",0.939570547342703,0.01501369863,0.1501369863
"7572",0.939228342590257,0.01501369863,0.1501369863
"7573",0.939927580623792,0.01501369863,0.1501369863
"7574",0.939386327233216,0.01501369863,0.1501369863
"7575",0.939441866771547,0.01501369863,0.1501369863
"7576",0.939823328764985,0.01501369863,0.1501369863
"7577",0.939914851742887,0.01501369863,0.1501369863
"7578",0.939244589691164,0.01501369863,0.1501369863
"7579",0.939908017021611,0.01501369863,0.1501369863
"7580",0.939094513732649,0.01501369863,0.1501369863
"7581",0.939743471820579,0.01501369863,0.1501369863
"7582",0.939791929125186,0.01501369863,0.1501369863
"7583",0.939944425343399,0.01501369863,0.1501369863
"7584",0.939918713288047,0.01501369863,0.1501369863
"7585",0.939940414001074,0.01501369863,0.1501369863
"7586",0.939420886832857,0.01501369863,0.1501369863
"7587",0.940062476512635,0.01501369863,0.1501369863
"7588",0.939303207785728,0.01501369863,0.1501369863
"7589",0.939733620199179,0.01501369863,0.1501369863
"7590",0.940279895424344,0.01501369863,0.1501369863
"7591",0.939943416935939,0.01501369863,0.1501369863
"7592",0.939815844597596,0.01501369863,0.1501369863
"7593",0.939367139365707,0.01501369863,0.1501369863
"7594",0.939358934731328,0.01501369863,0.1501369863
"7595",0.939872768076594,0.01501369863,0.1501369863
"7596",0.939643618484849,0.01501369863,0.1501369863
"7597",0.939727108767968,0.01501369863,0.1501369863
"7598",0.939405841756534,0.01501369863,0.1501369863
"7599",0.939674747144002,0.01501369863,0.1501369863
"7600",0.939694751730366,0.01501369863,0.1501369863
"7601",0.939382998323763,0.01501369863,0.1501369863
"7602",0.940178072719524,0.01501369863,0.1501369863
"7603",0.94041392498811,0.01501369863,0.1501369863
"7604",0.939475151070307,0.01501369863,0.1501369863
"7605",0.940504072711552,0.01501369863,0.1501369863
"7606",0.940499940795745,0.01501369863,0.1501369863
"7607",0.940105748177438,0.01501369863,0.1501369863
"7608",0.940284677558717,0.01501369863,0.1501369863
"7609",0.938910826875371,0.01501369863,0.1501369863
"7610",0.939527589626147,0.01501369863,0.1501369863
"7611",0.939752774289932,0.01501369863,0.1501369863
"7612",0.939883781880943,0.01501369863,0.1501369863
"7613",0.939739979002955,0.01501369863,0.1501369863
"7614",0.93979287459159,0.01501369863,0.1501369863
"7615",0.939978373105251,0.01501369863,0.1501369863
"7616",0.939727543214536,0.01501369863,0.1501369863
"7617",0.940361758993541,0.01501369863,0.1501369863
"7618",0.939628989315813,0.01501369863,0.1501369863
"7619",0.939961395944871,0.01501369863,0.1501369863
"7620",0.939688467538099,0.01501369863,0.1501369863
"7621",0.939489849011414,0.01501369863,0.1501369863
"7622",0.940276876814086,0.01501369863,0.1501369863
"7623",0.939583211778821,0.01501369863,0.1501369863
"7624",0.939978671532046,0.01501369863,0.1501369863
"7625",0.940163504350481,0.01501369863,0.1501369863
"7626",0.94037925521972,0.01501369863,0.1501369863
"7627",0.939349334820533,0.01501369863,0.1501369863
"7628",0.940346751768043,0.01501369863,0.1501369863
"7629",0.940406998909698,0.01501369863,0.1501369863
"7630",0.93953639156503,0.01501369863,0.1501369863
"7631",0.939356213652736,0.01501369863,0.1501369863
"7632",0.939930322560792,0.01501369863,0.1501369863
"7633",0.940234908473687,0.01501369863,0.1501369863
"7634",0.939903986616224,0.01501369863,0.1501369863
"7635",0.939826314684276,0.01501369863,0.1501369863
"7636",0.940465705239173,0.01501369863,0.1501369863
"7637",0.939632531644629,0.01501369863,0.1501369863
"7638",0.940502136726998,0.01501369863,0.1501369863
"7639",0.939461296683906,0.01501369863,0.1501369863
"7640",0.939216020970739,0.01501369863,0.1501369863
"7641",0.939780357524038,0.01501369863,0.1501369863
"7642",0.940583380467916,0.01501369863,0.1501369863
"7643",0.939595372774819,0.01501369863,0.1501369863
"7644",0.939680307737476,0.01501369863,0.1501369863
"7645",0.940088729706663,0.01501369863,0.1501369863
"7646",0.940062677319239,0.01501369863,0.1501369863
"7647",0.939182534943644,0.01501369863,0.1501369863
"7648",0.940090870148258,0.01501369863,0.1501369863
"7649",0.940090791582358,0.01501369863,0.1501369863
"7650",0.939569310447394,0.01501369863,0.1501369863
"7651",0.939347022660253,0.01501369863,0.1501369863
"7652",0.940127310702963,0.01501369863,0.1501369863
"7653",0.939358008331949,0.01501369863,0.1501369863
"7654",0.939709714197358,0.01501369863,0.1501369863
"7655",0.939037677411111,0.01501369863,0.1501369863
"7656",0.939714610331511,0.01501369863,0.1501369863
"7657",0.940084012687315,0.01501369863,0.1501369863
"7658",0.939413590239011,0.01501369863,0.1501369863
"7659",0.939403805416387,0.01501369863,0.1501369863
"7660",0.939531740127946,0.01501369863,0.1501369863
"7661",0.939736815571788,0.01501369863,0.1501369863
"7662",0.939907115802063,0.01501369863,0.1501369863
"7663",0.939886321299102,0.01501369863,0.1501369863
"7664",0.940037247411601,0.01501369863,0.1501369863
"7665",0.939743275650669,0.01501369863,0.1501369863
"7666",0.94038925825621,0.01501369863,0.1501369863
"7667",0.940113798501091,0.01501369863,0.1501369863
"7668",0.940167011027523,0.01501369863,0.1501369863
"7669",0.939419863357788,0.01501369863,0.1501369863
"7670",0.939224440278776,0.01501369863,0.1501369863
"7671",0.939496285523812,0.01501369863,0.1501369863
"7672",0.940182014774231,0.01501369863,0.1501369863
"7673",0.939372756740861,0.01501369863,0.1501369863
"7674",0.939922125805386,0.01501369863,0.1501369863
"7675",0.939966643497006,0.01501369863,0.1501369863
"7676",0.939636358128838,0.01501369863,0.1501369863
"7677",0.939815325090159,0.01501369863,0.1501369863
"7678",0.940212948591346,0.01501369863,0.1501369863
"7679",0.939533579602969,0.01501369863,0.1501369863
"7680",0.94005127909315,0.01501369863,0.1501369863
"7681",0.939591607664755,0.01501369863,0.1501369863
"7682",0.939794946933165,0.01501369863,0.1501369863
"7683",0.939951938046374,0.01501369863,0.1501369863
"7684",0.93958465812169,0.01501369863,0.1501369863
"7685",0.939445019221212,0.01501369863,0.1501369863
"7686",0.939821714628005,0.01501369863,0.1501369863
"7687",0.93935374948826,0.01501369863,0.1501369863
"7688",0.93963138038238,0.01501369863,0.1501369863
"7689",0.940298125041204,0.01501369863,0.1501369863
"7690",0.939899329646069,0.01501369863,0.1501369863
"7691",0.939911317200222,0.01501369863,0.1501369863
"7692",0.939066797489501,0.01501369863,0.1501369863
"7693",0.93943767487396,0.01501369863,0.1501369863
"7694",0.939469673577125,0.01501369863,0.1501369863
"7695",0.940442564236039,0.01501369863,0.1501369863
"7696",0.939910617828998,0.01501369863,0.1501369863
"7697",0.940374480001281,0.01501369863,0.1501369863
"7698",0.939370133147069,0.01501369863,0.1501369863
"7699",0.939663871539386,0.01501369863,0.1501369863
"7700",0.939511439497725,0.01501369863,0.1501369863
"7701",0.940047110936126,0.01501369863,0.1501369863
"7702",0.938898100310328,0.01501369863,0.1501369863
"7703",0.939918989402469,0.01501369863,0.1501369863
"7704",0.939715526515685,0.01501369863,0.1501369863
"7705",0.9394730517517,0.01501369863,0.1501369863
"7706",0.940514315015333,0.01501369863,0.1501369863
"7707",0.939586872576352,0.01501369863,0.1501369863
"7708",0.94086492597982,0.01501369863,0.1501369863
"7709",0.939593780126494,0.01501369863,0.1501369863
"7710",0.939926327524638,0.01501369863,0.1501369863
"7711",0.939618037255681,0.01501369863,0.1501369863
"7712",0.939910644724704,0.01501369863,0.1501369863
"7713",0.940145590401234,0.01501369863,0.1501369863
"7714",0.939081098268517,0.01501369863,0.1501369863
"7715",0.939580335454448,0.01501369863,0.1501369863
"7716",0.939731558705013,0.01501369863,0.1501369863
"7717",0.940302976850286,0.01501369863,0.1501369863
"7718",0.939987669875934,0.01501369863,0.1501369863
"7719",0.939595196659725,0.01501369863,0.1501369863
"7720",0.939258714080778,0.01501369863,0.1501369863
"7721",0.939166925421608,0.01501369863,0.1501369863
"7722",0.939742256964168,0.01501369863,0.1501369863
"7723",0.939499063404482,0.01501369863,0.1501369863
"7724",0.939306222747847,0.01501369863,0.1501369863
"7725",0.939488102772258,0.01501369863,0.1501369863
"7726",0.940658274686122,0.01501369863,0.1501369863
"7727",0.939444768982649,0.01501369863,0.1501369863
"7728",0.939840831177407,0.01501369863,0.1501369863
"7729",0.939530734895527,0.01501369863,0.1501369863
"7730",0.939497394275106,0.01501369863,0.1501369863
"7731",0.939529915102679,0.01501369863,0.1501369863
"7732",0.939975572424475,0.01501369863,0.1501369863
"7733",0.939293876520059,0.01501369863,0.1501369863
"7734",0.939324129009296,0.01501369863,0.1501369863
"7735",0.939389604181758,0.01501369863,0.1501369863
"7736",0.939466316492257,0.01501369863,0.1501369863
"7737",0.940192975862694,0.01501369863,0.1501369863
"7738",0.939846964390233,0.01501369863,0.1501369863
"7739",0.939535666734339,0.01501369863,0.1501369863
"7740",0.940317589304506,0.01501369863,0.1501369863
"7741",0.93966314331943,0.01501369863,0.1501369863
"7742",0.939793034907987,0.01501369863,0.1501369863
"7743",0.939475838324434,0.01501369863,0.1501369863
"7744",0.940214146145145,0.01501369863,0.1501369863
"7745",0.939494937355902,0.01501369863,0.1501369863
"7746",0.939894070586604,0.01501369863,0.1501369863
"7747",0.93949030405495,0.01501369863,0.1501369863
"7748",0.940357725970948,0.01501369863,0.1501369863
"7749",0.939981273975781,0.01501369863,0.1501369863
"7750",0.939447157599762,0.01501369863,0.1501369863
"7751",0.939769847372239,0.01501369863,0.1501369863
"7752",0.940297320773791,0.01501369863,0.1501369863
"7753",0.939806132258645,0.01501369863,0.1501369863
"7754",0.939466520438501,0.01501369863,0.1501369863
"7755",0.939595003744607,0.01501369863,0.1501369863
"7756",0.939292137760808,0.01501369863,0.1501369863
"7757",0.939050713579372,0.01501369863,0.1501369863
"7758",0.939773625124885,0.01501369863,0.1501369863
"7759",0.93964606431354,0.01501369863,0.1501369863
"7760",0.93997060875555,0.01501369863,0.1501369863
"7761",0.939532291406545,0.01501369863,0.1501369863
"7762",0.939929789489895,0.01501369863,0.1501369863
"7763",0.939571418215891,0.01501369863,0.1501369863
"7764",0.939159320478306,0.01501369863,0.1501369863
"7765",0.939667500249852,0.01501369863,0.1501369863
"7766",0.939330180685949,0.01501369863,0.1501369863
"7767",0.939499777183889,0.01501369863,0.1501369863
"7768",0.940122342629098,0.01501369863,0.1501369863
"7769",0.939466193263739,0.01501369863,0.1501369863
"7770",0.939449135683094,0.01501369863,0.1501369863
"7771",0.940138854547406,0.01501369863,0.1501369863
"7772",0.940153000933765,0.01501369863,0.1501369863
"7773",0.939692903949253,0.01501369863,0.1501369863
"7774",0.939327429147278,0.01501369863,0.1501369863
"7775",0.938997837337969,0.01501369863,0.1501369863
"7776",0.939370836925997,0.01501369863,0.1501369863
"7777",0.939838744823546,0.01501369863,0.1501369863
"7778",0.93930534771796,0.01501369863,0.1501369863
"7779",0.939984910843946,0.01501369863,0.1501369863
"7780",0.93964110921129,0.01501369863,0.1501369863
"7781",0.939592617257224,0.01501369863,0.1501369863
"7782",0.939602411825636,0.01501369863,0.1501369863
"7783",0.939753688858084,0.01501369863,0.1501369863
"7784",0.939870690209785,0.01501369863,0.1501369863
"7785",0.940211422520885,0.01501369863,0.1501369863
"7786",0.939438738132512,0.01501369863,0.1501369863
"7787",0.939608523131488,0.01501369863,0.1501369863
"7788",0.939516002754832,0.01501369863,0.1501369863
"7789",0.939712458958392,0.01501369863,0.1501369863
"7790",0.939844764635733,0.01501369863,0.1501369863
"7791",0.94051487630985,0.01501369863,0.1501369863
"7792",0.940568629995627,0.01501369863,0.1501369863
"7793",0.940090666437006,0.01501369863,0.1501369863
"7794",0.939528020377345,0.01501369863,0.1501369863
"7795",0.940046711977599,0.01501369863,0.1501369863
"7796",0.939993404234743,0.01501369863,0.1501369863
"7797",0.939751429816566,0.01501369863,0.1501369863
"7798",0.939335041591883,0.01501369863,0.1501369863
"7799",0.939627698880322,0.01501369863,0.1501369863
"7800",0.939673300607248,0.01501369863,0.1501369863
"7801",0.940107609842244,0.01501369863,0.1501369863
"7802",0.939575445494657,0.01501369863,0.1501369863
"7803",0.940304175910013,0.01501369863,0.1501369863
"7804",0.940223428185349,0.01501369863,0.1501369863
"7805",0.939582306371986,0.01501369863,0.1501369863
"7806",0.939861393574792,0.01501369863,0.1501369863
"7807",0.939832138847199,0.01501369863,0.1501369863
"7808",0.939408569352716,0.01501369863,0.1501369863
"7809",0.939178816317354,0.01501369863,0.1501369863
"7810",0.93953742713966,0.01501369863,0.1501369863
"7811",0.93990922329821,0.01501369863,0.1501369863
"7812",0.940273981930399,0.01501369863,0.1501369863
"7813",0.939820194959934,0.01501369863,0.1501369863
"7814",0.93958409921607,0.01501369863,0.1501369863
"7815",0.940047127632266,0.01501369863,0.1501369863
"7816",0.940108923964201,0.01501369863,0.1501369863
"7817",0.940251758659529,0.01501369863,0.1501369863
"7818",0.939813595408463,0.01501369863,0.1501369863
"7819",0.939975382958225,0.01501369863,0.1501369863
"7820",0.939693645689382,0.01501369863,0.1501369863
"7821",0.939884631589176,0.01501369863,0.1501369863
"7822",0.939555974167239,0.01501369863,0.1501369863
"7823",0.939633418701475,0.01501369863,0.1501369863
"7824",0.939830552056502,0.01501369863,0.1501369863
"7825",0.938879392783454,0.01501369863,0.1501369863
"7826",0.939757377430907,0.01501369863,0.1501369863
"7827",0.93936686801225,0.01501369863,0.1501369863
"7828",0.939728907176127,0.01501369863,0.1501369863
"7829",0.940115419478112,0.01501369863,0.1501369863
"7830",0.940287314822317,0.01501369863,0.1501369863
"7831",0.939057099135945,0.01501369863,0.1501369863
"7832",0.940216826350784,0.01501369863,0.1501369863
"7833",0.939578504169883,0.01501369863,0.1501369863
"7834",0.93941047466043,0.01501369863,0.1501369863
"7835",0.93952697554032,0.01501369863,0.1501369863
"7836",0.939647842390099,0.01501369863,0.1501369863
"7837",0.940219445681514,0.01501369863,0.1501369863
"7838",0.940245617337856,0.01501369863,0.1501369863
"7839",0.939696504707986,0.01501369863,0.1501369863
"7840",0.94055606376761,0.01501369863,0.1501369863
"7841",0.939974402263381,0.01501369863,0.1501369863
"7842",0.94006362333318,0.01501369863,0.1501369863
"7843",0.939600382685943,0.01501369863,0.1501369863
"7844",0.939711090074456,0.01501369863,0.1501369863
"7845",0.939596005665381,0.01501369863,0.1501369863
"7846",0.939217184870929,0.01501369863,0.1501369863
"7847",0.939736345769068,0.01501369863,0.1501369863
"7848",0.939621107179268,0.01501369863,0.1501369863
"7849",0.939521791098631,0.01501369863,0.1501369863
"7850",0.940411339614111,0.01501369863,0.1501369863
"7851",0.939640382432251,0.01501369863,0.1501369863
"7852",0.93945767558015,0.01501369863,0.1501369863
"7853",0.939187245750627,0.01501369863,0.1501369863
"7854",0.939964984593398,0.01501369863,0.1501369863
"7855",0.939760557309647,0.01501369863,0.1501369863
"7856",0.93968265328184,0.01501369863,0.1501369863
"7857",0.940064534668732,0.01501369863,0.1501369863
"7858",0.939756584128402,0.01501369863,0.1501369863
"7859",0.939257361099731,0.01501369863,0.1501369863
"7860",0.939655815719576,0.01501369863,0.1501369863
"7861",0.939217948830818,0.01501369863,0.1501369863
"7862",0.939611119278571,0.01501369863,0.1501369863
"7863",0.939776994103161,0.01501369863,0.1501369863
"7864",0.939181403841334,0.01501369863,0.1501369863
"7865",0.938802111643509,0.01501369863,0.1501369863
"7866",0.94011023029472,0.01501369863,0.1501369863
"7867",0.939789720739929,0.01501369863,0.1501369863
"7868",0.939743096941823,0.01501369863,0.1501369863
"7869",0.940316763885873,0.01501369863,0.1501369863
"7870",0.939424377408587,0.01501369863,0.1501369863
"7871",0.940050564596457,0.01501369863,0.1501369863
"7872",0.940214922343285,0.01501369863,0.1501369863
"7873",0.939350958881429,0.01501369863,0.1501369863
"7874",0.939083022670348,0.01501369863,0.1501369863
"7875",0.939222456082463,0.01501369863,0.1501369863
"7876",0.939581270008363,0.01501369863,0.1501369863
"7877",0.939758858375558,0.01501369863,0.1501369863
"7878",0.93975999123885,0.01501369863,0.1501369863
"7879",0.939702777944227,0.01501369863,0.1501369863
"7880",0.939202416158392,0.01501369863,0.1501369863
"7881",0.939443254113065,0.01501369863,0.1501369863
"7882",0.939866759660912,0.01501369863,0.1501369863
"7883",0.939664917855857,0.01501369863,0.1501369863
"7884",0.939938392349195,0.01501369863,0.1501369863
"7885",0.94008764004301,0.01501369863,0.1501369863
"7886",0.939776083763293,0.01501369863,0.1501369863
"7887",0.939983120641292,0.01501369863,0.1501369863
"7888",0.93952130324902,0.01501369863,0.1501369863
"7889",0.940080792349824,0.01501369863,0.1501369863
"7890",0.939715960105141,0.01501369863,0.1501369863
"7891",0.940035364210514,0.01501369863,0.1501369863
"7892",0.939389779676029,0.01501369863,0.1501369863
"7893",0.940185255193406,0.01501369863,0.1501369863
"7894",0.939782902529786,0.01501369863,0.1501369863
"7895",0.940007418230902,0.01501369863,0.1501369863
"7896",0.939633278476751,0.01501369863,0.1501369863
"7897",0.939910765616512,0.01501369863,0.1501369863
"7898",0.939585882185917,0.01501369863,0.1501369863
"7899",0.939504359168193,0.01501369863,0.1501369863
"7900",0.940332452773672,0.01501369863,0.1501369863
"7901",0.940013766518315,0.01501369863,0.1501369863
"7902",0.939700385269482,0.01501369863,0.1501369863
"7903",0.941042475966174,0.01501369863,0.1501369863
"7904",0.939713088582463,0.01501369863,0.1501369863
"7905",0.939922472724285,0.01501369863,0.1501369863
"7906",0.939907522958464,0.01501369863,0.1501369863
"7907",0.939849459979943,0.01501369863,0.1501369863
"7908",0.939331909415286,0.01501369863,0.1501369863
"7909",0.939164509344639,0.01501369863,0.1501369863
"7910",0.94042762163243,0.01501369863,0.1501369863
"7911",0.939698292676238,0.01501369863,0.1501369863
"7912",0.939745334174514,0.01501369863,0.1501369863
"7913",0.93969201722735,0.01501369863,0.1501369863
"7914",0.939645725780146,0.01501369863,0.1501369863
"7915",0.939565975968232,0.01501369863,0.1501369863
"7916",0.93987738499521,0.01501369863,0.1501369863
"7917",0.939515026534686,0.01501369863,0.1501369863
"7918",0.939768147059295,0.01501369863,0.1501369863
"7919",0.939904417654492,0.01501369863,0.1501369863
"7920",0.939294180959064,0.01501369863,0.1501369863
"7921",0.939973411144439,0.01501369863,0.1501369863
"7922",0.939666383067956,0.01501369863,0.1501369863
"7923",0.939737855757432,0.01501369863,0.1501369863
"7924",0.939885658347129,0.01501369863,0.1501369863
"7925",0.938916441370252,0.01501369863,0.1501369863
"7926",0.939331155151079,0.01501369863,0.1501369863
"7927",0.939309784481382,0.01501369863,0.1501369863
"7928",0.940310326003369,0.01501369863,0.1501369863
"7929",0.939674398549673,0.01501369863,0.1501369863
"7930",0.939583861412972,0.01501369863,0.1501369863
"7931",0.939516029539157,0.01501369863,0.1501369863
"7932",0.939684053671717,0.01501369863,0.1501369863
"7933",0.940146170923639,0.01501369863,0.1501369863
"7934",0.940047863547404,0.01501369863,0.1501369863
"7935",0.939476020822783,0.01501369863,0.1501369863
"7936",0.94019548305308,0.01501369863,0.1501369863
"7937",0.939790781779239,0.01501369863,0.1501369863
"7938",0.940283433553159,0.01501369863,0.1501369863
"7939",0.939860558471755,0.01501369863,0.1501369863
"7940",0.939295508176691,0.01501369863,0.1501369863
"7941",0.939698494873416,0.01501369863,0.1501369863
"7942",0.940169047824674,0.01501369863,0.1501369863
"7943",0.940067212243453,0.01501369863,0.1501369863
"7944",0.939685077157887,0.01501369863,0.1501369863
"7945",0.939994004253032,0.01501369863,0.1501369863
"7946",0.939672200533077,0.01501369863,0.1501369863
"7947",0.939955698542605,0.01501369863,0.1501369863
"7948",0.939205848718537,0.01501369863,0.1501369863
"7949",0.939865520653028,0.01501369863,0.1501369863
"7950",0.939492028352514,0.01501369863,0.1501369863
"7951",0.939628422338464,0.01501369863,0.1501369863
"7952",0.939822205587975,0.01501369863,0.1501369863
"7953",0.939619364083124,0.01501369863,0.1501369863
"7954",0.939817761077892,0.01501369863,0.1501369863
"7955",0.938988674543158,0.01501369863,0.1501369863
"7956",0.94026968073476,0.01501369863,0.1501369863
"7957",0.939131543519844,0.01501369863,0.1501369863
"7958",0.939678727073062,0.01501369863,0.1501369863
"7959",0.939702989672742,0.01501369863,0.1501369863
"7960",0.940104368390786,0.01501369863,0.1501369863
"7961",0.940003988028774,0.01501369863,0.1501369863
"7962",0.939761763345846,0.01501369863,0.1501369863
"7963",0.939859142678955,0.01501369863,0.1501369863
"7964",0.940424680520602,0.01501369863,0.1501369863
"7965",0.939343502301123,0.01501369863,0.1501369863
"7966",0.939436190263319,0.01501369863,0.1501369863
"7967",0.939811504270676,0.01501369863,0.1501369863
"7968",0.939779745186759,0.01501369863,0.1501369863
"7969",0.940294202780282,0.01501369863,0.1501369863
"7970",0.939796190773032,0.01501369863,0.1501369863
"7971",0.939662165214314,0.01501369863,0.1501369863
"7972",0.940209854030571,0.01501369863,0.1501369863
"7973",0.939208734246272,0.01501369863,0.1501369863
"7974",0.939355766756337,0.01501369863,0.1501369863
"7975",0.939744745587058,0.01501369863,0.1501369863
"7976",0.938934469972976,0.01501369863,0.1501369863
"7977",0.940608088541948,0.01501369863,0.1501369863
"7978",0.940638518868094,0.01501369863,0.1501369863
"7979",0.939445175489929,0.01501369863,0.1501369863
"7980",0.939943913046436,0.01501369863,0.1501369863
"7981",0.93951524054289,0.01501369863,0.1501369863
"7982",0.940152392085496,0.01501369863,0.1501369863
"7983",0.940069621046889,0.01501369863,0.1501369863
"7984",0.938825409583584,0.01501369863,0.1501369863
"7985",0.939474766276987,0.01501369863,0.1501369863
"7986",0.939245846837728,0.01501369863,0.1501369863
"7987",0.939889222230855,0.01501369863,0.1501369863
"7988",0.939543949608977,0.01501369863,0.1501369863
"7989",0.939928718153944,0.01501369863,0.1501369863
"7990",0.939536383651047,0.01501369863,0.1501369863
"7991",0.940471142991214,0.01501369863,0.1501369863
"7992",0.939800395312244,0.01501369863,0.1501369863
"7993",0.940023909490013,0.01501369863,0.1501369863
"7994",0.940252071906806,0.01501369863,0.1501369863
"7995",0.939320875033442,0.01501369863,0.1501369863
"7996",0.939726180980644,0.01501369863,0.1501369863
"7997",0.939393580673582,0.01501369863,0.1501369863
"7998",0.939206727291546,0.01501369863,0.1501369863
"7999",0.940001555874953,0.01501369863,0.1501369863
"8000",0.94008610859972,0.01501369863,0.1501369863
"8001",0.940047091299121,0.01501369863,0.1501369863
"8002",0.942808581418678,0.016010958904,0.16010958904
"8003",0.942137623645953,0.016010958904,0.16010958904
"8004",0.942592617708223,0.016010958904,0.16010958904
"8005",0.943268405846074,0.016010958904,0.16010958904
"8006",0.942279218305219,0.016010958904,0.16010958904
"8007",0.942398831785944,0.016010958904,0.16010958904
"8008",0.942963064471747,0.016010958904,0.16010958904
"8009",0.943284616077699,0.016010958904,0.16010958904
"8010",0.942554412699123,0.016010958904,0.16010958904
"8011",0.942862088511707,0.016010958904,0.16010958904
"8012",0.943415143077512,0.016010958904,0.16010958904
"8013",0.942643760900738,0.016010958904,0.16010958904
"8014",0.942041169526144,0.016010958904,0.16010958904
"8015",0.942865337537603,0.016010958904,0.16010958904
"8016",0.942942194848016,0.016010958904,0.16010958904
"8017",0.941980897274428,0.016010958904,0.16010958904
"8018",0.942035878199772,0.016010958904,0.16010958904
"8019",0.942650843582725,0.016010958904,0.16010958904
"8020",0.94256841799844,0.016010958904,0.16010958904
"8021",0.942520655770019,0.016010958904,0.16010958904
"8022",0.942347610400531,0.016010958904,0.16010958904
"8023",0.94329806217236,0.016010958904,0.16010958904
"8024",0.943299867587287,0.016010958904,0.16010958904
"8025",0.943066767963189,0.016010958904,0.16010958904
"8026",0.942600045096214,0.016010958904,0.16010958904
"8027",0.942527786704237,0.016010958904,0.16010958904
"8028",0.943141555193762,0.016010958904,0.16010958904
"8029",0.942020144504376,0.016010958904,0.16010958904
"8030",0.942888354040894,0.016010958904,0.16010958904
"8031",0.943530675835858,0.016010958904,0.16010958904
"8032",0.942406857679943,0.016010958904,0.16010958904
"8033",0.942160221846035,0.016010958904,0.16010958904
"8034",0.942803208901344,0.016010958904,0.16010958904
"8035",0.942183886872234,0.016010958904,0.16010958904
"8036",0.942615197036866,0.016010958904,0.16010958904
"8037",0.942958896066696,0.016010958904,0.16010958904
"8038",0.942769102673202,0.016010958904,0.16010958904
"8039",0.942837214805515,0.016010958904,0.16010958904
"8040",0.942587344734052,0.016010958904,0.16010958904
"8041",0.942431107811301,0.016010958904,0.16010958904
"8042",0.942735491489205,0.016010958904,0.16010958904
"8043",0.943074912015385,0.016010958904,0.16010958904
"8044",0.942847376942999,0.016010958904,0.16010958904
"8045",0.942670492384473,0.016010958904,0.16010958904
"8046",0.942877480769986,0.016010958904,0.16010958904
"8047",0.943120350735194,0.016010958904,0.16010958904
"8048",0.943023419994882,0.016010958904,0.16010958904
"8049",0.942702549724494,0.016010958904,0.16010958904
"8050",0.942943792014882,0.016010958904,0.16010958904
"8051",0.942404612530313,0.016010958904,0.16010958904
"8052",0.942618092034009,0.016010958904,0.16010958904
"8053",0.942559265638115,0.016010958904,0.16010958904
"8054",0.943392896409341,0.016010958904,0.16010958904
"8055",0.943401671286263,0.016010958904,0.16010958904
"8056",0.942495896355909,0.016010958904,0.16010958904
"8057",0.942864988119419,0.016010958904,0.16010958904
"8058",0.942817117603609,0.016010958904,0.16010958904
"8059",0.942710784424164,0.016010958904,0.16010958904
"8060",0.94187354316182,0.016010958904,0.16010958904
"8061",0.942636270039289,0.016010958904,0.16010958904
"8062",0.942760171656237,0.016010958904,0.16010958904
"8063",0.942226967955524,0.016010958904,0.16010958904
"8064",0.942886618045483,0.016010958904,0.16010958904
"8065",0.942640153386107,0.016010958904,0.16010958904
"8066",0.942630819083957,0.016010958904,0.16010958904
"8067",0.943039544320344,0.016010958904,0.16010958904
"8068",0.942965520237769,0.016010958904,0.16010958904
"8069",0.94330536948096,0.016010958904,0.16010958904
"8070",0.942306572229599,0.016010958904,0.16010958904
"8071",0.943547745334547,0.016010958904,0.16010958904
"8072",0.943198119739242,0.016010958904,0.16010958904
"8073",0.942246733385171,0.016010958904,0.16010958904
"8074",0.943040200245362,0.016010958904,0.16010958904
"8075",0.942947869822755,0.016010958904,0.16010958904
"8076",0.942585554422354,0.016010958904,0.16010958904
"8077",0.941965258741311,0.016010958904,0.16010958904
"8078",0.942726592386284,0.016010958904,0.16010958904
"8079",0.94333337766327,0.016010958904,0.16010958904
"8080",0.942832055927246,0.016010958904,0.16010958904
"8081",0.942590012139086,0.016010958904,0.16010958904
"8082",0.943650096116602,0.016010958904,0.16010958904
"8083",0.942628415193845,0.016010958904,0.16010958904
"8084",0.94272747923208,0.016010958904,0.16010958904
"8085",0.942813877828926,0.016010958904,0.16010958904
"8086",0.942719451293876,0.016010958904,0.16010958904
"8087",0.942702631876574,0.016010958904,0.16010958904
"8088",0.943296097681543,0.016010958904,0.16010958904
"8089",0.943237282969553,0.016010958904,0.16010958904
"8090",0.942568289699285,0.016010958904,0.16010958904
"8091",0.942713007294322,0.016010958904,0.16010958904
"8092",0.942743283700728,0.016010958904,0.16010958904
"8093",0.942699988911993,0.016010958904,0.16010958904
"8094",0.942537604850967,0.016010958904,0.16010958904
"8095",0.942883832239658,0.016010958904,0.16010958904
"8096",0.943037221398191,0.016010958904,0.16010958904
"8097",0.942568397092609,0.016010958904,0.16010958904
"8098",0.942764475916209,0.016010958904,0.16010958904
"8099",0.942687797893282,0.016010958904,0.16010958904
"8100",0.942904862998446,0.016010958904,0.16010958904
"8101",0.942725519154316,0.016010958904,0.16010958904
"8102",0.942608017993597,0.016010958904,0.16010958904
"8103",0.942777665587871,0.016010958904,0.16010958904
"8104",0.942232076526878,0.016010958904,0.16010958904
"8105",0.94264819108665,0.016010958904,0.16010958904
"8106",0.942451221551073,0.016010958904,0.16010958904
"8107",0.94351939219325,0.016010958904,0.16010958904
"8108",0.9428220572521,0.016010958904,0.16010958904
"8109",0.943055122216231,0.016010958904,0.16010958904
"8110",0.942633311550214,0.016010958904,0.16010958904
"8111",0.942917404749447,0.016010958904,0.16010958904
"8112",0.9431798799276,0.016010958904,0.16010958904
"8113",0.942538071075882,0.016010958904,0.16010958904
"8114",0.943644694965947,0.016010958904,0.16010958904
"8115",0.943103626396229,0.016010958904,0.16010958904
"8116",0.942738479920619,0.016010958904,0.16010958904
"8117",0.943362121405346,0.016010958904,0.16010958904
"8118",0.942806154690727,0.016010958904,0.16010958904
"8119",0.942929732013282,0.016010958904,0.16010958904
"8120",0.942395218545855,0.016010958904,0.16010958904
"8121",0.942648033097635,0.016010958904,0.16010958904
"8122",0.943477521032394,0.016010958904,0.16010958904
"8123",0.942567585160919,0.016010958904,0.16010958904
"8124",0.942818481103184,0.016010958904,0.16010958904
"8125",0.942743503913869,0.016010958904,0.16010958904
"8126",0.943108974534835,0.016010958904,0.16010958904
"8127",0.942812947680095,0.016010958904,0.16010958904
"8128",0.942793861097149,0.016010958904,0.16010958904
"8129",0.942281512642703,0.016010958904,0.16010958904
"8130",0.942834271809695,0.016010958904,0.16010958904
"8131",0.943100636600549,0.016010958904,0.16010958904
"8132",0.942457507694134,0.016010958904,0.16010958904
"8133",0.942363573257117,0.016010958904,0.16010958904
"8134",0.943028317954709,0.016010958904,0.16010958904
"8135",0.943291574632152,0.016010958904,0.16010958904
"8136",0.942717462251136,0.016010958904,0.16010958904
"8137",0.94330390149383,0.016010958904,0.16010958904
"8138",0.942373454755017,0.016010958904,0.16010958904
"8139",0.943355627029015,0.016010958904,0.16010958904
"8140",0.942569074987031,0.016010958904,0.16010958904
"8141",0.94232762024571,0.016010958904,0.16010958904
"8142",0.942821731643029,0.016010958904,0.16010958904
"8143",0.942062597289159,0.016010958904,0.16010958904
"8144",0.943429235723378,0.016010958904,0.16010958904
"8145",0.942792894221874,0.016010958904,0.16010958904
"8146",0.941597597821879,0.016010958904,0.16010958904
"8147",0.942678159682193,0.016010958904,0.16010958904
"8148",0.943017619567629,0.016010958904,0.16010958904
"8149",0.94323849595756,0.016010958904,0.16010958904
"8150",0.942475477425573,0.016010958904,0.16010958904
"8151",0.942557903616717,0.016010958904,0.16010958904
"8152",0.943506897731548,0.016010958904,0.16010958904
"8153",0.942393715074805,0.016010958904,0.16010958904
"8154",0.942320739260388,0.016010958904,0.16010958904
"8155",0.942767098138261,0.016010958904,0.16010958904
"8156",0.942523946970486,0.016010958904,0.16010958904
"8157",0.942405879198828,0.016010958904,0.16010958904
"8158",0.942955361340616,0.016010958904,0.16010958904
"8159",0.942691624276931,0.016010958904,0.16010958904
"8160",0.943236399355696,0.016010958904,0.16010958904
"8161",0.943341558101536,0.016010958904,0.16010958904
"8162",0.942871147095521,0.016010958904,0.16010958904
"8163",0.942622890092886,0.016010958904,0.16010958904
"8164",0.942269251100996,0.016010958904,0.16010958904
"8165",0.941989402521249,0.016010958904,0.16010958904
"8166",0.942865290312599,0.016010958904,0.16010958904
"8167",0.942088577372142,0.016010958904,0.16010958904
"8168",0.943478157011479,0.016010958904,0.16010958904
"8169",0.942609784038272,0.016010958904,0.16010958904
"8170",0.943053548946179,0.016010958904,0.16010958904
"8171",0.942547134310651,0.016010958904,0.16010958904
"8172",0.942708565666349,0.016010958904,0.16010958904
"8173",0.942954901139435,0.016010958904,0.16010958904
"8174",0.942767606192807,0.016010958904,0.16010958904
"8175",0.943176024234125,0.016010958904,0.16010958904
"8176",0.942733627089347,0.016010958904,0.16010958904
"8177",0.942785422909503,0.016010958904,0.16010958904
"8178",0.942340501842552,0.016010958904,0.16010958904
"8179",0.943274667454694,0.016010958904,0.16010958904
"8180",0.94219359568972,0.016010958904,0.16010958904
"8181",0.943037239057606,0.016010958904,0.16010958904
"8182",0.94264130280538,0.016010958904,0.16010958904
"8183",0.942759839653702,0.016010958904,0.16010958904
"8184",0.942171170296086,0.016010958904,0.16010958904
"8185",0.943371527646753,0.016010958904,0.16010958904
"8186",0.942451812970596,0.016010958904,0.16010958904
"8187",0.942761440001516,0.016010958904,0.16010958904
"8188",0.94205294443496,0.016010958904,0.16010958904
"8189",0.942186806853976,0.016010958904,0.16010958904
"8190",0.942574631621402,0.016010958904,0.16010958904
"8191",0.942907096468416,0.016010958904,0.16010958904
"8192",0.942925114465635,0.016010958904,0.16010958904
"8193",0.942660928130498,0.016010958904,0.16010958904
"8194",0.94315395052519,0.016010958904,0.16010958904
"8195",0.94309287296162,0.016010958904,0.16010958904
"8196",0.942903699418311,0.016010958904,0.16010958904
"8197",0.942503758165723,0.016010958904,0.16010958904
"8198",0.942167712203067,0.016010958904,0.16010958904
"8199",0.942593696117984,0.016010958904,0.16010958904
"8200",0.942763302569523,0.016010958904,0.16010958904
"8201",0.943083311357723,0.016010958904,0.16010958904
"8202",0.942702293419302,0.016010958904,0.16010958904
"8203",0.94220692498846,0.016010958904,0.16010958904
"8204",0.94280888079669,0.016010958904,0.16010958904
"8205",0.943020898751939,0.016010958904,0.16010958904
"8206",0.943433075146602,0.016010958904,0.16010958904
"8207",0.942791123811124,0.016010958904,0.16010958904
"8208",0.942675287643926,0.016010958904,0.16010958904
"8209",0.943186430711095,0.016010958904,0.16010958904
"8210",0.942446636010139,0.016010958904,0.16010958904
"8211",0.942698328199213,0.016010958904,0.16010958904
"8212",0.943049111105402,0.016010958904,0.16010958904
"8213",0.942504179188574,0.016010958904,0.16010958904
"8214",0.942600227904958,0.016010958904,0.16010958904
"8215",0.942798890856737,0.016010958904,0.16010958904
"8216",0.942060724333541,0.016010958904,0.16010958904
"8217",0.942148472155949,0.016010958904,0.16010958904
"8218",0.943174208878252,0.016010958904,0.16010958904
"8219",0.942915067976479,0.016010958904,0.16010958904
"8220",0.942817060032433,0.016010958904,0.16010958904
"8221",0.943241556053157,0.016010958904,0.16010958904
"8222",0.94280333292094,0.016010958904,0.16010958904
"8223",0.942252710103359,0.016010958904,0.16010958904
"8224",0.943335848105364,0.016010958904,0.16010958904
"8225",0.942909177725813,0.016010958904,0.16010958904
"8226",0.942653039802763,0.016010958904,0.16010958904
"8227",0.94254528694017,0.016010958904,0.16010958904
"8228",0.942307352997463,0.016010958904,0.16010958904
"8229",0.942926924535881,0.016010958904,0.16010958904
"8230",0.943272075110551,0.016010958904,0.16010958904
"8231",0.942203523033693,0.016010958904,0.16010958904
"8232",0.942061408298792,0.016010958904,0.16010958904
"8233",0.943509779707829,0.016010958904,0.16010958904
"8234",0.942751338366867,0.016010958904,0.16010958904
"8235",0.942312410447022,0.016010958904,0.16010958904
"8236",0.942669560221698,0.016010958904,0.16010958904
"8237",0.943173879085744,0.016010958904,0.16010958904
"8238",0.942885728978479,0.016010958904,0.16010958904
"8239",0.942369846421629,0.016010958904,0.16010958904
"8240",0.942801536066475,0.016010958904,0.16010958904
"8241",0.94270758208698,0.016010958904,0.16010958904
"8242",0.94261082972744,0.016010958904,0.16010958904
"8243",0.943097911258873,0.016010958904,0.16010958904
"8244",0.943085141133838,0.016010958904,0.16010958904
"8245",0.942977592693586,0.016010958904,0.16010958904
"8246",0.943280975669848,0.016010958904,0.16010958904
"8247",0.9427723588643,0.016010958904,0.16010958904
"8248",0.942883551499484,0.016010958904,0.16010958904
"8249",0.942483447478564,0.016010958904,0.16010958904
"8250",0.943266044654116,0.016010958904,0.16010958904
"8251",0.94284887202748,0.016010958904,0.16010958904
"8252",0.942359824838591,0.016010958904,0.16010958904
"8253",0.942473593276075,0.016010958904,0.16010958904
"8254",0.94302996915497,0.016010958904,0.16010958904
"8255",0.942665712792916,0.016010958904,0.16010958904
"8256",0.942756110619247,0.016010958904,0.16010958904
"8257",0.942801011551178,0.016010958904,0.16010958904
"8258",0.942253860816029,0.016010958904,0.16010958904
"8259",0.94272168996809,0.016010958904,0.16010958904
"8260",0.942316679028782,0.016010958904,0.16010958904
"8261",0.942781595354041,0.016010958904,0.16010958904
"8262",0.942713024698009,0.016010958904,0.16010958904
"8263",0.94264693802295,0.016010958904,0.16010958904
"8264",0.942456062536213,0.016010958904,0.16010958904
"8265",0.942643306159007,0.016010958904,0.16010958904
"8266",0.942861391648374,0.016010958904,0.16010958904
"8267",0.943103282892005,0.016010958904,0.16010958904
"8268",0.942691132065369,0.016010958904,0.16010958904
"8269",0.942803284704348,0.016010958904,0.16010958904
"8270",0.94272194055445,0.016010958904,0.16010958904
"8271",0.942635538265592,0.016010958904,0.16010958904
"8272",0.943162266108406,0.016010958904,0.16010958904
"8273",0.943375882511571,0.016010958904,0.16010958904
"8274",0.942063545384515,0.016010958904,0.16010958904
"8275",0.94373964968483,0.016010958904,0.16010958904
"8276",0.941968929020957,0.016010958904,0.16010958904
"8277",0.942872227045628,0.016010958904,0.16010958904
"8278",0.942596427839178,0.016010958904,0.16010958904
"8279",0.942989912436938,0.016010958904,0.16010958904
"8280",0.94249729303499,0.016010958904,0.16010958904
"8281",0.94266007571599,0.016010958904,0.16010958904
"8282",0.943106905521116,0.016010958904,0.16010958904
"8283",0.942890408158076,0.016010958904,0.16010958904
"8284",0.943011819497019,0.016010958904,0.16010958904
"8285",0.942314875019068,0.016010958904,0.16010958904
"8286",0.942570445256609,0.016010958904,0.16010958904
"8287",0.942719220558532,0.016010958904,0.16010958904
"8288",0.943069462681806,0.016010958904,0.16010958904
"8289",0.94331629913034,0.016010958904,0.16010958904
"8290",0.942723460206446,0.016010958904,0.16010958904
"8291",0.9425793857743,0.016010958904,0.16010958904
"8292",0.943237696508852,0.016010958904,0.16010958904
"8293",0.943024268154644,0.016010958904,0.16010958904
"8294",0.942516352673698,0.016010958904,0.16010958904
"8295",0.942947730284232,0.016010958904,0.16010958904
"8296",0.943181190984823,0.016010958904,0.16010958904
"8297",0.942274089954767,0.016010958904,0.16010958904
"8298",0.942913305035835,0.016010958904,0.16010958904
"8299",0.942479320778319,0.016010958904,0.16010958904
"8300",0.943080335026795,0.016010958904,0.16010958904
"8301",0.942881704869307,0.016010958904,0.16010958904
"8302",0.942956631357682,0.016010958904,0.16010958904
"8303",0.942260411234232,0.016010958904,0.16010958904
"8304",0.942528186948683,0.016010958904,0.16010958904
"8305",0.94338526504923,0.016010958904,0.16010958904
"8306",0.942544356191803,0.016010958904,0.16010958904
"8307",0.942229846397963,0.016010958904,0.16010958904
"8308",0.942907530189123,0.016010958904,0.16010958904
"8309",0.942423074692474,0.016010958904,0.16010958904
"8310",0.943007639815876,0.016010958904,0.16010958904
"8311",0.943145995961181,0.016010958904,0.16010958904
"8312",0.942744737485674,0.016010958904,0.16010958904
"8313",0.942312268557612,0.016010958904,0.16010958904
"8314",0.942827894736285,0.016010958904,0.16010958904
"8315",0.942670383408363,0.016010958904,0.16010958904
"8316",0.942605062775597,0.016010958904,0.16010958904
"8317",0.943041003722803,0.016010958904,0.16010958904
"8318",0.942546586234313,0.016010958904,0.16010958904
"8319",0.942548591840895,0.016010958904,0.16010958904
"8320",0.942382990571855,0.016010958904,0.16010958904
"8321",0.943148620673683,0.016010958904,0.16010958904
"8322",0.942530030308815,0.016010958904,0.16010958904
"8323",0.94231559253285,0.016010958904,0.16010958904
"8324",0.942678738384806,0.016010958904,0.16010958904
"8325",0.943467597667809,0.016010958904,0.16010958904
"8326",0.943315114513699,0.016010958904,0.16010958904
"8327",0.942612645644778,0.016010958904,0.16010958904
"8328",0.942380753529735,0.016010958904,0.16010958904
"8329",0.943342645320517,0.016010958904,0.16010958904
"8330",0.943023746267953,0.016010958904,0.16010958904
"8331",0.942587912322619,0.016010958904,0.16010958904
"8332",0.94266279627525,0.016010958904,0.16010958904
"8333",0.942891694416427,0.016010958904,0.16010958904
"8334",0.942931120870544,0.016010958904,0.16010958904
"8335",0.943412835685441,0.016010958904,0.16010958904
"8336",0.942142390488036,0.016010958904,0.16010958904
"8337",0.942545935903933,0.016010958904,0.16010958904
"8338",0.942733180834603,0.016010958904,0.16010958904
"8339",0.942656770022288,0.016010958904,0.16010958904
"8340",0.942681369045121,0.016010958904,0.16010958904
"8341",0.942924596835821,0.016010958904,0.16010958904
"8342",0.94239878881941,0.016010958904,0.16010958904
"8343",0.94267711618665,0.016010958904,0.16010958904
"8344",0.942686224719879,0.016010958904,0.16010958904
"8345",0.942824087455961,0.016010958904,0.16010958904
"8346",0.942670101218707,0.016010958904,0.16010958904
"8347",0.943640319950582,0.016010958904,0.16010958904
"8348",0.942969091451557,0.016010958904,0.16010958904
"8349",0.942651408400672,0.016010958904,0.16010958904
"8350",0.942910568339962,0.016010958904,0.16010958904
"8351",0.94323032453164,0.016010958904,0.16010958904
"8352",0.942755554800644,0.016010958904,0.16010958904
"8353",0.94334645314244,0.016010958904,0.16010958904
"8354",0.942512822623082,0.016010958904,0.16010958904
"8355",0.941897816110765,0.016010958904,0.16010958904
"8356",0.942487553775018,0.016010958904,0.16010958904
"8357",0.94314041835319,0.016010958904,0.16010958904
"8358",0.942374208439007,0.016010958904,0.16010958904
"8359",0.94237044234,0.016010958904,0.16010958904
"8360",0.942522791526516,0.016010958904,0.16010958904
"8361",0.943115805976382,0.016010958904,0.16010958904
"8362",0.942629516760369,0.016010958904,0.16010958904
"8363",0.942805699753567,0.016010958904,0.16010958904
"8364",0.942777835989151,0.016010958904,0.16010958904
"8365",0.942339639900812,0.016010958904,0.16010958904
"8366",0.942526507935261,0.016010958904,0.16010958904
"8367",0.942937536467383,0.016010958904,0.16010958904
"8368",0.942745697265105,0.016010958904,0.16010958904
"8369",0.943242736385552,0.016010958904,0.16010958904
"8370",0.943498259264816,0.016010958904,0.16010958904
"8371",0.942494349223804,0.016010958904,0.16010958904
"8372",0.942400164469439,0.016010958904,0.16010958904
"8373",0.942378731030618,0.016010958904,0.16010958904
"8374",0.94346777404324,0.016010958904,0.16010958904
"8375",0.94239134943268,0.016010958904,0.16010958904
"8376",0.94305410050909,0.016010958904,0.16010958904
"8377",0.943218293292921,0.016010958904,0.16010958904
"8378",0.94252546580203,0.016010958904,0.16010958904
"8379",0.942504612178072,0.016010958904,0.16010958904
"8380",0.942709094843751,0.016010958904,0.16010958904
"8381",0.942868847081553,0.016010958904,0.16010958904
"8382",0.942475924541444,0.016010958904,0.16010958904
"8383",0.942898104286054,0.016010958904,0.16010958904
"8384",0.942610179398132,0.016010958904,0.16010958904
"8385",0.942619935211336,0.016010958904,0.16010958904
"8386",0.942568809980446,0.016010958904,0.16010958904
"8387",0.942880028399144,0.016010958904,0.16010958904
"8388",0.942739936804955,0.016010958904,0.16010958904
"8389",0.942636939947635,0.016010958904,0.16010958904
"8390",0.942728174333842,0.016010958904,0.16010958904
"8391",0.942517334935966,0.016010958904,0.16010958904
"8392",0.943276716886136,0.016010958904,0.16010958904
"8393",0.942727271719137,0.016010958904,0.16010958904
"8394",0.942526656129974,0.016010958904,0.16010958904
"8395",0.943052070533209,0.016010958904,0.16010958904
"8396",0.942284690203074,0.016010958904,0.16010958904
"8397",0.942869045225396,0.016010958904,0.16010958904
"8398",0.942815654931881,0.016010958904,0.16010958904
"8399",0.943142788501498,0.016010958904,0.16010958904
"8400",0.942945618027881,0.016010958904,0.16010958904
"8401",0.943291245521676,0.016010958904,0.16010958904
"8402",0.942121048308754,0.016010958904,0.16010958904
"8403",0.942963493809207,0.016010958904,0.16010958904
"8404",0.943043226935447,0.016010958904,0.16010958904
"8405",0.942694880257654,0.016010958904,0.16010958904
"8406",0.942673722468739,0.016010958904,0.16010958904
"8407",0.942868055389551,0.016010958904,0.16010958904
"8408",0.943046465803082,0.016010958904,0.16010958904
"8409",0.942708142792241,0.016010958904,0.16010958904
"8410",0.94284317304458,0.016010958904,0.16010958904
"8411",0.943444719053862,0.016010958904,0.16010958904
"8412",0.942905831135925,0.016010958904,0.16010958904
"8413",0.942822600620794,0.016010958904,0.16010958904
"8414",0.943231883136805,0.016010958904,0.16010958904
"8415",0.942559911332202,0.016010958904,0.16010958904
"8416",0.942761657364738,0.016010958904,0.16010958904
"8417",0.942981974459455,0.016010958904,0.16010958904
"8418",0.942240388027328,0.016010958904,0.16010958904
"8419",0.942728789204614,0.016010958904,0.16010958904
"8420",0.943118333067848,0.016010958904,0.16010958904
"8421",0.942863235018214,0.016010958904,0.16010958904
"8422",0.94278352940372,0.016010958904,0.16010958904
"8423",0.943089762888106,0.016010958904,0.16010958904
"8424",0.942419663515189,0.016010958904,0.16010958904
"8425",0.943055025825215,0.016010958904,0.16010958904
"8426",0.942740828640687,0.016010958904,0.16010958904
"8427",0.943327592499064,0.016010958904,0.16010958904
"8428",0.942733731945523,0.016010958904,0.16010958904
"8429",0.94292801192317,0.016010958904,0.16010958904
"8430",0.942892224720973,0.016010958904,0.16010958904
"8431",0.942964486671799,0.016010958904,0.16010958904
"8432",0.943195355691798,0.016010958904,0.16010958904
"8433",0.942604758911359,0.016010958904,0.16010958904
"8434",0.943185869829799,0.016010958904,0.16010958904
"8435",0.942975324280686,0.016010958904,0.16010958904
"8436",0.942708504405205,0.016010958904,0.16010958904
"8437",0.942531274386217,0.016010958904,0.16010958904
"8438",0.942962141206139,0.016010958904,0.16010958904
"8439",0.943218254013515,0.016010958904,0.16010958904
"8440",0.942571225945696,0.016010958904,0.16010958904
"8441",0.942899615086526,0.016010958904,0.16010958904
"8442",0.94292215922989,0.016010958904,0.16010958904
"8443",0.942722388999403,0.016010958904,0.16010958904
"8444",0.942851418594461,0.016010958904,0.16010958904
"8445",0.942423298948681,0.016010958904,0.16010958904
"8446",0.942823535484362,0.016010958904,0.16010958904
"8447",0.942940525391836,0.016010958904,0.16010958904
"8448",0.942652712318971,0.016010958904,0.16010958904
"8449",0.942763506840962,0.016010958904,0.16010958904
"8450",0.942325395289765,0.016010958904,0.16010958904
"8451",0.943308143712284,0.016010958904,0.16010958904
"8452",0.94264042552796,0.016010958904,0.16010958904
"8453",0.943115465675063,0.016010958904,0.16010958904
"8454",0.942656042934884,0.016010958904,0.16010958904
"8455",0.942434381662567,0.016010958904,0.16010958904
"8456",0.942249866504926,0.016010958904,0.16010958904
"8457",0.942835350728871,0.016010958904,0.16010958904
"8458",0.942429566103398,0.016010958904,0.16010958904
"8459",0.943008155520117,0.016010958904,0.16010958904
"8460",0.942879353197737,0.016010958904,0.16010958904
"8461",0.942998095645202,0.016010958904,0.16010958904
"8462",0.942994383648297,0.016010958904,0.16010958904
"8463",0.942847983168386,0.016010958904,0.16010958904
"8464",0.942564519319724,0.016010958904,0.16010958904
"8465",0.942882562969405,0.016010958904,0.16010958904
"8466",0.943568551671136,0.016010958904,0.16010958904
"8467",0.942646411143675,0.016010958904,0.16010958904
"8468",0.942719250040274,0.016010958904,0.16010958904
"8469",0.94286340762084,0.016010958904,0.16010958904
"8470",0.942933933973141,0.016010958904,0.16010958904
"8471",0.942203490349421,0.016010958904,0.16010958904
"8472",0.943117846372029,0.016010958904,0.16010958904
"8473",0.942376300750524,0.016010958904,0.16010958904
"8474",0.942844810699989,0.016010958904,0.16010958904
"8475",0.942554172381245,0.016010958904,0.16010958904
"8476",0.942533456636893,0.016010958904,0.16010958904
"8477",0.943227916493817,0.016010958904,0.16010958904
"8478",0.943055055501049,0.016010958904,0.16010958904
"8479",0.942818299764955,0.016010958904,0.16010958904
"8480",0.94278818956593,0.016010958904,0.16010958904
"8481",0.943035847907181,0.016010958904,0.16010958904
"8482",0.943191170477656,0.016010958904,0.16010958904
"8483",0.942880764752321,0.016010958904,0.16010958904
"8484",0.943274680498437,0.016010958904,0.16010958904
"8485",0.942730202451143,0.016010958904,0.16010958904
"8486",0.943150210557136,0.016010958904,0.16010958904
"8487",0.943256793194802,0.016010958904,0.16010958904
"8488",0.943320285838633,0.016010958904,0.16010958904
"8489",0.942590480577131,0.016010958904,0.16010958904
"8490",0.943047119084514,0.016010958904,0.16010958904
"8491",0.94290565292469,0.016010958904,0.16010958904
"8492",0.942614257484379,0.016010958904,0.16010958904
"8493",0.943133302097076,0.016010958904,0.16010958904
"8494",0.942334468265802,0.016010958904,0.16010958904
"8495",0.942863486407697,0.016010958904,0.16010958904
"8496",0.942303431772648,0.016010958904,0.16010958904
"8497",0.942331226729693,0.016010958904,0.16010958904
"8498",0.943287000681116,0.016010958904,0.16010958904
"8499",0.942640681144941,0.016010958904,0.16010958904
"8500",0.943297280128778,0.016010958904,0.16010958904
"8501",0.942773111011858,0.016010958904,0.16010958904
"8502",0.946006325337885,0.017008219178,0.17008219178
"8503",0.946542723734432,0.017008219178,0.17008219178
"8504",0.947016192811972,0.017008219178,0.17008219178
"8505",0.946534726707818,0.017008219178,0.17008219178
"8506",0.946230140177607,0.017008219178,0.17008219178
"8507",0.946118870882902,0.017008219178,0.17008219178
"8508",0.945904618537001,0.017008219178,0.17008219178
"8509",0.94636667120726,0.017008219178,0.17008219178
"8510",0.945909949146965,0.017008219178,0.17008219178
"8511",0.946480736088787,0.017008219178,0.17008219178
"8512",0.945942925415729,0.017008219178,0.17008219178
"8513",0.946169561932958,0.017008219178,0.17008219178
"8514",0.945878215184978,0.017008219178,0.17008219178
"8515",0.945948071751682,0.017008219178,0.17008219178
"8516",0.946383160747895,0.017008219178,0.17008219178
"8517",0.946575751162559,0.017008219178,0.17008219178
"8518",0.945867624310362,0.017008219178,0.17008219178
"8519",0.946340972330748,0.017008219178,0.17008219178
"8520",0.945880859959276,0.017008219178,0.17008219178
"8521",0.947245276292738,0.017008219178,0.17008219178
"8522",0.946641882739815,0.017008219178,0.17008219178
"8523",0.94572983690654,0.017008219178,0.17008219178
"8524",0.94631822306175,0.017008219178,0.17008219178
"8525",0.946199644139565,0.017008219178,0.17008219178
"8526",0.946159869103188,0.017008219178,0.17008219178
"8527",0.946187918600302,0.017008219178,0.17008219178
"8528",0.946304757462914,0.017008219178,0.17008219178
"8529",0.945887716294426,0.017008219178,0.17008219178
"8530",0.94601755630877,0.017008219178,0.17008219178
"8531",0.946107472248689,0.017008219178,0.17008219178
"8532",0.946500488092565,0.017008219178,0.17008219178
"8533",0.946286626228631,0.017008219178,0.17008219178
"8534",0.94599919844425,0.017008219178,0.17008219178
"8535",0.946189785095433,0.017008219178,0.17008219178
"8536",0.945634588156734,0.017008219178,0.17008219178
"8537",0.946502965187143,0.017008219178,0.17008219178
"8538",0.946936840294974,0.017008219178,0.17008219178
"8539",0.946488875390383,0.017008219178,0.17008219178
"8540",0.946242111736547,0.017008219178,0.17008219178
"8541",0.946466832130411,0.017008219178,0.17008219178
"8542",0.946713218239933,0.017008219178,0.17008219178
"8543",0.946172091086836,0.017008219178,0.17008219178
"8544",0.946043476286875,0.017008219178,0.17008219178
"8545",0.945442403084246,0.017008219178,0.17008219178
"8546",0.946026075724221,0.017008219178,0.17008219178
"8547",0.946381720703765,0.017008219178,0.17008219178
"8548",0.946322510800453,0.017008219178,0.17008219178
"8549",0.946516787132567,0.017008219178,0.17008219178
"8550",0.946544558253661,0.017008219178,0.17008219178
"8551",0.946104070883454,0.017008219178,0.17008219178
"8552",0.945713880351783,0.017008219178,0.17008219178
"8553",0.946542149455172,0.017008219178,0.17008219178
"8554",0.946180097096588,0.017008219178,0.17008219178
"8555",0.945769692822202,0.017008219178,0.17008219178
"8556",0.946074131383883,0.017008219178,0.17008219178
"8557",0.94618059343255,0.017008219178,0.17008219178
"8558",0.946225540654328,0.017008219178,0.17008219178
"8559",0.945996196069144,0.017008219178,0.17008219178
"8560",0.946283740921049,0.017008219178,0.17008219178
"8561",0.945892357607545,0.017008219178,0.17008219178
"8562",0.945784451147587,0.017008219178,0.17008219178
"8563",0.946680210132218,0.017008219178,0.17008219178
"8564",0.945924652391226,0.017008219178,0.17008219178
"8565",0.946584413304562,0.017008219178,0.17008219178
"8566",0.946008307658967,0.017008219178,0.17008219178
"8567",0.94598507672784,0.017008219178,0.17008219178
"8568",0.94516085244992,0.017008219178,0.17008219178
"8569",0.946408710864575,0.017008219178,0.17008219178
"8570",0.946273346548909,0.017008219178,0.17008219178
"8571",0.946223845677437,0.017008219178,0.17008219178
"8572",0.945834258780071,0.017008219178,0.17008219178
"8573",0.946176338985799,0.017008219178,0.17008219178
"8574",0.945846889350965,0.017008219178,0.17008219178
"8575",0.946189869633177,0.017008219178,0.17008219178
"8576",0.946119152828786,0.017008219178,0.17008219178
"8577",0.946534555086103,0.017008219178,0.17008219178
"8578",0.946412224200086,0.017008219178,0.17008219178
"8579",0.946451809572318,0.017008219178,0.17008219178
"8580",0.946005916786829,0.017008219178,0.17008219178
"8581",0.94634657588307,0.017008219178,0.17008219178
"8582",0.946007708089269,0.017008219178,0.17008219178
"8583",0.946093376542497,0.017008219178,0.17008219178
"8584",0.946406959436929,0.017008219178,0.17008219178
"8585",0.94697786614434,0.017008219178,0.17008219178
"8586",0.945928118984193,0.017008219178,0.17008219178
"8587",0.945942537493769,0.017008219178,0.17008219178
"8588",0.946466272131694,0.017008219178,0.17008219178
"8589",0.945498983739648,0.017008219178,0.17008219178
"8590",0.945717157198812,0.017008219178,0.17008219178
"8591",0.946159052329089,0.017008219178,0.17008219178
"8592",0.946427948394626,0.017008219178,0.17008219178
"8593",0.946695231064871,0.017008219178,0.17008219178
"8594",0.94597521783577,0.017008219178,0.17008219178
"8595",0.946516020064701,0.017008219178,0.17008219178
"8596",0.946031204471153,0.017008219178,0.17008219178
"8597",0.946370888596997,0.017008219178,0.17008219178
"8598",0.946403765591735,0.017008219178,0.17008219178
"8599",0.946208252859864,0.017008219178,0.17008219178
"8600",0.946711070930634,0.017008219178,0.17008219178
"8601",0.946311436358586,0.017008219178,0.17008219178
"8602",0.94597852320334,0.017008219178,0.17008219178
"8603",0.946502517131299,0.017008219178,0.17008219178
"8604",0.946309096091069,0.017008219178,0.17008219178
"8605",0.946086720923925,0.017008219178,0.17008219178
"8606",0.945871754149161,0.017008219178,0.17008219178
"8607",0.946425568253187,0.017008219178,0.17008219178
"8608",0.946024389702242,0.017008219178,0.17008219178
"8609",0.946528587288023,0.017008219178,0.17008219178
"8610",0.946587272650174,0.017008219178,0.17008219178
"8611",0.945866766077058,0.017008219178,0.17008219178
"8612",0.945678830961569,0.017008219178,0.17008219178
"8613",0.946028707772963,0.017008219178,0.17008219178
"8614",0.946536830635429,0.017008219178,0.17008219178
"8615",0.94663992323756,0.017008219178,0.17008219178
"8616",0.946448691915726,0.017008219178,0.17008219178
"8617",0.94650322292413,0.017008219178,0.17008219178
"8618",0.946098523861028,0.017008219178,0.17008219178
"8619",0.945616705997974,0.017008219178,0.17008219178
"8620",0.945460593359182,0.017008219178,0.17008219178
"8621",0.946005276549009,0.017008219178,0.17008219178
"8622",0.94641353267222,0.017008219178,0.17008219178
"8623",0.946087216904084,0.017008219178,0.17008219178
"8624",0.946360662379325,0.017008219178,0.17008219178
"8625",0.946277923562849,0.017008219178,0.17008219178
"8626",0.946124625931407,0.017008219178,0.17008219178
"8627",0.945964185982672,0.017008219178,0.17008219178
"8628",0.946384371012017,0.017008219178,0.17008219178
"8629",0.946124829993391,0.017008219178,0.17008219178
"8630",0.945899529316132,0.017008219178,0.17008219178
"8631",0.946250662848842,0.017008219178,0.17008219178
"8632",0.946796940827283,0.017008219178,0.17008219178
"8633",0.945639200190692,0.017008219178,0.17008219178
"8634",0.946530865185532,0.017008219178,0.17008219178
"8635",0.946561706392759,0.017008219178,0.17008219178
"8636",0.945643834374408,0.017008219178,0.17008219178
"8637",0.946864590874939,0.017008219178,0.17008219178
"8638",0.946380878160896,0.017008219178,0.17008219178
"8639",0.946573995691267,0.017008219178,0.17008219178
"8640",0.94626296658979,0.017008219178,0.17008219178
"8641",0.946657631688141,0.017008219178,0.17008219178
"8642",0.94584268583461,0.017008219178,0.17008219178
"8643",0.946476681284464,0.017008219178,0.17008219178
"8644",0.946355164813712,0.017008219178,0.17008219178
"8645",0.946254292343721,0.017008219178,0.17008219178
"8646",0.946726028247446,0.017008219178,0.17008219178
"8647",0.945888742594046,0.017008219178,0.17008219178
"8648",0.946064168263425,0.017008219178,0.17008219178
"8649",0.94646488320367,0.017008219178,0.17008219178
"8650",0.946895781985737,0.017008219178,0.17008219178
"8651",0.946270704393256,0.017008219178,0.17008219178
"8652",0.946442187282582,0.017008219178,0.17008219178
"8653",0.945920867375732,0.017008219178,0.17008219178
"8654",0.947305054561766,0.017008219178,0.17008219178
"8655",0.946505449444167,0.017008219178,0.17008219178
"8656",0.946803127334989,0.017008219178,0.17008219178
"8657",0.94637444694765,0.017008219178,0.17008219178
"8658",0.946538029901236,0.017008219178,0.17008219178
"8659",0.94662229789498,0.017008219178,0.17008219178
"8660",0.946349622828844,0.017008219178,0.17008219178
"8661",0.945898239972964,0.017008219178,0.17008219178
"8662",0.94677149037805,0.017008219178,0.17008219178
"8663",0.946139249289957,0.017008219178,0.17008219178
"8664",0.946921455835966,0.017008219178,0.17008219178
"8665",0.946002235951806,0.017008219178,0.17008219178
"8666",0.946103078364913,0.017008219178,0.17008219178
"8667",0.946342431365899,0.017008219178,0.17008219178
"8668",0.945887399044005,0.017008219178,0.17008219178
"8669",0.946138435666653,0.017008219178,0.17008219178
"8670",0.946183556949215,0.017008219178,0.17008219178
"8671",0.946517498532927,0.017008219178,0.17008219178
"8672",0.945664923828007,0.017008219178,0.17008219178
"8673",0.946006295933073,0.017008219178,0.17008219178
"8674",0.946062263132153,0.017008219178,0.17008219178
"8675",0.946273647660422,0.017008219178,0.17008219178
"8676",0.945993321379555,0.017008219178,0.17008219178
"8677",0.94586026111249,0.017008219178,0.17008219178
"8678",0.945765790832609,0.017008219178,0.17008219178
"8679",0.946361600630736,0.017008219178,0.17008219178
"8680",0.946662322007134,0.017008219178,0.17008219178
"8681",0.946501964486428,0.017008219178,0.17008219178
"8682",0.94658137672094,0.017008219178,0.17008219178
"8683",0.946094469383908,0.017008219178,0.17008219178
"8684",0.946142765405217,0.017008219178,0.17008219178
"8685",0.946511319197226,0.017008219178,0.17008219178
"8686",0.947289068476451,0.017008219178,0.17008219178
"8687",0.946557529907513,0.017008219178,0.17008219178
"8688",0.946284248652284,0.017008219178,0.17008219178
"8689",0.94623495831076,0.017008219178,0.17008219178
"8690",0.946388215215678,0.017008219178,0.17008219178
"8691",0.946030036786991,0.017008219178,0.17008219178
"8692",0.9463059699732,0.017008219178,0.17008219178
"8693",0.946248970393942,0.017008219178,0.17008219178
"8694",0.946251481840854,0.017008219178,0.17008219178
"8695",0.946341080813121,0.017008219178,0.17008219178
"8696",0.946411575838038,0.017008219178,0.17008219178
"8697",0.946829628014676,0.017008219178,0.17008219178
"8698",0.946014306363454,0.017008219178,0.17008219178
"8699",0.946035406346563,0.017008219178,0.17008219178
"8700",0.946982222407608,0.017008219178,0.17008219178
"8701",0.946137758381612,0.017008219178,0.17008219178
"8702",0.946503922754682,0.017008219178,0.17008219178
"8703",0.945819682347126,0.017008219178,0.17008219178
"8704",0.946274426118513,0.017008219178,0.17008219178
"8705",0.946085681487785,0.017008219178,0.17008219178
"8706",0.945641788052314,0.017008219178,0.17008219178
"8707",0.945866262619348,0.017008219178,0.17008219178
"8708",0.946151983817412,0.017008219178,0.17008219178
"8709",0.946722091953961,0.017008219178,0.17008219178
"8710",0.946590019525686,0.017008219178,0.17008219178
"8711",0.946200047765964,0.017008219178,0.17008219178
"8712",0.946041071478513,0.017008219178,0.17008219178
"8713",0.946719231042021,0.017008219178,0.17008219178
"8714",0.945774902493116,0.017008219178,0.17008219178
"8715",0.946801771619188,0.017008219178,0.17008219178
"8716",0.946592976732503,0.017008219178,0.17008219178
"8717",0.946425646285862,0.017008219178,0.17008219178
"8718",0.946543712684188,0.017008219178,0.17008219178
"8719",0.945875840857977,0.017008219178,0.17008219178
"8720",0.946426520337404,0.017008219178,0.17008219178
"8721",0.946137148219004,0.017008219178,0.17008219178
"8722",0.946101868826812,0.017008219178,0.17008219178
"8723",0.946244065548568,0.017008219178,0.17008219178
"8724",0.94610797003236,0.017008219178,0.17008219178
"8725",0.946350592274426,0.017008219178,0.17008219178
"8726",0.946428717965346,0.017008219178,0.17008219178
"8727",0.946691045224462,0.017008219178,0.17008219178
"8728",0.946257076908035,0.017008219178,0.17008219178
"8729",0.945681708863975,0.017008219178,0.17008219178
"8730",0.946431156998754,0.017008219178,0.17008219178
"8731",0.946565463070538,0.017008219178,0.17008219178
"8732",0.945833040218479,0.017008219178,0.17008219178
"8733",0.945813027204037,0.017008219178,0.17008219178
"8734",0.946550674764132,0.017008219178,0.17008219178
"8735",0.945789756892803,0.017008219178,0.17008219178
"8736",0.946752400802123,0.017008219178,0.17008219178
"8737",0.945747705579151,0.017008219178,0.17008219178
"8738",0.946812046497087,0.017008219178,0.17008219178
"8739",0.946620636251973,0.017008219178,0.17008219178
"8740",0.946147621217021,0.017008219178,0.17008219178
"8741",0.946103952792708,0.017008219178,0.17008219178
"8742",0.945859911590675,0.017008219178,0.17008219178
"8743",0.946473701911696,0.017008219178,0.17008219178
"8744",0.946184334500702,0.017008219178,0.17008219178
"8745",0.945787668494125,0.017008219178,0.17008219178
"8746",0.945961511953523,0.017008219178,0.17008219178
"8747",0.945848673032144,0.017008219178,0.17008219178
"8748",0.945971205375626,0.017008219178,0.17008219178
"8749",0.94585073172244,0.017008219178,0.17008219178
"8750",0.945369622238799,0.017008219178,0.17008219178
"8751",0.946160670573778,0.017008219178,0.17008219178
"8752",0.946133452432326,0.017008219178,0.17008219178
"8753",0.946566954656745,0.017008219178,0.17008219178
"8754",0.946101713516862,0.017008219178,0.17008219178
"8755",0.945561073439125,0.017008219178,0.17008219178
"8756",0.946314473356386,0.017008219178,0.17008219178
"8757",0.94605948184351,0.017008219178,0.17008219178
"8758",0.946454048502051,0.017008219178,0.17008219178
"8759",0.947040101763228,0.017008219178,0.17008219178
"8760",0.945836046104739,0.017008219178,0.17008219178
"8761",0.946822330311783,0.017008219178,0.17008219178
"8762",0.946517763303816,0.017008219178,0.17008219178
"8763",0.946115695204761,0.017008219178,0.17008219178
"8764",0.946245165767047,0.017008219178,0.17008219178
"8765",0.946189181267533,0.017008219178,0.17008219178
"8766",0.945736469801416,0.017008219178,0.17008219178
"8767",0.946383921100711,0.017008219178,0.17008219178
"8768",0.945971334122332,0.017008219178,0.17008219178
"8769",0.94632637254463,0.017008219178,0.17008219178
"8770",0.946277825631539,0.017008219178,0.17008219178
"8771",0.946609063722434,0.017008219178,0.17008219178
"8772",0.946722897711685,0.017008219178,0.17008219178
"8773",0.946396821476232,0.017008219178,0.17008219178
"8774",0.946604123289409,0.017008219178,0.17008219178
"8775",0.94660119435907,0.017008219178,0.17008219178
"8776",0.946771806213646,0.017008219178,0.17008219178
"8777",0.945835654871282,0.017008219178,0.17008219178
"8778",0.94585251656485,0.017008219178,0.17008219178
"8779",0.946379483061068,0.017008219178,0.17008219178
"8780",0.946345281862013,0.017008219178,0.17008219178
"8781",0.946285191172589,0.017008219178,0.17008219178
"8782",0.946474262470852,0.017008219178,0.17008219178
"8783",0.94577437476057,0.017008219178,0.17008219178
"8784",0.946115146259319,0.017008219178,0.17008219178
"8785",0.946177288062045,0.017008219178,0.17008219178
"8786",0.946847003994652,0.017008219178,0.17008219178
"8787",0.946329432020008,0.017008219178,0.17008219178
"8788",0.946337057770591,0.017008219178,0.17008219178
"8789",0.946402407726978,0.017008219178,0.17008219178
"8790",0.945501952887538,0.017008219178,0.17008219178
"8791",0.945977433163308,0.017008219178,0.17008219178
"8792",0.946465742490496,0.017008219178,0.17008219178
"8793",0.946406069261055,0.017008219178,0.17008219178
"8794",0.946351465105192,0.017008219178,0.17008219178
"8795",0.946512191272704,0.017008219178,0.17008219178
"8796",0.945693699011971,0.017008219178,0.17008219178
"8797",0.946303039284197,0.017008219178,0.17008219178
"8798",0.946493037528136,0.017008219178,0.17008219178
"8799",0.946097429917296,0.017008219178,0.17008219178
"8800",0.94592954747021,0.017008219178,0.17008219178
"8801",0.945713849268346,0.017008219178,0.17008219178
"8802",0.946418185127079,0.017008219178,0.17008219178
"8803",0.946493159865272,0.017008219178,0.17008219178
"8804",0.946811190246099,0.017008219178,0.17008219178
"8805",0.94604400827747,0.017008219178,0.17008219178
"8806",0.946287854780851,0.017008219178,0.17008219178
"8807",0.946371737744466,0.017008219178,0.17008219178
"8808",0.946129723037159,0.017008219178,0.17008219178
"8809",0.946114638590499,0.017008219178,0.17008219178
"8810",0.946013416337413,0.017008219178,0.17008219178
"8811",0.946193994820822,0.017008219178,0.17008219178
"8812",0.945991260248479,0.017008219178,0.17008219178
"8813",0.945916218534145,0.017008219178,0.17008219178
"8814",0.945953851233042,0.017008219178,0.17008219178
"8815",0.946520984616947,0.017008219178,0.17008219178
"8816",0.946609852756449,0.017008219178,0.17008219178
"8817",0.946272418454938,0.017008219178,0.17008219178
"8818",0.946352346445181,0.017008219178,0.17008219178
"8819",0.945895556541847,0.017008219178,0.17008219178
"8820",0.946097284131994,0.017008219178,0.17008219178
"8821",0.946076625705632,0.017008219178,0.17008219178
"8822",0.946305656577865,0.017008219178,0.17008219178
"8823",0.94626943436583,0.017008219178,0.17008219178
"8824",0.946787921694433,0.017008219178,0.17008219178
"8825",0.945742064953593,0.017008219178,0.17008219178
"8826",0.946212377424912,0.017008219178,0.17008219178
"8827",0.946778798577878,0.017008219178,0.17008219178
"8828",0.94619533316634,0.017008219178,0.17008219178
"8829",0.946710073961121,0.017008219178,0.17008219178
"8830",0.946129787155244,0.017008219178,0.17008219178
"8831",0.945994054467066,0.017008219178,0.17008219178
"8832",0.946422696202294,0.017008219178,0.17008219178
"8833",0.945687928161881,0.017008219178,0.17008219178
"8834",0.946250636065603,0.017008219178,0.17008219178
"8835",0.946579387325941,0.017008219178,0.17008219178
"8836",0.946751577188789,0.017008219178,0.17008219178
"8837",0.945867227344445,0.017008219178,0.17008219178
"8838",0.946593330135729,0.017008219178,0.17008219178
"8839",0.945553358201254,0.017008219178,0.17008219178
"8840",0.946475259549456,0.017008219178,0.17008219178
"8841",0.946014719488187,0.017008219178,0.17008219178
"8842",0.94616904622189,0.017008219178,0.17008219178
"8843",0.946410829614743,0.017008219178,0.17008219178
"8844",0.946737562124504,0.017008219178,0.17008219178
"8845",0.946349779915539,0.017008219178,0.17008219178
"8846",0.946186459221979,0.017008219178,0.17008219178
"8847",0.94649909439915,0.017008219178,0.17008219178
"8848",0.946769201939885,0.017008219178,0.17008219178
"8849",0.946614750078061,0.017008219178,0.17008219178
"8850",0.946288769355298,0.017008219178,0.17008219178
"8851",0.946843795660543,0.017008219178,0.17008219178
"8852",0.946331085845603,0.017008219178,0.17008219178
"8853",0.946723178858762,0.017008219178,0.17008219178
"8854",0.946001043380635,0.017008219178,0.17008219178
"8855",0.945921241852374,0.017008219178,0.17008219178
"8856",0.946379265763514,0.017008219178,0.17008219178
"8857",0.945978827472043,0.017008219178,0.17008219178
"8858",0.945608845177402,0.017008219178,0.17008219178
"8859",0.945797054048424,0.017008219178,0.17008219178
"8860",0.946834383706196,0.017008219178,0.17008219178
"8861",0.946701806685453,0.017008219178,0.17008219178
"8862",0.946103657862005,0.017008219178,0.17008219178
"8863",0.94612981098542,0.017008219178,0.17008219178
"8864",0.946458383270234,0.017008219178,0.17008219178
"8865",0.94604798483874,0.017008219178,0.17008219178
"8866",0.946546960550535,0.017008219178,0.17008219178
"8867",0.946562291523849,0.017008219178,0.17008219178
"8868",0.946041183345086,0.017008219178,0.17008219178
"8869",0.946285950265545,0.017008219178,0.17008219178
"8870",0.945673853861896,0.017008219178,0.17008219178
"8871",0.946327449987387,0.017008219178,0.17008219178
"8872",0.946738838042035,0.017008219178,0.17008219178
"8873",0.946244524589725,0.017008219178,0.17008219178
"8874",0.945923022340238,0.017008219178,0.17008219178
"8875",0.946012910840996,0.017008219178,0.17008219178
"8876",0.946504181521333,0.017008219178,0.17008219178
"8877",0.946261675351757,0.017008219178,0.17008219178
"8878",0.945964124485167,0.017008219178,0.17008219178
"8879",0.946645274229981,0.017008219178,0.17008219178
"8880",0.946404457567738,0.017008219178,0.17008219178
"8881",0.946571833663678,0.017008219178,0.17008219178
"8882",0.946281567762407,0.017008219178,0.17008219178
"8883",0.946886175289874,0.017008219178,0.17008219178
"8884",0.946376001408939,0.017008219178,0.17008219178
"8885",0.946012496525436,0.017008219178,0.17008219178
"8886",0.946018868600845,0.017008219178,0.17008219178
"8887",0.946109023937017,0.017008219178,0.17008219178
"8888",0.946146851768799,0.017008219178,0.17008219178
"8889",0.945656848487837,0.017008219178,0.17008219178
"8890",0.946275954170592,0.017008219178,0.17008219178
"8891",0.94606298374344,0.017008219178,0.17008219178
"8892",0.946555835189946,0.017008219178,0.17008219178
"8893",0.946387529583425,0.017008219178,0.17008219178
"8894",0.9459693033911,0.017008219178,0.17008219178
"8895",0.945711583176294,0.017008219178,0.17008219178
"8896",0.946193762180519,0.017008219178,0.17008219178
"8897",0.945745979420028,0.017008219178,0.17008219178
"8898",0.946718651138629,0.017008219178,0.17008219178
"8899",0.946199328957244,0.017008219178,0.17008219178
"8900",0.946198071269597,0.017008219178,0.17008219178
"8901",0.94613618432452,0.017008219178,0.17008219178
"8902",0.946499213931205,0.017008219178,0.17008219178
"8903",0.945672445413198,0.017008219178,0.17008219178
"8904",0.94593954828228,0.017008219178,0.17008219178
"8905",0.946714590444737,0.017008219178,0.17008219178
"8906",0.946062962805092,0.017008219178,0.17008219178
"8907",0.94574746908357,0.017008219178,0.17008219178
"8908",0.946198689426046,0.017008219178,0.17008219178
"8909",0.945790463789731,0.017008219178,0.17008219178
"8910",0.946040936113319,0.017008219178,0.17008219178
"8911",0.94589957196972,0.017008219178,0.17008219178
"8912",0.945970080130641,0.017008219178,0.17008219178
"8913",0.945740473741006,0.017008219178,0.17008219178
"8914",0.946221116125631,0.017008219178,0.17008219178
"8915",0.946178713641283,0.017008219178,0.17008219178
"8916",0.946669967015486,0.017008219178,0.17008219178
"8917",0.946217554330454,0.017008219178,0.17008219178
"8918",0.945902083479259,0.017008219178,0.17008219178
"8919",0.946417673067672,0.017008219178,0.17008219178
"8920",0.946169024677528,0.017008219178,0.17008219178
"8921",0.946778279684069,0.017008219178,0.17008219178
"8922",0.946138097727327,0.017008219178,0.17008219178
"8923",0.946632897143292,0.017008219178,0.17008219178
"8924",0.945949455517383,0.017008219178,0.17008219178
"8925",0.946093283925895,0.017008219178,0.17008219178
"8926",0.945997265209483,0.017008219178,0.17008219178
"8927",0.946319214122396,0.017008219178,0.17008219178
"8928",0.945777761123564,0.017008219178,0.17008219178
"8929",0.946708217312732,0.017008219178,0.17008219178
"8930",0.946279893916045,0.017008219178,0.17008219178
"8931",0.945846153835764,0.017008219178,0.17008219178
"8932",0.946610603296561,0.017008219178,0.17008219178
"8933",0.945771081777238,0.017008219178,0.17008219178
"8934",0.94627626017625,0.017008219178,0.17008219178
"8935",0.946357560113841,0.017008219178,0.17008219178
"8936",0.946172295629642,0.017008219178,0.17008219178
"8937",0.946292462875106,0.017008219178,0.17008219178
"8938",0.946150472647362,0.017008219178,0.17008219178
"8939",0.946691115815277,0.017008219178,0.17008219178
"8940",0.945609032356433,0.017008219178,0.17008219178
"8941",0.946402229976762,0.017008219178,0.17008219178
"8942",0.945752272157999,0.017008219178,0.17008219178
"8943",0.946236251779146,0.017008219178,0.17008219178
"8944",0.946762333590425,0.017008219178,0.17008219178
"8945",0.946496392561229,0.017008219178,0.17008219178
"8946",0.945930400882881,0.017008219178,0.17008219178
"8947",0.946376226186159,0.017008219178,0.17008219178
"8948",0.946188208089139,0.017008219178,0.17008219178
"8949",0.945795991022134,0.017008219178,0.17008219178
"8950",0.946597254429292,0.017008219178,0.17008219178
"8951",0.946463314464173,0.017008219178,0.17008219178
"8952",0.946782944154755,0.017008219178,0.17008219178
"8953",0.946164454025268,0.017008219178,0.17008219178
"8954",0.946704563793149,0.017008219178,0.17008219178
"8955",0.946254289752707,0.017008219178,0.17008219178
"8956",0.946193107489868,0.017008219178,0.17008219178
"8957",0.94629093438102,0.017008219178,0.17008219178
"8958",0.946772973300927,0.017008219178,0.17008219178
"8959",0.945626988702296,0.017008219178,0.17008219178
"8960",0.945776947025441,0.017008219178,0.17008219178
"8961",0.946013032703049,0.017008219178,0.17008219178
"8962",0.946183429004516,0.017008219178,0.17008219178
"8963",0.946407557089756,0.017008219178,0.17008219178
"8964",0.946456123701736,0.017008219178,0.17008219178
"8965",0.946238909341777,0.017008219178,0.17008219178
"8966",0.945726391653548,0.017008219178,0.17008219178
"8967",0.946427254546955,0.017008219178,0.17008219178
"8968",0.946699585902578,0.017008219178,0.17008219178
"8969",0.946147608527585,0.017008219178,0.17008219178
"8970",0.946340523630926,0.017008219178,0.17008219178
"8971",0.945659024862219,0.017008219178,0.17008219178
"8972",0.946438318309517,0.017008219178,0.17008219178
"8973",0.946540731590707,0.017008219178,0.17008219178
"8974",0.946380099032082,0.017008219178,0.17008219178
"8975",0.946006863656498,0.017008219178,0.17008219178
"8976",0.946511425782465,0.017008219178,0.17008219178
"8977",0.947161598447841,0.017008219178,0.17008219178
"8978",0.946360469292439,0.017008219178,0.17008219178
"8979",0.946350080928236,0.017008219178,0.17008219178
"8980",0.946160162742377,0.017008219178,0.17008219178
"8981",0.945841377179507,0.017008219178,0.17008219178
"8982",0.946327375676937,0.017008219178,0.17008219178
"8983",0.945850394598788,0.017008219178,0.17008219178
"8984",0.946223433844895,0.017008219178,0.17008219178
"8985",0.946358108878991,0.017008219178,0.17008219178
"8986",0.946253091561891,0.017008219178,0.17008219178
"8987",0.945798438382302,0.017008219178,0.17008219178
"8988",0.946152212361422,0.017008219178,0.17008219178
"8989",0.946544866217547,0.017008219178,0.17008219178
"8990",0.946246299834557,0.017008219178,0.17008219178
"8991",0.94630403663204,0.017008219178,0.17008219178
"8992",0.946756059804397,0.017008219178,0.17008219178
"8993",0.946110873685553,0.017008219178,0.17008219178
"8994",0.94688423633407,0.017008219178,0.17008219178
"8995",0.945854754333126,0.017008219178,0.17008219178
"8996",0.946570374862031,0.017008219178,0.17008219178
"8997",0.945891497231323,0.017008219178,0.17008219178
"8998",0.945356912846107,0.017008219178,0.17008219178
"8999",0.946354066542684,0.017008219178,0.17008219178
"9000",0.94616898166094,0.017008219178,0.17008219178
"9001",0.945801892249175,0.017008219178,0.17008219178
"9002",0.948200970260732,0.018005479452,0.18005479452
"9003",0.948078047852075,0.018005479452,0.18005479452
"9004",0.94842343402989,0.018005479452,0.18005479452
"9005",0.948359770712993,0.018005479452,0.18005479452
"9006",0.94830704364205,0.018005479452,0.18005479452
"9007",0.947783251807462,0.018005479452,0.18005479452
"9008",0.94816030000741,0.018005479452,0.18005479452
"9009",0.948788000225354,0.018005479452,0.18005479452
"9010",0.948870903685621,0.018005479452,0.18005479452
"9011",0.948513102748569,0.018005479452,0.18005479452
"9012",0.947980267010257,0.018005479452,0.18005479452
"9013",0.948134443057032,0.018005479452,0.18005479452
"9014",0.948301376936898,0.018005479452,0.18005479452
"9015",0.947900259730816,0.018005479452,0.18005479452
"9016",0.947794559992008,0.018005479452,0.18005479452
"9017",0.94875767273855,0.018005479452,0.18005479452
"9018",0.947648385015715,0.018005479452,0.18005479452
"9019",0.948231688488783,0.018005479452,0.18005479452
"9020",0.948330102215333,0.018005479452,0.18005479452
"9021",0.947893091669832,0.018005479452,0.18005479452
"9022",0.94795024162447,0.018005479452,0.18005479452
"9023",0.94844156958254,0.018005479452,0.18005479452
"9024",0.948554344076263,0.018005479452,0.18005479452
"9025",0.948340154746686,0.018005479452,0.18005479452
"9026",0.948267239509009,0.018005479452,0.18005479452
"9027",0.948857449027037,0.018005479452,0.18005479452
"9028",0.948712578426082,0.018005479452,0.18005479452
"9029",0.948256266146784,0.018005479452,0.18005479452
"9030",0.948230615817986,0.018005479452,0.18005479452
"9031",0.94776204313319,0.018005479452,0.18005479452
"9032",0.949252486964382,0.018005479452,0.18005479452
"9033",0.948425574357408,0.018005479452,0.18005479452
"9034",0.94896993707297,0.018005479452,0.18005479452
"9035",0.948569212469774,0.018005479452,0.18005479452
"9036",0.948604884889058,0.018005479452,0.18005479452
"9037",0.948433485509698,0.018005479452,0.18005479452
"9038",0.948213290736697,0.018005479452,0.18005479452
"9039",0.948042354233242,0.018005479452,0.18005479452
"9040",0.948928620282209,0.018005479452,0.18005479452
"9041",0.948868038764423,0.018005479452,0.18005479452
"9042",0.94848434757546,0.018005479452,0.18005479452
"9043",0.94861325061567,0.018005479452,0.18005479452
"9044",0.948380654078466,0.018005479452,0.18005479452
"9045",0.948367320002595,0.018005479452,0.18005479452
"9046",0.94863251601883,0.018005479452,0.18005479452
"9047",0.948845176651345,0.018005479452,0.18005479452
"9048",0.948229990149341,0.018005479452,0.18005479452
"9049",0.948573008221873,0.018005479452,0.18005479452
"9050",0.947930868790046,0.018005479452,0.18005479452
"9051",0.948332525885284,0.018005479452,0.18005479452
"9052",0.948503752614481,0.018005479452,0.18005479452
"9053",0.948567271925525,0.018005479452,0.18005479452
"9054",0.948641031236911,0.018005479452,0.18005479452
"9055",0.948047041949653,0.018005479452,0.18005479452
"9056",0.94840704979632,0.018005479452,0.18005479452
"9057",0.948538974487534,0.018005479452,0.18005479452
"9058",0.948379247369337,0.018005479452,0.18005479452
"9059",0.947914588427304,0.018005479452,0.18005479452
"9060",0.948939046315757,0.018005479452,0.18005479452
"9061",0.948736272462079,0.018005479452,0.18005479452
"9062",0.94873923255821,0.018005479452,0.18005479452
"9063",0.948231341584181,0.018005479452,0.18005479452
"9064",0.948260858235785,0.018005479452,0.18005479452
"9065",0.948978108851579,0.018005479452,0.18005479452
"9066",0.948493269444041,0.018005479452,0.18005479452
"9067",0.948332566644623,0.018005479452,0.18005479452
"9068",0.948624482249802,0.018005479452,0.18005479452
"9069",0.94808467568832,0.018005479452,0.18005479452
"9070",0.948724318802966,0.018005479452,0.18005479452
"9071",0.949052937323073,0.018005479452,0.18005479452
"9072",0.948946769000635,0.018005479452,0.18005479452
"9073",0.948355293841664,0.018005479452,0.18005479452
"9074",0.948453884293092,0.018005479452,0.18005479452
"9075",0.948995733199614,0.018005479452,0.18005479452
"9076",0.948486708632138,0.018005479452,0.18005479452
"9077",0.947972658504704,0.018005479452,0.18005479452
"9078",0.949089037472072,0.018005479452,0.18005479452
"9079",0.948799873904641,0.018005479452,0.18005479452
"9080",0.94842154054179,0.018005479452,0.18005479452
"9081",0.94790369143433,0.018005479452,0.18005479452
"9082",0.948756279868133,0.018005479452,0.18005479452
"9083",0.948139071564942,0.018005479452,0.18005479452
"9084",0.948122489143673,0.018005479452,0.18005479452
"9085",0.948587154771849,0.018005479452,0.18005479452
"9086",0.948170899891231,0.018005479452,0.18005479452
"9087",0.948132657872823,0.018005479452,0.18005479452
"9088",0.948416179938586,0.018005479452,0.18005479452
"9089",0.948551887564389,0.018005479452,0.18005479452
"9090",0.948115187488994,0.018005479452,0.18005479452
"9091",0.948129336795033,0.018005479452,0.18005479452
"9092",0.948396785781263,0.018005479452,0.18005479452
"9093",0.948162374564082,0.018005479452,0.18005479452
"9094",0.948205353748722,0.018005479452,0.18005479452
"9095",0.948460870790923,0.018005479452,0.18005479452
"9096",0.948491296482057,0.018005479452,0.18005479452
"9097",0.948217965984471,0.018005479452,0.18005479452
"9098",0.948482851437906,0.018005479452,0.18005479452
"9099",0.94794458958428,0.018005479452,0.18005479452
"9100",0.948135375562957,0.018005479452,0.18005479452
"9101",0.948232726954845,0.018005479452,0.18005479452
"9102",0.94808214708676,0.018005479452,0.18005479452
"9103",0.948153240717525,0.018005479452,0.18005479452
"9104",0.948439566383297,0.018005479452,0.18005479452
"9105",0.948384835578174,0.018005479452,0.18005479452
"9106",0.948190917510347,0.018005479452,0.18005479452
"9107",0.948173085278493,0.018005479452,0.18005479452
"9108",0.948219308578566,0.018005479452,0.18005479452
"9109",0.948514204509821,0.018005479452,0.18005479452
"9110",0.948221612360934,0.018005479452,0.18005479452
"9111",0.94898320195142,0.018005479452,0.18005479452
"9112",0.948976794134759,0.018005479452,0.18005479452
"9113",0.94809304189959,0.018005479452,0.18005479452
"9114",0.948508740420262,0.018005479452,0.18005479452
"9115",0.948465054837177,0.018005479452,0.18005479452
"9116",0.948347069750263,0.018005479452,0.18005479452
"9117",0.948067825615924,0.018005479452,0.18005479452
"9118",0.948494898265977,0.018005479452,0.18005479452
"9119",0.948144785551262,0.018005479452,0.18005479452
"9120",0.948692634829404,0.018005479452,0.18005479452
"9121",0.947859328823806,0.018005479452,0.18005479452
"9122",0.94832402629861,0.018005479452,0.18005479452
"9123",0.948302048794169,0.018005479452,0.18005479452
"9124",0.948667170001002,0.018005479452,0.18005479452
"9125",0.948738283429381,0.018005479452,0.18005479452
"9126",0.948434981946185,0.018005479452,0.18005479452
"9127",0.948650133508287,0.018005479452,0.18005479452
"9128",0.948068252653039,0.018005479452,0.18005479452
"9129",0.947842691939062,0.018005479452,0.18005479452
"9130",0.948285216057539,0.018005479452,0.18005479452
"9131",0.94794439190368,0.018005479452,0.18005479452
"9132",0.948715739699389,0.018005479452,0.18005479452
"9133",0.948755893075799,0.018005479452,0.18005479452
"9134",0.948472011238264,0.018005479452,0.18005479452
"9135",0.948285877352734,0.018005479452,0.18005479452
"9136",0.948557154664386,0.018005479452,0.18005479452
"9137",0.948145977357892,0.018005479452,0.18005479452
"9138",0.94832190410642,0.018005479452,0.18005479452
"9139",0.948438487389446,0.018005479452,0.18005479452
"9140",0.948225876992418,0.018005479452,0.18005479452
"9141",0.948333768514396,0.018005479452,0.18005479452
"9142",0.948638882077161,0.018005479452,0.18005479452
"9143",0.94837184773688,0.018005479452,0.18005479452
"9144",0.94882625051654,0.018005479452,0.18005479452
"9145",0.948314858945519,0.018005479452,0.18005479452
"9146",0.948224566303281,0.018005479452,0.18005479452
"9147",0.948096031259091,0.018005479452,0.18005479452
"9148",0.947875910780873,0.018005479452,0.18005479452
"9149",0.948433310035816,0.018005479452,0.18005479452
"9150",0.949070401252071,0.018005479452,0.18005479452
"9151",0.948260556862947,0.018005479452,0.18005479452
"9152",0.948624206565855,0.018005479452,0.18005479452
"9153",0.948371475592684,0.018005479452,0.18005479452
"9154",0.948254265008489,0.018005479452,0.18005479452
"9155",0.947699829995789,0.018005479452,0.18005479452
"9156",0.948222516679981,0.018005479452,0.18005479452
"9157",0.948909243444531,0.018005479452,0.18005479452
"9158",0.948492896644755,0.018005479452,0.18005479452
"9159",0.948335329121527,0.018005479452,0.18005479452
"9160",0.948416602311374,0.018005479452,0.18005479452
"9161",0.947980020165832,0.018005479452,0.18005479452
"9162",0.948424031912706,0.018005479452,0.18005479452
"9163",0.948361713062907,0.018005479452,0.18005479452
"9164",0.948823706565912,0.018005479452,0.18005479452
"9165",0.948547637089866,0.018005479452,0.18005479452
"9166",0.948791716815392,0.018005479452,0.18005479452
"9167",0.94776144749591,0.018005479452,0.18005479452
"9168",0.949049141544357,0.018005479452,0.18005479452
"9169",0.948636764123081,0.018005479452,0.18005479452
"9170",0.948437379410339,0.018005479452,0.18005479452
"9171",0.948352604075253,0.018005479452,0.18005479452
"9172",0.948872439003723,0.018005479452,0.18005479452
"9173",0.94813375900118,0.018005479452,0.18005479452
"9174",0.948918913388061,0.018005479452,0.18005479452
"9175",0.947854448808881,0.018005479452,0.18005479452
"9176",0.948794973801757,0.018005479452,0.18005479452
"9177",0.948822469770012,0.018005479452,0.18005479452
"9178",0.948990231742528,0.018005479452,0.18005479452
"9179",0.948341172121744,0.018005479452,0.18005479452
"9180",0.948554493028084,0.018005479452,0.18005479452
"9181",0.947816490464394,0.018005479452,0.18005479452
"9182",0.94794481109065,0.018005479452,0.18005479452
"9183",0.948695412075722,0.018005479452,0.18005479452
"9184",0.948623465807027,0.018005479452,0.18005479452
"9185",0.948448813331748,0.018005479452,0.18005479452
"9186",0.9485596037235,0.018005479452,0.18005479452
"9187",0.948639890317315,0.018005479452,0.18005479452
"9188",0.948355647755242,0.018005479452,0.18005479452
"9189",0.948395568759802,0.018005479452,0.18005479452
"9190",0.947930702900391,0.018005479452,0.18005479452
"9191",0.94824592076779,0.018005479452,0.18005479452
"9192",0.948305846289458,0.018005479452,0.18005479452
"9193",0.948178684799031,0.018005479452,0.18005479452
"9194",0.948122426263244,0.018005479452,0.18005479452
"9195",0.948454682930241,0.018005479452,0.18005479452
"9196",0.948029979784343,0.018005479452,0.18005479452
"9197",0.949121147889461,0.018005479452,0.18005479452
"9198",0.947956394395866,0.018005479452,0.18005479452
"9199",0.948616562821484,0.018005479452,0.18005479452
"9200",0.949100000401074,0.018005479452,0.18005479452
"9201",0.948385942540703,0.018005479452,0.18005479452
"9202",0.948662226964485,0.018005479452,0.18005479452
"9203",0.948556033568465,0.018005479452,0.18005479452
"9204",0.948689420974428,0.018005479452,0.18005479452
"9205",0.948469561094835,0.018005479452,0.18005479452
"9206",0.948334380391684,0.018005479452,0.18005479452
"9207",0.948725411530246,0.018005479452,0.18005479452
"9208",0.947691384319501,0.018005479452,0.18005479452
"9209",0.94856618564149,0.018005479452,0.18005479452
"9210",0.948642574419158,0.018005479452,0.18005479452
"9211",0.948030508234351,0.018005479452,0.18005479452
"9212",0.948469848598481,0.018005479452,0.18005479452
"9213",0.948183721936054,0.018005479452,0.18005479452
"9214",0.94822668854211,0.018005479452,0.18005479452
"9215",0.948907677400564,0.018005479452,0.18005479452
"9216",0.948822825029568,0.018005479452,0.18005479452
"9217",0.948050869811105,0.018005479452,0.18005479452
"9218",0.948342391220918,0.018005479452,0.18005479452
"9219",0.948301864156165,0.018005479452,0.18005479452
"9220",0.948524335770709,0.018005479452,0.18005479452
"9221",0.948335762875003,0.018005479452,0.18005479452
"9222",0.948224263948829,0.018005479452,0.18005479452
"9223",0.947822997177789,0.018005479452,0.18005479452
"9224",0.948120705766541,0.018005479452,0.18005479452
"9225",0.947875371264592,0.018005479452,0.18005479452
"9226",0.948154288720524,0.018005479452,0.18005479452
"9227",0.947795833370481,0.018005479452,0.18005479452
"9228",0.948371170352444,0.018005479452,0.18005479452
"9229",0.94861023817632,0.018005479452,0.18005479452
"9230",0.948050518988893,0.018005479452,0.18005479452
"9231",0.948678975328883,0.018005479452,0.18005479452
"9232",0.948663664565641,0.018005479452,0.18005479452
"9233",0.948265603905208,0.018005479452,0.18005479452
"9234",0.948470261181203,0.018005479452,0.18005479452
"9235",0.948776706146647,0.018005479452,0.18005479452
"9236",0.947911904658527,0.018005479452,0.18005479452
"9237",0.948555431430527,0.018005479452,0.18005479452
"9238",0.947818872668165,0.018005479452,0.18005479452
"9239",0.948759789286124,0.018005479452,0.18005479452
"9240",0.948537558048165,0.018005479452,0.18005479452
"9241",0.948303317465518,0.018005479452,0.18005479452
"9242",0.948727816121471,0.018005479452,0.18005479452
"9243",0.948317569379764,0.018005479452,0.18005479452
"9244",0.948382316883022,0.018005479452,0.18005479452
"9245",0.948775599574975,0.018005479452,0.18005479452
"9246",0.948127280260444,0.018005479452,0.18005479452
"9247",0.948270286324525,0.018005479452,0.18005479452
"9248",0.948450648522908,0.018005479452,0.18005479452
"9249",0.949105650980254,0.018005479452,0.18005479452
"9250",0.94769234819034,0.018005479452,0.18005479452
"9251",0.948351099554119,0.018005479452,0.18005479452
"9252",0.94811626774941,0.018005479452,0.18005479452
"9253",0.948767867924488,0.018005479452,0.18005479452
"9254",0.948003171124747,0.018005479452,0.18005479452
"9255",0.948006014953427,0.018005479452,0.18005479452
"9256",0.94898542137512,0.018005479452,0.18005479452
"9257",0.948962201231987,0.018005479452,0.18005479452
"9258",0.948497197312979,0.018005479452,0.18005479452
"9259",0.94843321580599,0.018005479452,0.18005479452
"9260",0.949156868359891,0.018005479452,0.18005479452
"9261",0.949042178675674,0.018005479452,0.18005479452
"9262",0.948226137740882,0.018005479452,0.18005479452
"9263",0.947869276075262,0.018005479452,0.18005479452
"9264",0.948205920207902,0.018005479452,0.18005479452
"9265",0.948270338740082,0.018005479452,0.18005479452
"9266",0.948556292169895,0.018005479452,0.18005479452
"9267",0.948521919237188,0.018005479452,0.18005479452
"9268",0.948137235286413,0.018005479452,0.18005479452
"9269",0.948416690790337,0.018005479452,0.18005479452
"9270",0.947946035212961,0.018005479452,0.18005479452
"9271",0.947520329639888,0.018005479452,0.18005479452
"9272",0.948251571216165,0.018005479452,0.18005479452
"9273",0.948414036029546,0.018005479452,0.18005479452
"9274",0.948382095003489,0.018005479452,0.18005479452
"9275",0.948267825696423,0.018005479452,0.18005479452
"9276",0.948244965482017,0.018005479452,0.18005479452
"9277",0.948457411697069,0.018005479452,0.18005479452
"9278",0.948186287944675,0.018005479452,0.18005479452
"9279",0.948124835269011,0.018005479452,0.18005479452
"9280",0.948003070275848,0.018005479452,0.18005479452
"9281",0.947944246917345,0.018005479452,0.18005479452
"9282",0.947813827332931,0.018005479452,0.18005479452
"9283",0.948323027616552,0.018005479452,0.18005479452
"9284",0.947898481470189,0.018005479452,0.18005479452
"9285",0.948619796813417,0.018005479452,0.18005479452
"9286",0.948344553696642,0.018005479452,0.18005479452
"9287",0.948248292109333,0.018005479452,0.18005479452
"9288",0.948372133938034,0.018005479452,0.18005479452
"9289",0.948706317861016,0.018005479452,0.18005479452
"9290",0.948130291536899,0.018005479452,0.18005479452
"9291",0.948364848560026,0.018005479452,0.18005479452
"9292",0.948417284121694,0.018005479452,0.18005479452
"9293",0.948036292919527,0.018005479452,0.18005479452
"9294",0.94837737020573,0.018005479452,0.18005479452
"9295",0.948444690183058,0.018005479452,0.18005479452
"9296",0.9489290030516,0.018005479452,0.18005479452
"9297",0.947904213806704,0.018005479452,0.18005479452
"9298",0.948454898431515,0.018005479452,0.18005479452
"9299",0.947711901791842,0.018005479452,0.18005479452
"9300",0.948798503715396,0.018005479452,0.18005479452
"9301",0.948921373567384,0.018005479452,0.18005479452
"9302",0.947875555504443,0.018005479452,0.18005479452
"9303",0.94790102655511,0.018005479452,0.18005479452
"9304",0.948144542146551,0.018005479452,0.18005479452
"9305",0.948731537364869,0.018005479452,0.18005479452
"9306",0.948485866162179,0.018005479452,0.18005479452
"9307",0.949117820969263,0.018005479452,0.18005479452
"9308",0.948226022606707,0.018005479452,0.18005479452
"9309",0.947841318869971,0.018005479452,0.18005479452
"9310",0.948603893256362,0.018005479452,0.18005479452
"9311",0.948597064702882,0.018005479452,0.18005479452
"9312",0.948535721256303,0.018005479452,0.18005479452
"9313",0.948403613869447,0.018005479452,0.18005479452
"9314",0.94843229561697,0.018005479452,0.18005479452
"9315",0.948402705064275,0.018005479452,0.18005479452
"9316",0.94801549695095,0.018005479452,0.18005479452
"9317",0.948418497308033,0.018005479452,0.18005479452
"9318",0.947916301842275,0.018005479452,0.18005479452
"9319",0.948633757128683,0.018005479452,0.18005479452
"9320",0.948728369559863,0.018005479452,0.18005479452
"9321",0.948406651596993,0.018005479452,0.18005479452
"9322",0.948829096696606,0.018005479452,0.18005479452
"9323",0.948078310232148,0.018005479452,0.18005479452
"9324",0.947980433587773,0.018005479452,0.18005479452
"9325",0.948058768093393,0.018005479452,0.18005479452
"9326",0.94839964205888,0.018005479452,0.18005479452
"9327",0.948488992090563,0.018005479452,0.18005479452
"9328",0.948366915192221,0.018005479452,0.18005479452
"9329",0.948803447597954,0.018005479452,0.18005479452
"9330",0.94794327923949,0.018005479452,0.18005479452
"9331",0.94858918630027,0.018005479452,0.18005479452
"9332",0.948478462209901,0.018005479452,0.18005479452
"9333",0.947933578572008,0.018005479452,0.18005479452
"9334",0.948124072475025,0.018005479452,0.18005479452
"9335",0.948488524889069,0.018005479452,0.18005479452
"9336",0.948138796060041,0.018005479452,0.18005479452
"9337",0.948073385337339,0.018005479452,0.18005479452
"9338",0.948000930648328,0.018005479452,0.18005479452
"9339",0.948298442581381,0.018005479452,0.18005479452
"9340",0.948235664611898,0.018005479452,0.18005479452
"9341",0.947741912237938,0.018005479452,0.18005479452
"9342",0.949087808157132,0.018005479452,0.18005479452
"9343",0.948522110702322,0.018005479452,0.18005479452
"9344",0.948914156966268,0.018005479452,0.18005479452
"9345",0.948137195157522,0.018005479452,0.18005479452
"9346",0.948071671818121,0.018005479452,0.18005479452
"9347",0.948644156391496,0.018005479452,0.18005479452
"9348",0.948730654578076,0.018005479452,0.18005479452
"9349",0.94826127724172,0.018005479452,0.18005479452
"9350",0.94894251798575,0.018005479452,0.18005479452
"9351",0.948565024849123,0.018005479452,0.18005479452
"9352",0.948295219412957,0.018005479452,0.18005479452
"9353",0.9483946965189,0.018005479452,0.18005479452
"9354",0.948253230434754,0.018005479452,0.18005479452
"9355",0.948390916355226,0.018005479452,0.18005479452
"9356",0.948475524254577,0.018005479452,0.18005479452
"9357",0.947941158184241,0.018005479452,0.18005479452
"9358",0.948050353077284,0.018005479452,0.18005479452
"9359",0.947769311046512,0.018005479452,0.18005479452
"9360",0.948219655246094,0.018005479452,0.18005479452
"9361",0.948285924982414,0.018005479452,0.18005479452
"9362",0.948400690375503,0.018005479452,0.18005479452
"9363",0.948189328596944,0.018005479452,0.18005479452
"9364",0.948335745674546,0.018005479452,0.18005479452
"9365",0.948674304323503,0.018005479452,0.18005479452
"9366",0.948313775212029,0.018005479452,0.18005479452
"9367",0.948451921838358,0.018005479452,0.18005479452
"9368",0.948254712676221,0.018005479452,0.18005479452
"9369",0.947958233668073,0.018005479452,0.18005479452
"9370",0.948844590101411,0.018005479452,0.18005479452
"9371",0.947652914524271,0.018005479452,0.18005479452
"9372",0.94852164607609,0.018005479452,0.18005479452
"9373",0.948717656739478,0.018005479452,0.18005479452
"9374",0.948602699237835,0.018005479452,0.18005479452
"9375",0.948161785984149,0.018005479452,0.18005479452
"9376",0.948648886818314,0.018005479452,0.18005479452
"9377",0.948379643022101,0.018005479452,0.18005479452
"9378",0.948317319457331,0.018005479452,0.18005479452
"9379",0.94905985825905,0.018005479452,0.18005479452
"9380",0.947917325619303,0.018005479452,0.18005479452
"9381",0.948266873284651,0.018005479452,0.18005479452
"9382",0.948192148590581,0.018005479452,0.18005479452
"9383",0.948573317957165,0.018005479452,0.18005479452
"9384",0.948705087572569,0.018005479452,0.18005479452
"9385",0.948219596562959,0.018005479452,0.18005479452
"9386",0.948399670420563,0.018005479452,0.18005479452
"9387",0.948359007685308,0.018005479452,0.18005479452
"9388",0.948411431908881,0.018005479452,0.18005479452
"9389",0.947949015202248,0.018005479452,0.18005479452
"9390",0.948583757921308,0.018005479452,0.18005479452
"9391",0.948476120767256,0.018005479452,0.18005479452
"9392",0.948638466115636,0.018005479452,0.18005479452
"9393",0.948812647601837,0.018005479452,0.18005479452
"9394",0.948140336041622,0.018005479452,0.18005479452
"9395",0.948131744321344,0.018005479452,0.18005479452
"9396",0.948565364873923,0.018005479452,0.18005479452
"9397",0.948581118064108,0.018005479452,0.18005479452
"9398",0.948742477052271,0.018005479452,0.18005479452
"9399",0.948417622506233,0.018005479452,0.18005479452
"9400",0.948856105464208,0.018005479452,0.18005479452
"9401",0.948168862215826,0.018005479452,0.18005479452
"9402",0.94831555557288,0.018005479452,0.18005479452
"9403",0.948477634533079,0.018005479452,0.18005479452
"9404",0.948421299640612,0.018005479452,0.18005479452
"9405",0.948595516260249,0.018005479452,0.18005479452
"9406",0.948048621646306,0.018005479452,0.18005479452
"9407",0.948352952182589,0.018005479452,0.18005479452
"9408",0.948709699219006,0.018005479452,0.18005479452
"9409",0.948729624404597,0.018005479452,0.18005479452
"9410",0.948553903932546,0.018005479452,0.18005479452
"9411",0.948711648489409,0.018005479452,0.18005479452
"9412",0.948228580918982,0.018005479452,0.18005479452
"9413",0.948338066705691,0.018005479452,0.18005479452
"9414",0.94843582256228,0.018005479452,0.18005479452
"9415",0.948779860295099,0.018005479452,0.18005479452
"9416",0.948325435596066,0.018005479452,0.18005479452
"9417",0.948645965335065,0.018005479452,0.18005479452
"9418",0.948021145873732,0.018005479452,0.18005479452
"9419",0.948421832753668,0.018005479452,0.18005479452
"9420",0.947747291747928,0.018005479452,0.18005479452
"9421",0.948703200425216,0.018005479452,0.18005479452
"9422",0.948359320569797,0.018005479452,0.18005479452
"9423",0.948548237108978,0.018005479452,0.18005479452
"9424",0.948224114752678,0.018005479452,0.18005479452
"9425",0.949254779499049,0.018005479452,0.18005479452
"9426",0.948356590415493,0.018005479452,0.18005479452
"9427",0.948480749740502,0.018005479452,0.18005479452
"9428",0.94862821121354,0.018005479452,0.18005479452
"9429",0.948191183273418,0.018005479452,0.18005479452
"9430",0.948503431272468,0.018005479452,0.18005479452
"9431",0.947673656048766,0.018005479452,0.18005479452
"9432",0.948739473239676,0.018005479452,0.18005479452
"9433",0.947778729681729,0.018005479452,0.18005479452
"9434",0.948552575256346,0.018005479452,0.18005479452
"9435",0.948644937940525,0.018005479452,0.18005479452
"9436",0.94888553415788,0.018005479452,0.18005479452
"9437",0.948241023884492,0.018005479452,0.18005479452
"9438",0.947999786270764,0.018005479452,0.18005479452
"9439",0.948153140044269,0.018005479452,0.18005479452
"9440",0.948312341606155,0.018005479452,0.18005479452
"9441",0.948266176689899,0.018005479452,0.18005479452
"9442",0.948113211140054,0.018005479452,0.18005479452
"9443",0.94897846743842,0.018005479452,0.18005479452
"9444",0.948335708448507,0.018005479452,0.18005479452
"9445",0.948355905584724,0.018005479452,0.18005479452
"9446",0.949044851061568,0.018005479452,0.18005479452
"9447",0.948246582108056,0.018005479452,0.18005479452
"9448",0.948161586295482,0.018005479452,0.18005479452
"9449",0.948244535495557,0.018005479452,0.18005479452
"9450",0.948522472056768,0.018005479452,0.18005479452
"9451",0.948630313565344,0.018005479452,0.18005479452
"9452",0.948781407719893,0.018005479452,0.18005479452
"9453",0.948680153071559,0.018005479452,0.18005479452
"9454",0.949292604188928,0.018005479452,0.18005479452
"9455",0.94820700926695,0.018005479452,0.18005479452
"9456",0.948221022084955,0.018005479452,0.18005479452
"9457",0.947879137676749,0.018005479452,0.18005479452
"9458",0.948417157418526,0.018005479452,0.18005479452
"9459",0.948153614086928,0.018005479452,0.18005479452
"9460",0.948249858476969,0.018005479452,0.18005479452
"9461",0.948480801150846,0.018005479452,0.18005479452
"9462",0.948750934969509,0.018005479452,0.18005479452
"9463",0.948322810641373,0.018005479452,0.18005479452
"9464",0.948712710284889,0.018005479452,0.18005479452
"9465",0.948652651532971,0.018005479452,0.18005479452
"9466",0.948877762707481,0.018005479452,0.18005479452
"9467",0.948142203513118,0.018005479452,0.18005479452
"9468",0.948399676774434,0.018005479452,0.18005479452
"9469",0.948902464412656,0.018005479452,0.18005479452
"9470",0.948642967234667,0.018005479452,0.18005479452
"9471",0.948383131506053,0.018005479452,0.18005479452
"9472",0.947829720006149,0.018005479452,0.18005479452
"9473",0.94890067821895,0.018005479452,0.18005479452
"9474",0.948560456974412,0.018005479452,0.18005479452
"9475",0.94884161992039,0.018005479452,0.18005479452
"9476",0.948568170646644,0.018005479452,0.18005479452
"9477",0.948291764948385,0.018005479452,0.18005479452
"9478",0.948506917395007,0.018005479452,0.18005479452
"9479",0.94815181224819,0.018005479452,0.18005479452
"9480",0.948535401563166,0.018005479452,0.18005479452
"9481",0.948557565528384,0.018005479452,0.18005479452
"9482",0.948383775127634,0.018005479452,0.18005479452
"9483",0.948983495665326,0.018005479452,0.18005479452
"9484",0.948240371474242,0.018005479452,0.18005479452
"9485",0.948532707112908,0.018005479452,0.18005479452
"9486",0.948352475078839,0.018005479452,0.18005479452
"9487",0.948208086092601,0.018005479452,0.18005479452
"9488",0.947543572402633,0.018005479452,0.18005479452
"9489",0.948392286462921,0.018005479452,0.18005479452
"9490",0.948340117802038,0.018005479452,0.18005479452
"9491",0.948705961484186,0.018005479452,0.18005479452
"9492",0.948230202882134,0.018005479452,0.18005479452
"9493",0.948598600254827,0.018005479452,0.18005479452
"9494",0.948085143578601,0.018005479452,0.18005479452
"9495",0.94800391431997,0.018005479452,0.18005479452
"9496",0.948345308862848,0.018005479452,0.18005479452
"9497",0.948096176164936,0.018005479452,0.18005479452
"9498",0.948741242867073,0.018005479452,0.18005479452
"9499",0.948370896590065,0.018005479452,0.18005479452
"9500",0.947487477964595,0.018005479452,0.18005479452
"9501",0.948356752078329,0.018005479452,0.18005479452
"9502",0.951031100190141,0.019002739726,0.19002739726
"9503",0.95118432824184,0.019002739726,0.19002739726
"9504",0.951110415597687,0.019002739726,0.19002739726
"9505",0.951428143891386,0.019002739726,0.19002739726
"9506",0.951029925532718,0.019002739726,0.19002739726
"9507",0.951261257138756,0.019002739726,0.19002739726
"9508",0.950984755506645,0.019002739726,0.19002739726
"9509",0.950643541908741,0.019002739726,0.19002739726
"9510",0.951348674332816,0.019002739726,0.19002739726
"9511",0.951216650509485,0.019002739726,0.19002739726
"9512",0.951079531241193,0.019002739726,0.19002739726
"9513",0.950849129362625,0.019002739726,0.19002739726
"9514",0.951212351728272,0.019002739726,0.19002739726
"9515",0.950904745074734,0.019002739726,0.19002739726
"9516",0.95105989495101,0.019002739726,0.19002739726
"9517",0.950850937803908,0.019002739726,0.19002739726
"9518",0.951087238382924,0.019002739726,0.19002739726
"9519",0.951128216704027,0.019002739726,0.19002739726
"9520",0.949928112439144,0.019002739726,0.19002739726
"9521",0.950942789318272,0.019002739726,0.19002739726
"9522",0.950847120075694,0.019002739726,0.19002739726
"9523",0.950657603072404,0.019002739726,0.19002739726
"9524",0.950563201855801,0.019002739726,0.19002739726
"9525",0.951147139853022,0.019002739726,0.19002739726
"9526",0.95119129498348,0.019002739726,0.19002739726
"9527",0.951385996015426,0.019002739726,0.19002739726
"9528",0.950542519194458,0.019002739726,0.19002739726
"9529",0.950879950583766,0.019002739726,0.19002739726
"9530",0.950723676729623,0.019002739726,0.19002739726
"9531",0.950645767993887,0.019002739726,0.19002739726
"9532",0.950572857292629,0.019002739726,0.19002739726
"9533",0.951044913257729,0.019002739726,0.19002739726
"9534",0.950530097939774,0.019002739726,0.19002739726
"9535",0.950572962672851,0.019002739726,0.19002739726
"9536",0.950930192181557,0.019002739726,0.19002739726
"9537",0.951098581947012,0.019002739726,0.19002739726
"9538",0.950579091472264,0.019002739726,0.19002739726
"9539",0.950940065422062,0.019002739726,0.19002739726
"9540",0.950620848230079,0.019002739726,0.19002739726
"9541",0.951138811356938,0.019002739726,0.19002739726
"9542",0.950951293427805,0.019002739726,0.19002739726
"9543",0.950509341562928,0.019002739726,0.19002739726
"9544",0.950521433259157,0.019002739726,0.19002739726
"9545",0.950723110293406,0.019002739726,0.19002739726
"9546",0.950989547339502,0.019002739726,0.19002739726
"9547",0.950969985135959,0.019002739726,0.19002739726
"9548",0.951101322513205,0.019002739726,0.19002739726
"9549",0.950725291302637,0.019002739726,0.19002739726
"9550",0.951013544335229,0.019002739726,0.19002739726
"9551",0.950741171596429,0.019002739726,0.19002739726
"9552",0.951052719460383,0.019002739726,0.19002739726
"9553",0.951410656360521,0.019002739726,0.19002739726
"9554",0.950955154257897,0.019002739726,0.19002739726
"9555",0.95104687202332,0.019002739726,0.19002739726
"9556",0.950677151906904,0.019002739726,0.19002739726
"9557",0.951179447919487,0.019002739726,0.19002739726
"9558",0.950876174589433,0.019002739726,0.19002739726
"9559",0.951194119940222,0.019002739726,0.19002739726
"9560",0.951276352238501,0.019002739726,0.19002739726
"9561",0.950735622525783,0.019002739726,0.19002739726
"9562",0.950862106964916,0.019002739726,0.19002739726
"9563",0.950920953660522,0.019002739726,0.19002739726
"9564",0.950982008823171,0.019002739726,0.19002739726
"9565",0.951280318958624,0.019002739726,0.19002739726
"9566",0.95102403233747,0.019002739726,0.19002739726
"9567",0.950775096423573,0.019002739726,0.19002739726
"9568",0.950605855214327,0.019002739726,0.19002739726
"9569",0.951431805947838,0.019002739726,0.19002739726
"9570",0.950001483352208,0.019002739726,0.19002739726
"9571",0.951157034987969,0.019002739726,0.19002739726
"9572",0.951243653977808,0.019002739726,0.19002739726
"9573",0.95044747802479,0.019002739726,0.19002739726
"9574",0.951184784071328,0.019002739726,0.19002739726
"9575",0.950732411443187,0.019002739726,0.19002739726
"9576",0.950523011872611,0.019002739726,0.19002739726
"9577",0.951053666426674,0.019002739726,0.19002739726
"9578",0.951131606043127,0.019002739726,0.19002739726
"9579",0.951594432557352,0.019002739726,0.19002739726
"9580",0.950475699518779,0.019002739726,0.19002739726
"9581",0.95080319532058,0.019002739726,0.19002739726
"9582",0.950936939449203,0.019002739726,0.19002739726
"9583",0.950467564277426,0.019002739726,0.19002739726
"9584",0.951193390867603,0.019002739726,0.19002739726
"9585",0.95050276575801,0.019002739726,0.19002739726
"9586",0.950868294169976,0.019002739726,0.19002739726
"9587",0.950537532554996,0.019002739726,0.19002739726
"9588",0.950864568526699,0.019002739726,0.19002739726
"9589",0.951017183761546,0.019002739726,0.19002739726
"9590",0.95087120987221,0.019002739726,0.19002739726
"9591",0.950559889835239,0.019002739726,0.19002739726
"9592",0.951353378800941,0.019002739726,0.19002739726
"9593",0.950523032239068,0.019002739726,0.19002739726
"9594",0.950990743693096,0.019002739726,0.19002739726
"9595",0.95121230263195,0.019002739726,0.19002739726
"9596",0.950748778055393,0.019002739726,0.19002739726
"9597",0.95012822968491,0.019002739726,0.19002739726
"9598",0.951295177724624,0.019002739726,0.19002739726
"9599",0.950999578687849,0.019002739726,0.19002739726
"9600",0.950740970827393,0.019002739726,0.19002739726
"9601",0.951195847162702,0.019002739726,0.19002739726
"9602",0.951163019875239,0.019002739726,0.19002739726
"9603",0.951097522228783,0.019002739726,0.19002739726
"9604",0.9507961680236,0.019002739726,0.19002739726
"9605",0.951399920334259,0.019002739726,0.19002739726
"9606",0.950548331260236,0.019002739726,0.19002739726
"9607",0.950594954121887,0.019002739726,0.19002739726
"9608",0.950580688286625,0.019002739726,0.19002739726
"9609",0.95093213445201,0.019002739726,0.19002739726
"9610",0.950443226676822,0.019002739726,0.19002739726
"9611",0.950826307219416,0.019002739726,0.19002739726
"9612",0.951220782073167,0.019002739726,0.19002739726
"9613",0.95123025328389,0.019002739726,0.19002739726
"9614",0.951325252078587,0.019002739726,0.19002739726
"9615",0.951013608401474,0.019002739726,0.19002739726
"9616",0.951088921627744,0.019002739726,0.19002739726
"9617",0.950337901104354,0.019002739726,0.19002739726
"9618",0.951159958951401,0.019002739726,0.19002739726
"9619",0.950467818131559,0.019002739726,0.19002739726
"9620",0.951280387453413,0.019002739726,0.19002739726
"9621",0.95042303628848,0.019002739726,0.19002739726
"9622",0.950758667403181,0.019002739726,0.19002739726
"9623",0.951308961591834,0.019002739726,0.19002739726
"9624",0.951088907222501,0.019002739726,0.19002739726
"9625",0.950650649008549,0.019002739726,0.19002739726
"9626",0.950369399717252,0.019002739726,0.19002739726
"9627",0.951654009809092,0.019002739726,0.19002739726
"9628",0.950618373248226,0.019002739726,0.19002739726
"9629",0.95095740965826,0.019002739726,0.19002739726
"9630",0.950623818950462,0.019002739726,0.19002739726
"9631",0.950933729396698,0.019002739726,0.19002739726
"9632",0.950918537134832,0.019002739726,0.19002739726
"9633",0.951075856920919,0.019002739726,0.19002739726
"9634",0.95076436765184,0.019002739726,0.19002739726
"9635",0.95133554385183,0.019002739726,0.19002739726
"9636",0.950222468147535,0.019002739726,0.19002739726
"9637",0.950798498626122,0.019002739726,0.19002739726
"9638",0.95067521915614,0.019002739726,0.19002739726
"9639",0.950581092843366,0.019002739726,0.19002739726
"9640",0.950530425117668,0.019002739726,0.19002739726
"9641",0.951345322761053,0.019002739726,0.19002739726
"9642",0.950516190029656,0.019002739726,0.19002739726
"9643",0.951024698331767,0.019002739726,0.19002739726
"9644",0.951559763683337,0.019002739726,0.19002739726
"9645",0.950727940930472,0.019002739726,0.19002739726
"9646",0.951131054472243,0.019002739726,0.19002739726
"9647",0.951101406505844,0.019002739726,0.19002739726
"9648",0.950799933827188,0.019002739726,0.19002739726
"9649",0.951227437952334,0.019002739726,0.19002739726
"9650",0.950520242724545,0.019002739726,0.19002739726
"9651",0.951035377572642,0.019002739726,0.19002739726
"9652",0.950779673334209,0.019002739726,0.19002739726
"9653",0.951245149135823,0.019002739726,0.19002739726
"9654",0.951157018270921,0.019002739726,0.19002739726
"9655",0.950866039629727,0.019002739726,0.19002739726
"9656",0.950834248478296,0.019002739726,0.19002739726
"9657",0.951019702897256,0.019002739726,0.19002739726
"9658",0.950920443494528,0.019002739726,0.19002739726
"9659",0.951068389173214,0.019002739726,0.19002739726
"9660",0.950913824679295,0.019002739726,0.19002739726
"9661",0.951238731474227,0.019002739726,0.19002739726
"9662",0.951058889786257,0.019002739726,0.19002739726
"9663",0.950577423230049,0.019002739726,0.19002739726
"9664",0.950671153998066,0.019002739726,0.19002739726
"9665",0.95102930545964,0.019002739726,0.19002739726
"9666",0.950471720814601,0.019002739726,0.19002739726
"9667",0.951253607547247,0.019002739726,0.19002739726
"9668",0.950860197347001,0.019002739726,0.19002739726
"9669",0.950611894819694,0.019002739726,0.19002739726
"9670",0.950840996826882,0.019002739726,0.19002739726
"9671",0.95114475664931,0.019002739726,0.19002739726
"9672",0.950634925914226,0.019002739726,0.19002739726
"9673",0.950404970531979,0.019002739726,0.19002739726
"9674",0.949968016499178,0.019002739726,0.19002739726
"9675",0.950557946606135,0.019002739726,0.19002739726
"9676",0.95097813732796,0.019002739726,0.19002739726
"9677",0.950953514715439,0.019002739726,0.19002739726
"9678",0.950942003439877,0.019002739726,0.19002739726
"9679",0.950871197355387,0.019002739726,0.19002739726
"9680",0.951101669968805,0.019002739726,0.19002739726
"9681",0.950654602920998,0.019002739726,0.19002739726
"9682",0.950690177221344,0.019002739726,0.19002739726
"9683",0.950979093873646,0.019002739726,0.19002739726
"9684",0.950170224905071,0.019002739726,0.19002739726
"9685",0.951420251168155,0.019002739726,0.19002739726
"9686",0.951095128655171,0.019002739726,0.19002739726
"9687",0.950861705283163,0.019002739726,0.19002739726
"9688",0.951059459961634,0.019002739726,0.19002739726
"9689",0.95094299274326,0.019002739726,0.19002739726
"9690",0.950980656525824,0.019002739726,0.19002739726
"9691",0.951415044011735,0.019002739726,0.19002739726
"9692",0.950172255029451,0.019002739726,0.19002739726
"9693",0.950752029461287,0.019002739726,0.19002739726
"9694",0.9509841043678,0.019002739726,0.19002739726
"9695",0.950988756111087,0.019002739726,0.19002739726
"9696",0.951083478822238,0.019002739726,0.19002739726
"9697",0.950698100517026,0.019002739726,0.19002739726
"9698",0.95142663664387,0.019002739726,0.19002739726
"9699",0.950371880270699,0.019002739726,0.19002739726
"9700",0.950822998443036,0.019002739726,0.19002739726
"9701",0.950639456668371,0.019002739726,0.19002739726
"9702",0.950946667161226,0.019002739726,0.19002739726
"9703",0.950645030796664,0.019002739726,0.19002739726
"9704",0.950787699659367,0.019002739726,0.19002739726
"9705",0.951359117285616,0.019002739726,0.19002739726
"9706",0.95101672764643,0.019002739726,0.19002739726
"9707",0.950833092587046,0.019002739726,0.19002739726
"9708",0.950820580409802,0.019002739726,0.19002739726
"9709",0.951416849566039,0.019002739726,0.19002739726
"9710",0.950772271084664,0.019002739726,0.19002739726
"9711",0.950942230566029,0.019002739726,0.19002739726
"9712",0.950427041441514,0.019002739726,0.19002739726
"9713",0.950782910201702,0.019002739726,0.19002739726
"9714",0.950947674136313,0.019002739726,0.19002739726
"9715",0.95078411379579,0.019002739726,0.19002739726
"9716",0.950580220607355,0.019002739726,0.19002739726
"9717",0.950635873525167,0.019002739726,0.19002739726
"9718",0.95076842045479,0.019002739726,0.19002739726
"9719",0.95075267879776,0.019002739726,0.19002739726
"9720",0.950795022781014,0.019002739726,0.19002739726
"9721",0.950617474465889,0.019002739726,0.19002739726
"9722",0.951414575223584,0.019002739726,0.19002739726
"9723",0.951191786841608,0.019002739726,0.19002739726
"9724",0.951042265098468,0.019002739726,0.19002739726
"9725",0.950948037815542,0.019002739726,0.19002739726
"9726",0.951191454570096,0.019002739726,0.19002739726
"9727",0.951317383760448,0.019002739726,0.19002739726
"9728",0.95114011203122,0.019002739726,0.19002739726
"9729",0.950445065066252,0.019002739726,0.19002739726
"9730",0.951249633335073,0.019002739726,0.19002739726
"9731",0.95117772427112,0.019002739726,0.19002739726
"9732",0.951450123458646,0.019002739726,0.19002739726
"9733",0.950758675289784,0.019002739726,0.19002739726
"9734",0.951353281593608,0.019002739726,0.19002739726
"9735",0.950685755982959,0.019002739726,0.19002739726
"9736",0.950482504795735,0.019002739726,0.19002739726
"9737",0.950881158396253,0.019002739726,0.19002739726
"9738",0.951239596552196,0.019002739726,0.19002739726
"9739",0.950820103699845,0.019002739726,0.19002739726
"9740",0.950876117382536,0.019002739726,0.19002739726
"9741",0.950968818168586,0.019002739726,0.19002739726
"9742",0.950664841306389,0.019002739726,0.19002739726
"9743",0.950669571011154,0.019002739726,0.19002739726
"9744",0.951167744003841,0.019002739726,0.19002739726
"9745",0.950629986214286,0.019002739726,0.19002739726
"9746",0.95032655083957,0.019002739726,0.19002739726
"9747",0.950946527536608,0.019002739726,0.19002739726
"9748",0.950650679759115,0.019002739726,0.19002739726
"9749",0.950426427017072,0.019002739726,0.19002739726
"9750",0.951011581113205,0.019002739726,0.19002739726
"9751",0.950606737182725,0.019002739726,0.19002739726
"9752",0.950549912243031,0.019002739726,0.19002739726
"9753",0.950441249552571,0.019002739726,0.19002739726
"9754",0.950547558238661,0.019002739726,0.19002739726
"9755",0.950592712664533,0.019002739726,0.19002739726
"9756",0.951095347594362,0.019002739726,0.19002739726
"9757",0.951408672567982,0.019002739726,0.19002739726
"9758",0.951053508872464,0.019002739726,0.19002739726
"9759",0.950496284293407,0.019002739726,0.19002739726
"9760",0.951054617402793,0.019002739726,0.19002739726
"9761",0.950681469498076,0.019002739726,0.19002739726
"9762",0.950724717971131,0.019002739726,0.19002739726
"9763",0.950566281284123,0.019002739726,0.19002739726
"9764",0.950982340609005,0.019002739726,0.19002739726
"9765",0.950641689023558,0.019002739726,0.19002739726
"9766",0.950896350961043,0.019002739726,0.19002739726
"9767",0.95037115389649,0.019002739726,0.19002739726
"9768",0.950830560453772,0.019002739726,0.19002739726
"9769",0.950970423508617,0.019002739726,0.19002739726
"9770",0.950466861854626,0.019002739726,0.19002739726
"9771",0.950854615327792,0.019002739726,0.19002739726
"9772",0.951079828189669,0.019002739726,0.19002739726
"9773",0.950716791885159,0.019002739726,0.19002739726
"9774",0.951038422123072,0.019002739726,0.19002739726
"9775",0.951073901884529,0.019002739726,0.19002739726
"9776",0.95126841711749,0.019002739726,0.19002739726
"9777",0.950776427322373,0.019002739726,0.19002739726
"9778",0.950628516601254,0.019002739726,0.19002739726
"9779",0.951560022557625,0.019002739726,0.19002739726
"9780",0.951069759627923,0.019002739726,0.19002739726
"9781",0.951337120770638,0.019002739726,0.19002739726
"9782",0.951221828239478,0.019002739726,0.19002739726
"9783",0.950876055279313,0.019002739726,0.19002739726
"9784",0.951015369505958,0.019002739726,0.19002739726
"9785",0.951196729144778,0.019002739726,0.19002739726
"9786",0.950667453507345,0.019002739726,0.19002739726
"9787",0.951125628126561,0.019002739726,0.19002739726
"9788",0.95066327559128,0.019002739726,0.19002739726
"9789",0.951075970893721,0.019002739726,0.19002739726
"9790",0.950903098666604,0.019002739726,0.19002739726
"9791",0.950702758548256,0.019002739726,0.19002739726
"9792",0.951038668205738,0.019002739726,0.19002739726
"9793",0.950582322908966,0.019002739726,0.19002739726
"9794",0.950749563017316,0.019002739726,0.19002739726
"9795",0.951143839889994,0.019002739726,0.19002739726
"9796",0.951017273684186,0.019002739726,0.19002739726
"9797",0.950015468468412,0.019002739726,0.19002739726
"9798",0.950942752060649,0.019002739726,0.19002739726
"9799",0.950933803363029,0.019002739726,0.19002739726
"9800",0.950951628897369,0.019002739726,0.19002739726
"9801",0.951470213568861,0.019002739726,0.19002739726
"9802",0.950767918272747,0.019002739726,0.19002739726
"9803",0.950010184398803,0.019002739726,0.19002739726
"9804",0.951403965542168,0.019002739726,0.19002739726
"9805",0.950505141250453,0.019002739726,0.19002739726
"9806",0.950792926954897,0.019002739726,0.19002739726
"9807",0.950640891806086,0.019002739726,0.19002739726
"9808",0.950990955462156,0.019002739726,0.19002739726
"9809",0.951153710075635,0.019002739726,0.19002739726
"9810",0.950683703314588,0.019002739726,0.19002739726
"9811",0.950674708844715,0.019002739726,0.19002739726
"9812",0.950861535302751,0.019002739726,0.19002739726
"9813",0.950689966448091,0.019002739726,0.19002739726
"9814",0.951500483627317,0.019002739726,0.19002739726
"9815",0.950953677324018,0.019002739726,0.19002739726
"9816",0.951575912630155,0.019002739726,0.19002739726
"9817",0.951288797844369,0.019002739726,0.19002739726
"9818",0.950473679845876,0.019002739726,0.19002739726
"9819",0.951318067360613,0.019002739726,0.19002739726
"9820",0.950718852928919,0.019002739726,0.19002739726
"9821",0.950770837431711,0.019002739726,0.19002739726
"9822",0.950997818206474,0.019002739726,0.19002739726
"9823",0.950615750486111,0.019002739726,0.19002739726
"9824",0.950648975541376,0.019002739726,0.19002739726
"9825",0.950922837241857,0.019002739726,0.19002739726
"9826",0.950653436433084,0.019002739726,0.19002739726
"9827",0.950522994073148,0.019002739726,0.19002739726
"9828",0.951208679734799,0.019002739726,0.19002739726
"9829",0.950626111440367,0.019002739726,0.19002739726
"9830",0.950420733717605,0.019002739726,0.19002739726
"9831",0.951329635049516,0.019002739726,0.19002739726
"9832",0.9509887895039,0.019002739726,0.19002739726
"9833",0.950910692406452,0.019002739726,0.19002739726
"9834",0.950885695880013,0.019002739726,0.19002739726
"9835",0.95062492494513,0.019002739726,0.19002739726
"9836",0.949984236206475,0.019002739726,0.19002739726
"9837",0.950440034065683,0.019002739726,0.19002739726
"9838",0.950993469468979,0.019002739726,0.19002739726
"9839",0.950488210252947,0.019002739726,0.19002739726
"9840",0.950729732794842,0.019002739726,0.19002739726
"9841",0.950624667378659,0.019002739726,0.19002739726
"9842",0.950980171199523,0.019002739726,0.19002739726
"9843",0.950761014279257,0.019002739726,0.19002739726
"9844",0.951082238590506,0.019002739726,0.19002739726
"9845",0.951084414140899,0.019002739726,0.19002739726
"9846",0.951240499033139,0.019002739726,0.19002739726
"9847",0.951348370675216,0.019002739726,0.19002739726
"9848",0.951063060752906,0.019002739726,0.19002739726
"9849",0.950882535762628,0.019002739726,0.19002739726
"9850",0.950930380817426,0.019002739726,0.19002739726
"9851",0.950820702670351,0.019002739726,0.19002739726
"9852",0.951220100319841,0.019002739726,0.19002739726
"9853",0.950583617111034,0.019002739726,0.19002739726
"9854",0.949990995441722,0.019002739726,0.19002739726
"9855",0.950836339467794,0.019002739726,0.19002739726
"9856",0.951151017918186,0.019002739726,0.19002739726
"9857",0.950713427099383,0.019002739726,0.19002739726
"9858",0.951082931739113,0.019002739726,0.19002739726
"9859",0.950714039571009,0.019002739726,0.19002739726
"9860",0.950637190379014,0.019002739726,0.19002739726
"9861",0.950596535059563,0.019002739726,0.19002739726
"9862",0.950408188617845,0.019002739726,0.19002739726
"9863",0.950722589162323,0.019002739726,0.19002739726
"9864",0.951088590756471,0.019002739726,0.19002739726
"9865",0.950558182075748,0.019002739726,0.19002739726
"9866",0.950443464025386,0.019002739726,0.19002739726
"9867",0.950619317383857,0.019002739726,0.19002739726
"9868",0.950929694765626,0.019002739726,0.19002739726
"9869",0.950995877152326,0.019002739726,0.19002739726
"9870",0.951169466989372,0.019002739726,0.19002739726
"9871",0.950733958887628,0.019002739726,0.19002739726
"9872",0.950573543085034,0.019002739726,0.19002739726
"9873",0.95055944020528,0.019002739726,0.19002739726
"9874",0.950997595681923,0.019002739726,0.19002739726
"9875",0.950922361148135,0.019002739726,0.19002739726
"9876",0.951199856201195,0.019002739726,0.19002739726
"9877",0.950556994019617,0.019002739726,0.19002739726
"9878",0.950599593407522,0.019002739726,0.19002739726
"9879",0.950755303877287,0.019002739726,0.19002739726
"9880",0.950836756381323,0.019002739726,0.19002739726
"9881",0.9511461048112,0.019002739726,0.19002739726
"9882",0.950871078029404,0.019002739726,0.19002739726
"9883",0.951008954441693,0.019002739726,0.19002739726
"9884",0.950672628524613,0.019002739726,0.19002739726
"9885",0.951285024087086,0.019002739726,0.19002739726
"9886",0.950720478827469,0.019002739726,0.19002739726
"9887",0.951103792118696,0.019002739726,0.19002739726
"9888",0.950523611665971,0.019002739726,0.19002739726
"9889",0.950799944683216,0.019002739726,0.19002739726
"9890",0.950937607107669,0.019002739726,0.19002739726
"9891",0.950718894774869,0.019002739726,0.19002739726
"9892",0.950583239999678,0.019002739726,0.19002739726
"9893",0.950890395575016,0.019002739726,0.19002739726
"9894",0.950593868605549,0.019002739726,0.19002739726
"9895",0.951191894508426,0.019002739726,0.19002739726
"9896",0.950333645824509,0.019002739726,0.19002739726
"9897",0.951208402165124,0.019002739726,0.19002739726
"9898",0.950455173415854,0.019002739726,0.19002739726
"9899",0.951158853175509,0.019002739726,0.19002739726
"9900",0.950940582927159,0.019002739726,0.19002739726
"9901",0.950865996664954,0.019002739726,0.19002739726
"9902",0.950532578267245,0.019002739726,0.19002739726
"9903",0.951073602509947,0.019002739726,0.19002739726
"9904",0.950546098377242,0.019002739726,0.19002739726
"9905",0.950389447455102,0.019002739726,0.19002739726
"9906",0.950875486604003,0.019002739726,0.19002739726
"9907",0.95106522847009,0.019002739726,0.19002739726
"9908",0.951114992028478,0.019002739726,0.19002739726
"9909",0.95049477568434,0.019002739726,0.19002739726
"9910",0.950510320672891,0.019002739726,0.19002739726
"9911",0.951413157545706,0.019002739726,0.19002739726
"9912",0.950863917005456,0.019002739726,0.19002739726
"9913",0.950754344093727,0.019002739726,0.19002739726
"9914",0.951142479815135,0.019002739726,0.19002739726
"9915",0.951099241962842,0.019002739726,0.19002739726
"9916",0.950476112539686,0.019002739726,0.19002739726
"9917",0.950870752365824,0.019002739726,0.19002739726
"9918",0.95106439870691,0.019002739726,0.19002739726
"9919",0.950410733529707,0.019002739726,0.19002739726
"9920",0.95043784494106,0.019002739726,0.19002739726
"9921",0.950974508162739,0.019002739726,0.19002739726
"9922",0.950658071296724,0.019002739726,0.19002739726
"9923",0.950908589925432,0.019002739726,0.19002739726
"9924",0.950399285936179,0.019002739726,0.19002739726
"9925",0.951115694312967,0.019002739726,0.19002739726
"9926",0.950901287441096,0.019002739726,0.19002739726
"9927",0.950533207063965,0.019002739726,0.19002739726
"9928",0.950393142360627,0.019002739726,0.19002739726
"9929",0.951147225481373,0.019002739726,0.19002739726
"9930",0.950731477724999,0.019002739726,0.19002739726
"9931",0.950927296097825,0.019002739726,0.19002739726
"9932",0.950669044882265,0.019002739726,0.19002739726
"9933",0.951051233700199,0.019002739726,0.19002739726
"9934",0.949931618446428,0.019002739726,0.19002739726
"9935",0.951087524759659,0.019002739726,0.19002739726
"9936",0.950679911784483,0.019002739726,0.19002739726
"9937",0.951105271488898,0.019002739726,0.19002739726
"9938",0.950535660132623,0.019002739726,0.19002739726
"9939",0.950533600839625,0.019002739726,0.19002739726
"9940",0.950847505071283,0.019002739726,0.19002739726
"9941",0.950819259110483,0.019002739726,0.19002739726
"9942",0.950868412832742,0.019002739726,0.19002739726
"9943",0.951134818651588,0.019002739726,0.19002739726
"9944",0.950620448114046,0.019002739726,0.19002739726
"9945",0.950457423282091,0.019002739726,0.19002739726
"9946",0.95096996055318,0.019002739726,0.19002739726
"9947",0.95091409346959,0.019002739726,0.19002739726
"9948",0.951090325545893,0.019002739726,0.19002739726
"9949",0.9510252927911,0.019002739726,0.19002739726
"9950",0.950396826683054,0.019002739726,0.19002739726
"9951",0.950603267391915,0.019002739726,0.19002739726
"9952",0.950918301282357,0.019002739726,0.19002739726
"9953",0.950772438768713,0.019002739726,0.19002739726
"9954",0.950898777521961,0.019002739726,0.19002739726
"9955",0.950761421516294,0.019002739726,0.19002739726
"9956",0.951040492080325,0.019002739726,0.19002739726
"9957",0.950988614390076,0.019002739726,0.19002739726
"9958",0.951274405657865,0.019002739726,0.19002739726
"9959",0.950859046623356,0.019002739726,0.19002739726
"9960",0.950327117281533,0.019002739726,0.19002739726
"9961",0.951600154371545,0.019002739726,0.19002739726
"9962",0.951111723496842,0.019002739726,0.19002739726
"9963",0.951402485500754,0.019002739726,0.19002739726
"9964",0.950499471765299,0.019002739726,0.19002739726
"9965",0.951305209035103,0.019002739726,0.19002739726
"9966",0.950673040765163,0.019002739726,0.19002739726
"9967",0.950780583435813,0.019002739726,0.19002739726
"9968",0.951425703860838,0.019002739726,0.19002739726
"9969",0.951360324789271,0.019002739726,0.19002739726
"9970",0.950968096700149,0.019002739726,0.19002739726
"9971",0.950862557455002,0.019002739726,0.19002739726
"9972",0.951037383605292,0.019002739726,0.19002739726
"9973",0.951306351861191,0.019002739726,0.19002739726
"9974",0.950780233312528,0.019002739726,0.19002739726
"9975",0.950758468557807,0.019002739726,0.19002739726
"9976",0.950888869411772,0.019002739726,0.19002739726
"9977",0.951219362682355,0.019002739726,0.19002739726
"9978",0.950565567896636,0.019002739726,0.19002739726
"9979",0.951096979370697,0.019002739726,0.19002739726
"9980",0.951256782895516,0.019002739726,0.19002739726
"9981",0.951063110335505,0.019002739726,0.19002739726
"9982",0.951165566055765,0.019002739726,0.19002739726
"9983",0.951151496762831,0.019002739726,0.19002739726
"9984",0.950912458212035,0.019002739726,0.19002739726
"9985",0.950656877644971,0.019002739726,0.19002739726
"9986",0.950749283706008,0.019002739726,0.19002739726
"9987",0.950777648403265,0.019002739726,0.19002739726
"9988",0.950595480462088,0.019002739726,0.19002739726
"9989",0.950824369599499,0.019002739726,0.19002739726
"9990",0.951428293742624,0.019002739726,0.19002739726
"9991",0.950897753285713,0.019002739726,0.19002739726
"9992",0.951350281044406,0.019002739726,0.19002739726
"9993",0.951116707181688,0.019002739726,0.19002739726
"9994",0.951302554094354,0.019002739726,0.19002739726
"9995",0.950445168892596,0.019002739726,0.19002739726
"9996",0.950918910234808,0.019002739726,0.19002739726
"9997",0.950515364558452,0.019002739726,0.19002739726
"9998",0.950444452687719,0.019002739726,0.19002739726
"9999",0.951115443062314,0.019002739726,0.19002739726
"10000",0.951076320331732,0.019002739726,0.19002739726
"10001",0.951071003080606,0.019002739726,0.19002739726
"10002",0.95230571806092,0.02,0.2
"10003",0.952027001902812,0.02,0.2
"10004",0.952233004883877,0.02,0.2
"10005",0.952326353733578,0.02,0.2
"10006",0.951504641674384,0.02,0.2
"10007",0.952188174883362,0.02,0.2
"10008",0.952008620901344,0.02,0.2
"10009",0.951518904658041,0.02,0.2
"10010",0.952157662362249,0.02,0.2
"10011",0.952049470084965,0.02,0.2
"10012",0.952303923763008,0.02,0.2
"10013",0.95179920325572,0.02,0.2
"10014",0.951978674190427,0.02,0.2
"10015",0.951999995312637,0.02,0.2
"10016",0.952538453285615,0.02,0.2
"10017",0.952232510688953,0.02,0.2
"10018",0.952035641237175,0.02,0.2
"10019",0.952005866515109,0.02,0.2
"10020",0.952369329505503,0.02,0.2
"10021",0.951650559095349,0.02,0.2
"10022",0.951646249736029,0.02,0.2
"10023",0.951641959186776,0.02,0.2
"10024",0.951731538564522,0.02,0.2
"10025",0.951115345109856,0.02,0.2
"10026",0.952034164113528,0.02,0.2
"10027",0.951663247910331,0.02,0.2
"10028",0.952030286652919,0.02,0.2
"10029",0.951513051957725,0.02,0.2
"10030",0.951386956669679,0.02,0.2
"10031",0.951940592681706,0.02,0.2
"10032",0.95197643449723,0.02,0.2
"10033",0.952086968840945,0.02,0.2
"10034",0.951873938556546,0.02,0.2
"10035",0.951614734870652,0.02,0.2
"10036",0.95178877099141,0.02,0.2
"10037",0.951475158339831,0.02,0.2
"10038",0.951960222914996,0.02,0.2
"10039",0.951856237208769,0.02,0.2
"10040",0.951936272809255,0.02,0.2
"10041",0.952095960708361,0.02,0.2
"10042",0.951949997614833,0.02,0.2
"10043",0.952103236755495,0.02,0.2
"10044",0.951949189545004,0.02,0.2
"10045",0.951548025850286,0.02,0.2
"10046",0.952188264244886,0.02,0.2
"10047",0.952071369582248,0.02,0.2
"10048",0.952146929665188,0.02,0.2
"10049",0.951432177561593,0.02,0.2
"10050",0.951685273079423,0.02,0.2
"10051",0.951789916525139,0.02,0.2
"10052",0.952149481213499,0.02,0.2
"10053",0.951827261786482,0.02,0.2
"10054",0.95165931821268,0.02,0.2
"10055",0.951607895210005,0.02,0.2
"10056",0.952586996016052,0.02,0.2
"10057",0.952680385900809,0.02,0.2
"10058",0.952072054906134,0.02,0.2
"10059",0.951868867787247,0.02,0.2
"10060",0.95230640387967,0.02,0.2
"10061",0.952368085402248,0.02,0.2
"10062",0.952007052898093,0.02,0.2
"10063",0.951954408927128,0.02,0.2
"10064",0.951623418440876,0.02,0.2
"10065",0.951817941076877,0.02,0.2
"10066",0.951290918268349,0.02,0.2
"10067",0.952310980899485,0.02,0.2
"10068",0.951522256518438,0.02,0.2
"10069",0.952216418460825,0.02,0.2
"10070",0.951982230159836,0.02,0.2
"10071",0.951820627831868,0.02,0.2
"10072",0.952089921943748,0.02,0.2
"10073",0.952420475685905,0.02,0.2
"10074",0.952101693144638,0.02,0.2
"10075",0.952300737428464,0.02,0.2
"10076",0.952040754763727,0.02,0.2
"10077",0.951577058673951,0.02,0.2
"10078",0.952137610400463,0.02,0.2
"10079",0.951781829914888,0.02,0.2
"10080",0.952011864575496,0.02,0.2
"10081",0.951336234587182,0.02,0.2
"10082",0.952240701892878,0.02,0.2
"10083",0.951816607669162,0.02,0.2
"10084",0.952323416203718,0.02,0.2
"10085",0.951262270123911,0.02,0.2
"10086",0.952123745479865,0.02,0.2
"10087",0.951938599891834,0.02,0.2
"10088",0.952313079052477,0.02,0.2
"10089",0.951935550682253,0.02,0.2
"10090",0.952351031738672,0.02,0.2
"10091",0.952015424155796,0.02,0.2
"10092",0.951642866406324,0.02,0.2
"10093",0.952152325600508,0.02,0.2
"10094",0.952559406705387,0.02,0.2
"10095",0.952181599804489,0.02,0.2
"10096",0.952184241219788,0.02,0.2
"10097",0.951650852718838,0.02,0.2
"10098",0.951855606321638,0.02,0.2
"10099",0.951614708741653,0.02,0.2
"10100",0.951440613922164,0.02,0.2
"10101",0.951800619120414,0.02,0.2
"10102",0.952352914622769,0.02,0.2
"10103",0.951904244349491,0.02,0.2
"10104",0.95259306405225,0.02,0.2
"10105",0.951643055211442,0.02,0.2
"10106",0.952708121564365,0.02,0.2
"10107",0.952533740447634,0.02,0.2
"10108",0.951885030709919,0.02,0.2
"10109",0.952139257010264,0.02,0.2
"10110",0.951617457498766,0.02,0.2
"10111",0.952219737314004,0.02,0.2
"10112",0.951849497142017,0.02,0.2
"10113",0.95161616702086,0.02,0.2
"10114",0.952232620399602,0.02,0.2
"10115",0.952175934199563,0.02,0.2
"10116",0.952034833805039,0.02,0.2
"10117",0.952114208345361,0.02,0.2
"10118",0.95189162251199,0.02,0.2
"10119",0.952147611355496,0.02,0.2
"10120",0.952150605616304,0.02,0.2
"10121",0.951761985505377,0.02,0.2
"10122",0.952338333922893,0.02,0.2
"10123",0.952409275492612,0.02,0.2
"10124",0.95143927282087,0.02,0.2
"10125",0.952056126281842,0.02,0.2
"10126",0.951778057557291,0.02,0.2
"10127",0.952289890964658,0.02,0.2
"10128",0.951852742014706,0.02,0.2
"10129",0.951956026685146,0.02,0.2
"10130",0.952114559008297,0.02,0.2
"10131",0.952118208732211,0.02,0.2
"10132",0.952133643483549,0.02,0.2
"10133",0.951963259441838,0.02,0.2
"10134",0.951927843182707,0.02,0.2
"10135",0.95190309405712,0.02,0.2
"10136",0.951860916834625,0.02,0.2
"10137",0.952359313319028,0.02,0.2
"10138",0.95215468351794,0.02,0.2
"10139",0.952104913485142,0.02,0.2
"10140",0.951955890086129,0.02,0.2
"10141",0.952181946765413,0.02,0.2
"10142",0.952107545929993,0.02,0.2
"10143",0.951764959267182,0.02,0.2
"10144",0.951930761924193,0.02,0.2
"10145",0.951524580801505,0.02,0.2
"10146",0.951977623954739,0.02,0.2
"10147",0.951826874540213,0.02,0.2
"10148",0.951954967086156,0.02,0.2
"10149",0.951846844539038,0.02,0.2
"10150",0.951524187437033,0.02,0.2
"10151",0.952072504257044,0.02,0.2
"10152",0.952190814734836,0.02,0.2
"10153",0.951400106228097,0.02,0.2
"10154",0.951974841684179,0.02,0.2
"10155",0.951938868217115,0.02,0.2
"10156",0.951874753339606,0.02,0.2
"10157",0.952092338633378,0.02,0.2
"10158",0.951941483045985,0.02,0.2
"10159",0.951477876158307,0.02,0.2
"10160",0.951948004052476,0.02,0.2
"10161",0.951928536935934,0.02,0.2
"10162",0.952070808722116,0.02,0.2
"10163",0.951608684479073,0.02,0.2
"10164",0.952486452235765,0.02,0.2
"10165",0.952464113278637,0.02,0.2
"10166",0.951677193600903,0.02,0.2
"10167",0.95194500492059,0.02,0.2
"10168",0.952211337423418,0.02,0.2
"10169",0.951602270011534,0.02,0.2
"10170",0.951824129792951,0.02,0.2
"10171",0.951889538198849,0.02,0.2
"10172",0.951957634906847,0.02,0.2
"10173",0.951848651608563,0.02,0.2
"10174",0.95158705208966,0.02,0.2
"10175",0.952119176704242,0.02,0.2
"10176",0.952043132501341,0.02,0.2
"10177",0.952698767549208,0.02,0.2
"10178",0.951536033308678,0.02,0.2
"10179",0.951776108667065,0.02,0.2
"10180",0.951293178989994,0.02,0.2
"10181",0.952036751934966,0.02,0.2
"10182",0.951809553570966,0.02,0.2
"10183",0.951774191646154,0.02,0.2
"10184",0.951372767924259,0.02,0.2
"10185",0.951656615608419,0.02,0.2
"10186",0.951756442488781,0.02,0.2
"10187",0.951905959742843,0.02,0.2
"10188",0.951786846340793,0.02,0.2
"10189",0.951723030481744,0.02,0.2
"10190",0.951895535849329,0.02,0.2
"10191",0.95230014171631,0.02,0.2
"10192",0.952064790458066,0.02,0.2
"10193",0.95223431560786,0.02,0.2
"10194",0.951811693683984,0.02,0.2
"10195",0.952142853482762,0.02,0.2
"10196",0.95226485697789,0.02,0.2
"10197",0.951329179074467,0.02,0.2
"10198",0.95136371593116,0.02,0.2
"10199",0.951353042235116,0.02,0.2
"10200",0.951461227635893,0.02,0.2
"10201",0.952032283392777,0.02,0.2
"10202",0.951977585287113,0.02,0.2
"10203",0.952711739485574,0.02,0.2
"10204",0.952378251813886,0.02,0.2
"10205",0.952432688527243,0.02,0.2
"10206",0.952314340200765,0.02,0.2
"10207",0.952111103873848,0.02,0.2
"10208",0.951642000172801,0.02,0.2
"10209",0.951903859163572,0.02,0.2
"10210",0.951208325157112,0.02,0.2
"10211",0.95175425009573,0.02,0.2
"10212",0.952379806201387,0.02,0.2
"10213",0.952016422469779,0.02,0.2
"10214",0.951233975165091,0.02,0.2
"10215",0.952509451039384,0.02,0.2
"10216",0.951634786821585,0.02,0.2
"10217",0.952389900024654,0.02,0.2
"10218",0.952129212108387,0.02,0.2
"10219",0.952439094444982,0.02,0.2
"10220",0.952095777136989,0.02,0.2
"10221",0.951927342918344,0.02,0.2
"10222",0.951549450521397,0.02,0.2
"10223",0.952030618656965,0.02,0.2
"10224",0.95144554871225,0.02,0.2
"10225",0.951713619189235,0.02,0.2
"10226",0.951881084346263,0.02,0.2
"10227",0.952118857154247,0.02,0.2
"10228",0.952072798739992,0.02,0.2
"10229",0.952089021351514,0.02,0.2
"10230",0.951834129642824,0.02,0.2
"10231",0.952004353888515,0.02,0.2
"10232",0.951929405415998,0.02,0.2
"10233",0.95214435929076,0.02,0.2
"10234",0.951726887513574,0.02,0.2
"10235",0.952046930520587,0.02,0.2
"10236",0.951569522098314,0.02,0.2
"10237",0.952823477295568,0.02,0.2
"10238",0.952349239386166,0.02,0.2
"10239",0.951739987788956,0.02,0.2
"10240",0.951624514875494,0.02,0.2
"10241",0.952096142762912,0.02,0.2
"10242",0.952487734372203,0.02,0.2
"10243",0.952408255898639,0.02,0.2
"10244",0.952124508668979,0.02,0.2
"10245",0.951604296868105,0.02,0.2
"10246",0.951364701547342,0.02,0.2
"10247",0.95191364445433,0.02,0.2
"10248",0.951668717514175,0.02,0.2
"10249",0.952129763984393,0.02,0.2
"10250",0.95218226388923,0.02,0.2
"10251",0.951868754535683,0.02,0.2
"10252",0.952341088119598,0.02,0.2
"10253",0.951977949290542,0.02,0.2
"10254",0.952017180278153,0.02,0.2
"10255",0.952229444404052,0.02,0.2
"10256",0.951506165287378,0.02,0.2
"10257",0.952210952801796,0.02,0.2
"10258",0.951687531520465,0.02,0.2
"10259",0.95200130157726,0.02,0.2
"10260",0.952386566686341,0.02,0.2
"10261",0.952103184899891,0.02,0.2
"10262",0.952084732517707,0.02,0.2
"10263",0.951495563357115,0.02,0.2
"10264",0.951617553237341,0.02,0.2
"10265",0.95150424529554,0.02,0.2
"10266",0.952013538956754,0.02,0.2
"10267",0.952415023393039,0.02,0.2
"10268",0.951952638782958,0.02,0.2
"10269",0.951644693798364,0.02,0.2
"10270",0.951805689400077,0.02,0.2
"10271",0.951969704114442,0.02,0.2
"10272",0.952300189289698,0.02,0.2
"10273",0.951995635193867,0.02,0.2
"10274",0.95208800379398,0.02,0.2
"10275",0.951614748803678,0.02,0.2
"10276",0.952116942926498,0.02,0.2
"10277",0.952074134371788,0.02,0.2
"10278",0.952066417874039,0.02,0.2
"10279",0.951739244651285,0.02,0.2
"10280",0.951727727287897,0.02,0.2
"10281",0.951804656392189,0.02,0.2
"10282",0.951884511033517,0.02,0.2
"10283",0.951959362518258,0.02,0.2
"10284",0.951877415285707,0.02,0.2
"10285",0.9524099329054,0.02,0.2
"10286",0.951945678063275,0.02,0.2
"10287",0.951917053319289,0.02,0.2
"10288",0.952171069693604,0.02,0.2
"10289",0.951719191672758,0.02,0.2
"10290",0.951995265358307,0.02,0.2
"10291",0.952260393751219,0.02,0.2
"10292",0.951345919034075,0.02,0.2
"10293",0.951907011775612,0.02,0.2
"10294",0.952574827604509,0.02,0.2
"10295",0.9518464098511,0.02,0.2
"10296",0.951723658007091,0.02,0.2
"10297",0.9515070354742,0.02,0.2
"10298",0.951990360357406,0.02,0.2
"10299",0.951492877868074,0.02,0.2
"10300",0.951952760873706,0.02,0.2
"10301",0.951652274135743,0.02,0.2
"10302",0.952326447925681,0.02,0.2
"10303",0.9519812095484,0.02,0.2
"10304",0.952038463083965,0.02,0.2
"10305",0.95225332333489,0.02,0.2
"10306",0.951654800455554,0.02,0.2
"10307",0.951350669090581,0.02,0.2
"10308",0.951844250517881,0.02,0.2
"10309",0.95221522564629,0.02,0.2
"10310",0.951683666473891,0.02,0.2
"10311",0.951669628157524,0.02,0.2
"10312",0.95227431077078,0.02,0.2
"10313",0.951653687732788,0.02,0.2
"10314",0.95153535016005,0.02,0.2
"10315",0.951592476138828,0.02,0.2
"10316",0.951578046370301,0.02,0.2
"10317",0.95189052031964,0.02,0.2
"10318",0.952283855067641,0.02,0.2
"10319",0.95222750246482,0.02,0.2
"10320",0.952820788856704,0.02,0.2
"10321",0.951324930138229,0.02,0.2
"10322",0.951671634980142,0.02,0.2
"10323",0.952239289840935,0.02,0.2
"10324",0.952439043462765,0.02,0.2
"10325",0.952312395930976,0.02,0.2
"10326",0.951648174991721,0.02,0.2
"10327",0.951726362407501,0.02,0.2
"10328",0.952274600914731,0.02,0.2
"10329",0.951663937402212,0.02,0.2
"10330",0.952600612420073,0.02,0.2
"10331",0.95228977468195,0.02,0.2
"10332",0.951430188476108,0.02,0.2
"10333",0.951610795432568,0.02,0.2
"10334",0.952157509839572,0.02,0.2
"10335",0.951757066223136,0.02,0.2
"10336",0.951243493494899,0.02,0.2
"10337",0.952181288026676,0.02,0.2
"10338",0.951852638305446,0.02,0.2
"10339",0.95163021240454,0.02,0.2
"10340",0.952072847494474,0.02,0.2
"10341",0.951738680396534,0.02,0.2
"10342",0.952108020777203,0.02,0.2
"10343",0.952561951680612,0.02,0.2
"10344",0.951835839563925,0.02,0.2
"10345",0.951651088918465,0.02,0.2
"10346",0.952269130874004,0.02,0.2
"10347",0.951538973369454,0.02,0.2
"10348",0.951792985848682,0.02,0.2
"10349",0.952279133495583,0.02,0.2
"10350",0.951670532434762,0.02,0.2
"10351",0.951979139896168,0.02,0.2
"10352",0.95217851484816,0.02,0.2
"10353",0.951588187985419,0.02,0.2
"10354",0.951690229947058,0.02,0.2
"10355",0.951901545103804,0.02,0.2
"10356",0.952072936108765,0.02,0.2
"10357",0.952282693800604,0.02,0.2
"10358",0.95229360484518,0.02,0.2
"10359",0.951868068193546,0.02,0.2
"10360",0.951942536682642,0.02,0.2
"10361",0.952136459208586,0.02,0.2
"10362",0.952304900188415,0.02,0.2
"10363",0.95239227052087,0.02,0.2
"10364",0.951474338965652,0.02,0.2
"10365",0.95171895958089,0.02,0.2
"10366",0.951955374895489,0.02,0.2
"10367",0.951922844564341,0.02,0.2
"10368",0.95199720763387,0.02,0.2
"10369",0.951940353426755,0.02,0.2
"10370",0.951725187134024,0.02,0.2
"10371",0.951453388312145,0.02,0.2
"10372",0.9521983299273,0.02,0.2
"10373",0.952389506436136,0.02,0.2
"10374",0.95219537589014,0.02,0.2
"10375",0.952111912458663,0.02,0.2
"10376",0.951419020926279,0.02,0.2
"10377",0.952305975184331,0.02,0.2
"10378",0.951850671292842,0.02,0.2
"10379",0.952049452000424,0.02,0.2
"10380",0.951775230890559,0.02,0.2
"10381",0.951697454141593,0.02,0.2
"10382",0.951746305827758,0.02,0.2
"10383",0.952030138684391,0.02,0.2
"10384",0.951752762690498,0.02,0.2
"10385",0.952367921847302,0.02,0.2
"10386",0.952057577232073,0.02,0.2
"10387",0.951730894477557,0.02,0.2
"10388",0.952170861167404,0.02,0.2
"10389",0.952001922904272,0.02,0.2
"10390",0.951780665704833,0.02,0.2
"10391",0.951696170225952,0.02,0.2
"10392",0.951437679086519,0.02,0.2
"10393",0.951973874598682,0.02,0.2
"10394",0.952005817027399,0.02,0.2
"10395",0.951262997744395,0.02,0.2
"10396",0.951016880827678,0.02,0.2
"10397",0.951511838833306,0.02,0.2
"10398",0.951628617619951,0.02,0.2
"10399",0.952193878239562,0.02,0.2
"10400",0.952081860015691,0.02,0.2
"10401",0.951846332066851,0.02,0.2
"10402",0.951849550624265,0.02,0.2
"10403",0.952220682690569,0.02,0.2
"10404",0.951893437259543,0.02,0.2
"10405",0.951578730693162,0.02,0.2
"10406",0.95219998243884,0.02,0.2
"10407",0.952226875305441,0.02,0.2
"10408",0.952132062292261,0.02,0.2
"10409",0.951250937509909,0.02,0.2
"10410",0.95195710781405,0.02,0.2
"10411",0.952344836015276,0.02,0.2
"10412",0.951872528374975,0.02,0.2
"10413",0.951801588193098,0.02,0.2
"10414",0.95214235738205,0.02,0.2
"10415",0.952000941199854,0.02,0.2
"10416",0.951743770205479,0.02,0.2
"10417",0.951802426736772,0.02,0.2
"10418",0.952349666504962,0.02,0.2
"10419",0.952073388240176,0.02,0.2
"10420",0.952455311066554,0.02,0.2
"10421",0.952143261251295,0.02,0.2
"10422",0.951742897947616,0.02,0.2
"10423",0.952449899637879,0.02,0.2
"10424",0.951796725922642,0.02,0.2
"10425",0.951565413760356,0.02,0.2
"10426",0.951737182476385,0.02,0.2
"10427",0.951837949402279,0.02,0.2
"10428",0.952211531351421,0.02,0.2
"10429",0.952472384051578,0.02,0.2
"10430",0.951461481176151,0.02,0.2
"10431",0.952225840537121,0.02,0.2
"10432",0.951370753292194,0.02,0.2
"10433",0.95226680555299,0.02,0.2
"10434",0.951818558585233,0.02,0.2
"10435",0.952156469164819,0.02,0.2
"10436",0.952474228914362,0.02,0.2
"10437",0.951714950056344,0.02,0.2
"10438",0.952258892779433,0.02,0.2
"10439",0.952214034566653,0.02,0.2
"10440",0.951765787362301,0.02,0.2
"10441",0.951801162202121,0.02,0.2
"10442",0.95162956659678,0.02,0.2
"10443",0.952366900260187,0.02,0.2
"10444",0.952122417234294,0.02,0.2
"10445",0.951841035286841,0.02,0.2
"10446",0.952457231456512,0.02,0.2
"10447",0.951565008914055,0.02,0.2
"10448",0.952038082470089,0.02,0.2
"10449",0.951809808974324,0.02,0.2
"10450",0.952176415223949,0.02,0.2
"10451",0.951994138204233,0.02,0.2
"10452",0.95253376913948,0.02,0.2
"10453",0.9517905630937,0.02,0.2
"10454",0.951854013742356,0.02,0.2
"10455",0.951768711832765,0.02,0.2
"10456",0.951533212953305,0.02,0.2
"10457",0.951921022826747,0.02,0.2
"10458",0.951901005220702,0.02,0.2
"10459",0.951961016705614,0.02,0.2
"10460",0.951846110292775,0.02,0.2
"10461",0.951674766225914,0.02,0.2
"10462",0.952163628578896,0.02,0.2
"10463",0.951915850871342,0.02,0.2
"10464",0.952158030034498,0.02,0.2
"10465",0.951884990753461,0.02,0.2
"10466",0.951999292461339,0.02,0.2
"10467",0.951972341675131,0.02,0.2
"10468",0.951925423995528,0.02,0.2
"10469",0.952044341423877,0.02,0.2
"10470",0.952367570634963,0.02,0.2
"10471",0.95157559866411,0.02,0.2
"10472",0.951437439669709,0.02,0.2
"10473",0.952480351647008,0.02,0.2
"10474",0.951815488360185,0.02,0.2
"10475",0.952068039730238,0.02,0.2
"10476",0.951966122600965,0.02,0.2
"10477",0.951552036051151,0.02,0.2
"10478",0.952458096091303,0.02,0.2
"10479",0.951779268773871,0.02,0.2
"10480",0.952125209989213,0.02,0.2
"10481",0.952186977170257,0.02,0.2
"10482",0.951269847829713,0.02,0.2
"10483",0.951856586990841,0.02,0.2
"10484",0.951987307757175,0.02,0.2
"10485",0.951632370433692,0.02,0.2
"10486",0.951661429769948,0.02,0.2
"10487",0.951976190836155,0.02,0.2
"10488",0.95149047569523,0.02,0.2
"10489",0.951745851068678,0.02,0.2
"10490",0.952151648071432,0.02,0.2
"10491",0.951577956678573,0.02,0.2
"10492",0.952270077607185,0.02,0.2
"10493",0.951743223587974,0.02,0.2
"10494",0.951736482574509,0.02,0.2
"10495",0.951597642150235,0.02,0.2
"10496",0.951721954029863,0.02,0.2
"10497",0.952009748926863,0.02,0.2
"10498",0.951656929672726,0.02,0.2
"10499",0.951857113742026,0.02,0.2
"10500",0.951439573589642,0.02,0.2
"10501",0.951922341201773,0.02,0.2
